{
  "id" : "adenoid_cystic_basaloid_pattern_86314",
  "algorithm" : "eod_public",
  "version" : "1.0",
  "name" : "Adenoid Cystic Basaloid Pattern",
  "title" : "Adenoid Cystic Basaloid Pattern",
  "notes" : "**Note 1:** Physician statement of basaloid pattern can be used to code this data item when no other information is available.\n\n**Note 2:** This is most commonly found in Adenoid Cystic Carcinoma (8200/3), but can be present in other histologies.",
  "last_modified" : "2018-03-12T16:39:56.983Z",
  "definition" : [ {
    "key" : "adenoid_cystic_basaloid_pattern",
    "name" : "Code",
    "type" : "INPUT"
  }, {
    "key" : "description",
    "name" : "Description",
    "type" : "DESCRIPTION"
  } ],
  "rows" : [ [ "0.0-100.0", "0.0 to 100.0 percent basaloid pattern" ], [ "XXX.5", "Basaloid pattern present, percentage not stated" ], [ "XXX.8", "Not applicable: Information not collected for this case\n(If this item is required by your standard setter, use of code XXX.8 will result in an edit error.)" ], [ "XXX.9", "Not documented in medical record\nAdenoid Cystic Basaloid Pattern not assessed or unknown if assessed" ] ]
}