{
  "id" : "adnexa_uterine_other_97891",
  "algorithm" : "eod_public",
  "version" : "1.0",
  "name" : "SS2018: Adnexa Uterine Other",
  "title" : "Summary Stage 2018: Adnexa Uterine Other",
  "subtitle" : "Summary Stage 2018",
  "notes" : "**Adnexa Uterine Other**\n\nC571-C574\nC571  Broad ligament\nC572  Round ligament\nC573  Parametrium\nC574  Uterine adnexa\n\n**Note 1:** The following sources were used in the development of this schema\n* SEER Extent of Disease 1988: Codes and Coding Instructions (3rd Edition, 1998) (https://seer.cancer.gov/archive/manuals/EOD10Dig.3rd.pdf)\n* SEER Summary Staging Manual-2000: Codes and Coding Instructions (https://seer.cancer.gov/tools/ssm/)\n* Collaborative Stage Data Collection System, version 02.05:  https://cancerstaging.org/cstage/Pages/default.aspx \n\n**Note 2:** Summary Stage is the only applicable staging system for this site/histology/schema.",
  "footnotes" : "(1) Fritz AG, Ries LAG (eds). **SEER Extent of Disease 1988: Codes and Coding Instructions (3rd Edition, 1998)**, National Cancer Institute, NIH Pub. No. 98-2313, Bethesda, MD, 1998\n\n(2) Young JL Jr, Roffers SD, Ries LAG, Fritz AG, Hurlbut AA (eds.). **SEER Summary Staging Manual-2000: Codes and Coding Instructions**, National Cancer Institute, NIH Pub. No. 01-4969, Bethesda, MD, 2001.\n\n(3) Collaborative Stage Work Group of the American Joint Committee on Cancer. **Collaborative Stage Data Collection System User Documentation and Coding Instructions, version 02.05.** American Joint Committee on Cancer (Chicago, IL)",
  "last_modified" : "2018-03-12T16:39:57.703Z",
  "definition" : [ {
    "key" : "ss2018",
    "name" : "SS2018",
    "type" : "INPUT"
  }, {
    "key" : "description",
    "name" : "Description",
    "type" : "DESCRIPTION"
  } ],
  "rows" : [ [ "0", "In situ: noninvasive, intraepithelial" ], [ "1", "Localized only (localized, NOS)\n- Confined to tissue or organ of origin" ], [ "2", "Regional by direct extension only\n- Corpus uteri\n- Fallopian tube for ligaments\n- Mesosalpinx, ipsilateral\n- Ovary, ipsilateral \n- Peritoneum\n- Uterus, NOS" ], [ "3", "Regional lymph node(s) involved only\n- Aortic, NOS\n    + Lateral (lumbar)\n    + Para-aortic\n    + Periaortic\n- Iliac, NOS\n    + Common\n    + External\n    + Internal (hypogastric)\n       * Obturator\n- Inguinal\n- Lateral sacral (laterosacral)\n- Pelvic, NOS    \n- Retroperitoneal, NOS\n- Regional lymph node(s), NOS\n  + Lymph node(s), NOS" ], [ "4", "Regional by BOTH direct extension AND regional lymph node(s) involved\n- Codes (2) + (3)" ], [ "7", "Distant site(s)/lymph node(s) involved\n- Distant site(s) (including further contiguous extension)\n  + Cervix uteri\n  + Cul de sac (rectouterine pouch)\n  + Omentum\n  + Ovary, contralateral\n  + Rectosigmoid\n  + Sigmoid\n  + Small intestine\n- Distant lymph node(s), NOS\n- Distant metastasis, NOS\n  + Carcinomatosis\n  + Distant metastasis WITH or WITHOUT distant lymph node(s)" ], [ "9", "Unknown if extension or metastasis" ] ]
}