{
  "id" : "adnexa_uterine_other_36223",
  "algorithm" : "eod_public",
  "version" : "1.0",
  "name" : "SS2018: Biliary Other",
  "title" : "Summary Stage 2018: Biliary Other",
  "subtitle" : "Summary Stage 2018",
  "notes" : "**Biliary Other**\n\nC248, C249\nC248 Overlapping lesion of biliary tract (neoplasms involving both intrahepatic and extrahepatic bile ducts) \nC249 Biliary tract, NOS\n\n**Note 1:** The following sources were used in the development of this schema\n* SEER Extent of Disease 1988: Codes and Coding Instructions (3rd Edition, 1998) (https://seer.cancer.gov/archive/manuals/EOD10Dig.3rd.pdf)\n* SEER Summary Staging Manual-2000: Codes and Coding Instructions (https://seer.cancer.gov/tools/ssm/)\n* Collaborative Stage Data Collection System, version 02.05:  https://cancerstaging.org/cstage/Pages/default.aspx \n\n**Note 2:** Summary Stage is the only applicable staging system for this site/histology/schema.",
  "footnotes" : "(1) Fritz AG, Ries LAG (eds). **SEER Extent of Disease 1988: Codes and Coding Instructions (3rd Edition, 1998)**, National Cancer Institute, NIH Pub. No. 98-2313, Bethesda, MD, 1998\n\n(2) Young JL Jr, Roffers SD, Ries LAG, Fritz AG, Hurlbut AA (eds.). **SEER Summary Staging Manual-2000: Codes and Coding Instructions**, National Cancer Institute, NIH Pub. No. 01-4969, Bethesda, MD, 2001.\n\n(3) Collaborative Stage Work Group of the American Joint Committee on Cancer. **Collaborative Stage Data Collection System User Documentation and Coding Instructions, version 02.05.** American Joint Committee on Cancer (Chicago, IL)",
  "last_modified" : "2018-03-12T16:39:58.668Z",
  "definition" : [ {
    "key" : "ss2018",
    "name" : "SS2018",
    "type" : "INPUT"
  }, {
    "key" : "description",
    "name" : "Description",
    "type" : "DESCRIPTION"
  } ],
  "rows" : [ [ "0", "In situ, intraepithelial, noninvasive" ], [ "1", "Localized only (localized, NOS)\n- Confined to bile duct, NOS\n- Lamina propria\n- Mucosa, NOS\n- Muscularis propria\n- Submucosa (superficial invasion)" ], [ "2", "Regional by direct extension only\n- Ampulla of Vater\n- Beyond wall of bile duct\n- Duodenum\n- Gallbladder\n   + Unilateral branches of the right or left hepatic artery OR portal vein\n- Invasion of/through serosa\n- Liver, less than or equal to 2 cm or UNKNOWN\n- Omentum (greater or lesser)\n- Pancreas\n- Perimuscular connective tissue\n- Small intestine" ], [ "3", "Regional lymph node(s) involved only\n- Celiac\n- Cystic duct (node of Calot)\n- Node of foramen of Winslow (epiploic) (omental) \n- Pancreaticoduodenal\n- Pericholedochal (common bile duct)\n- Periduodenal\n- Peripancreatic (near head of pancreas only)\n- Porta hepatis (portal) (periportal) (hilar)\n- Superior mesenteric    \n- Regional lymph node(s), NOS\n  + Lymph node(s), NOS" ], [ "4", "Regional by BOTH direct extension AND regional lymph node(s) involved\n- Codes (2) + (3)" ], [ "7", "Distant site(s)/lymph node(s) involved\n- Distant site(s) (including further contiguous extension)\n  + Abdominal wall\n  + Colon\n  + Common hepatic artery\n  + Cystic artery/vein\n  + Hepatic artery, NOS\n  + Liver greater than 2 cm\n  + Portal vein or its branches bilaterally\n  + Portal vein, NOS\n  + Stomach \n- Distant lymph node(s), NOS\n  + Para-aortic\n  + Peripancreatic (along body and tail of pancreas only)\n- Distant metastasis, NOS\n   + Carcinomatosis \n   + Distant metastasis WITH or WITHOUT distant lymph node(s)" ], [ "9", "Unknown if extension or metastasis" ] ]
}