{
  "id" : "afp_pretx_interpretation_66147",
  "algorithm" : "eod_public",
  "version" : "1.0",
  "name" : "AFP Pretreatment Interpretation",
  "title" : "AFP (Alpha Fetoprotein) Pretreatment Interpretation",
  "notes" : "**Note 1:** Physician statement of AFP (Alpha Fetoprotein) Pretreatment Interpretation can be used to code this data item when no other information is available. \n\n**Note 2:** Record the interpretation of the highest AFP test result documented in the medical record **prior to treatment**. \n\n**Note 3:** The same laboratory test should be used to record information in AFP Pretreatment Lab Value [NAACCR Data Item # 3810].",
  "last_modified" : "2018-03-12T16:39:56.960Z",
  "definition" : [ {
    "key" : "afp_pretx_interpretation",
    "name" : "Code",
    "type" : "INPUT"
  }, {
    "key" : "description",
    "name" : "Description",
    "type" : "DESCRIPTION"
  } ],
  "rows" : [ [ "0", "Negative/normal; within normal limits" ], [ "1", "Positive/elevated" ], [ "2", "Borderline; undetermined if positive or negative" ], [ "7", "Test ordered, results not in chart" ], [ "8", "Not applicable: Information not collected for this case\n(If this item is required by your standard setter, use of code 8 will result in an edit error.)" ], [ "9", "Not documented in medical record\nAFP pretreatment interpretation not assessed or unknown if assessed" ] ]
}