{
  "id" : "afp_pre_orchiectomy_range_11386",
  "algorithm" : "eod_public",
  "version" : "1.0",
  "name" : "AFP Pre-Orchiectomy Range",
  "title" : "AFP (Alpha Fetoprotein) Pre-Orchiectomy Range",
  "notes" : "**Note 1:** Physician statement of the AFP (Alpha Fetoprotein) Pre-Orchiectomy Range can be used to code this data item when no other information is available. \n\n**Note 2:** Record the range of the highest AFP test result documented in the medical record **prior to orchiectomy** or prior to any systemic treatment. The lab value may be documented in a lab report, history and physical, or clinical statement in the pathology report.\n\n**Note 3:** A lab value expressed in micrograms/liter (ug/L) is equivalent to the same value expressed in nanograms/milliliter (ng/mL).\n\n**Note 4:** The same laboratory test should be used to record information in AFP Pre-Orchiectomy Lab Value [NAACCR Data Item #3807].",
  "last_modified" : "2018-03-12T16:39:56.657Z",
  "definition" : [ {
    "key" : "afp_pre_orch_range",
    "name" : "Code",
    "type" : "INPUT"
  }, {
    "key" : "description",
    "name" : "Description",
    "type" : "DESCRIPTION"
  } ],
  "rows" : [ [ "0", "Within normal limits" ], [ "1", "Above normal and less than 1,000 nanograms/milliliter (ng/mL)" ], [ "2", "1,000 -10,000 ng/mL" ], [ "3", "Greater than 10,000 ng/mL" ], [ "4", "Pre-Orchiectomy alpha fetoprotein (AFP) stated to be elevated" ], [ "7", "Test ordered, results not in chart" ], [ "8", "Not applicable: Information not collected for this case\n(If this information is required by your standard setter, use of code 8 may result in an edit error.)" ], [ "9", "Not documented in medical record\nAFP (Alpha Fetoprotein) Pre-Orchiectomy Range not assessed or unknown if assessed" ] ]
}