{
  "id" : "ajcc_chapter_calculation_86583",
  "algorithm" : "eod_public",
  "version" : "1.0",
  "name" : "AJCC Chapter Calculation",
  "title" : "AJCC Chapter Calculation",
  "last_modified" : "2018-03-12T16:39:59.121Z",
  "definition" : [ {
    "key" : "hist",
    "name" : "Histology",
    "type" : "INPUT"
  }, {
    "key" : "ajcc_id",
    "name" : "AJCC ID",
    "type" : "ENDPOINT"
  }, {
    "key" : "description",
    "name" : "Description",
    "type" : "DESCRIPTION"
  } ],
  "rows" : [ [ "8000,8010,8012-8013,8022-8023,8031-8033,8040-8042,8045,8070-8072,8082-8083", "VALUE:36", "Lung" ], [ "8140,8144", "VALUE:36", "Lung" ], [ "8200,8230,8240,8246,8249-8250,8252-8257,8260,8265", "VALUE:36", "Lung" ], [ "8333", "VALUE:36", "Lung" ], [ "8430,8480-8481", "VALUE:36", "Lung" ], [ "8551,8560,8562", "VALUE:36", "Lung" ], [ "8972,8980", "VALUE:36", "Lung" ], [ "8001-8005,8011,8014-8021,8030,8034-8035,8043-8044,8046-8060,8073-8081,8084-8131", "VALUE:XX", "Other Lung" ], [ "8141-8143,8145-8191", "VALUE:XX", "Other Lung" ], [ "8201-8221,8231,8241-8245,8247-8248,8251,8261-8264,8270-8332", "VALUE:XX", "Other Lung" ], [ "8334-8420,8440-8474,8482-8550", "VALUE:XX", "Other Lung" ], [ "8552,8561,8570-8700,8720-8790,9700-9701", "VALUE:XX", "Other Lung" ] ]
}