{
  "id" : "ajcc_chapter_calculation_96802",
  "algorithm" : "eod_public",
  "version" : "1.0",
  "name" : "AJCC Chapter Calculation",
  "title" : "AJCC Chapter Calculation",
  "last_modified" : "2018-03-12T16:39:51.707Z",
  "definition" : [ {
    "key" : "hist",
    "name" : "Histology",
    "type" : "INPUT"
  }, {
    "key" : "ajcc_id",
    "name" : "AJCC ID",
    "type" : "ENDPOINT"
  }, {
    "key" : "description",
    "name" : "Description",
    "type" : "DESCRIPTION"
  } ],
  "rows" : [ [ "8720-8721,8723,8730,8740-8741,8743,8745,8770", "VALUE:66", "Conjunctival Melanoma" ], [ "8722,8725-8728,8742,8744,8746-8762,8771-8790", "VALUE:XX", "Other Conjunctival Melanoma" ] ]
}