{
  "id" : "ajcc_chapter_calculation_70850",
  "algorithm" : "eod_public",
  "version" : "1.0",
  "name" : "AJCC Chapter Calculation",
  "title" : "AJCC Chapter Calculation",
  "last_modified" : "2018-03-12T16:39:59.149Z",
  "definition" : [ {
    "key" : "hist",
    "name" : "Histology",
    "type" : "INPUT"
  }, {
    "key" : "ajcc_id",
    "name" : "AJCC ID",
    "type" : "ENDPOINT"
  }, {
    "key" : "description",
    "name" : "Description",
    "type" : "DESCRIPTION"
  } ],
  "rows" : [ [ "8720-8721,8723,8730,8742-8745,8761,8770-8772,8780", "VALUE:47", "Melanoma of the Skin" ], [ "8722,8725-8728,8740-8741,8746-8760,8762,8773-8774,8790", "VALUE:XX", "Other Melanoma of the Skin" ] ]
}