{
  "id" : "ajcc_id_path_stage_83239",
  "algorithm" : "eod_public",
  "version" : "1.0",
  "name" : "AJCC ID Path Stage",
  "title" : "AJCC ID Path Stage Table",
  "notes" : "**Note:**  The determination of the TNM 8 stage group from T, N, M, and grade for esophagus depends further on histologic type.   Squamous cell carcinoma is captured in Esophagus (including GE junction) Squamous schema.  This table chooses the Stage Group calculation table based on AJCC ID.",
  "last_modified" : "2018-03-12T16:39:58.130Z",
  "definition" : [ {
    "key" : "ajcc_id",
    "name" : "AJCC ID",
    "type" : "INPUT"
  }, {
    "key" : "stage",
    "name" : "Stage",
    "type" : "ENDPOINT"
  } ],
  "rows" : [ [ "16.2", "JUMP:tnm_8_path_stage_adenocarcinoma_30413" ], [ "16.3", "JUMP:tnm8_stage_for_sites_with_no_stage_groupings_unb" ] ]
}