{
  "id" : "ajcc_chapter_calculation_29751",
  "algorithm" : "eod_public",
  "version" : "1.0",
  "name" : "AJCC Chapter Calculation",
  "title" : "AJCC Chapter Calculation",
  "last_modified" : "2018-03-12T16:39:59.237Z",
  "definition" : [ {
    "key" : "hist",
    "name" : "Histology",
    "type" : "INPUT"
  }, {
    "key" : "ajcc_id",
    "name" : "AJCC ID",
    "type" : "ENDPOINT"
  }, {
    "key" : "description",
    "name" : "Description",
    "type" : "DESCRIPTION"
  } ],
  "rows" : [ [ "8000,8010,8020,8031,8041", "VALUE:63.1", "Male Penile and Female Urethra: Urothelial Carcinomas" ], [ "8070-8072", "VALUE:63.2", "Male Penile and Female Urethra: Squamous Cell Carcinoma and Adenocarcinoma" ], [ "8082,8120,8122,8130-8131", "VALUE:63.1", "Male Penile and Female Urethra: Urothelial Carcinomas" ], [ "8140", "VALUE:63.2", "Male Penile and Female Urethra: Squamous Cell Carcinoma and Adenocarcinoma" ], [ "8310", "VALUE:63.1", "Male Penile and Female Urethra: Urothelial Carcinomas" ], [ "8001-8005,8011-8015,8021-8030,8032-8040,8042-8060", "VALUE:XX", "Other Male Penile and Female Urethra" ], [ "8073-8081,8083-8110,8121,8123-8124", "VALUE:XX", "Other Male Penile and Female Urethra" ], [ "8141-8300,8311-8700,8720-8790,9700-9701", "VALUE:XX", "Other Male Penile and Female Urethra" ] ]
}