{
  "id" : "ajcc_chapter_calculation_19676",
  "algorithm" : "eod_public",
  "version" : "1.0",
  "name" : "AJCC Chapter Calculation",
  "title" : "AJCC Chapter Calculation",
  "last_modified" : "2018-03-12T16:39:59.175Z",
  "definition" : [ {
    "key" : "site",
    "name" : "Primary Site",
    "type" : "INPUT"
  }, {
    "key" : "hist",
    "name" : "Histology",
    "type" : "INPUT"
  }, {
    "key" : "ajcc_id",
    "name" : "AJCC ID",
    "type" : "ENDPOINT"
  }, {
    "key" : "description",
    "name" : "Description",
    "type" : "DESCRIPTION"
  } ],
  "rows" : [ [ "C692", "9510-9513", "VALUE:68", "Retinoblastoma" ], [ "C690-C691,C693-C696,C698-C699", "9510-9513", "VALUE:XX", "Other Retinoblastoma" ], [ "C690-C696,C698-C699", "9514", "VALUE:XX", "Other Retinoblastoma" ] ]
}