{
  "id" : "ajcc_chapter_calculation_39839",
  "algorithm" : "eod_public",
  "version" : "1.0",
  "name" : "AJCC Chapter Calculation",
  "title" : "AJCC Chapter Calculation",
  "last_modified" : "2018-03-12T16:39:59.568Z",
  "definition" : [ {
    "key" : "hist",
    "name" : "Histology",
    "type" : "INPUT"
  }, {
    "key" : "ajcc_id",
    "name" : "AJCC ID",
    "type" : "ENDPOINT"
  }, {
    "key" : "description",
    "name" : "Description",
    "type" : "DESCRIPTION"
  } ],
  "rows" : [ [ "8013,8041", "VALUE:23", "Intrahepatic Bile Ducts" ], [ "8148,8160-8161,8180", "VALUE:23", "Intrahepatic Bile Ducts" ], [ "8246,8470,8503,8980", "VALUE:23", "Intrahepatic Bile Ducts" ], [ "8000-8012,8014-8040,8042-8147", "VALUE:XX", "Other Intrahepatic Bile Ducts" ], [ "8149-8158,8162-8175,8190-8245", "VALUE:XX", "Other Intrahepatic Bile Ducts" ], [ "8247-8463,8471-8502,8504-8700,8720-8790,9700-9701", "VALUE:XX", "Other Intrahepatic Bile Ducts" ] ]
}