{
  "id" : "ajcc_chapter_calculation_118",
  "algorithm" : "eod_public",
  "version" : "1.0",
  "name" : "AJCC Chapter Calculation",
  "title" : "AJCC Chapter Calculation",
  "last_modified" : "2018-03-12T16:39:59.171Z",
  "definition" : [ {
    "key" : "site",
    "name" : "Primary Site",
    "type" : "INPUT"
  }, {
    "key" : "hist",
    "name" : "Histology",
    "type" : "INPUT"
  }, {
    "key" : "behavior",
    "name" : "Behavior",
    "type" : "INPUT"
  }, {
    "key" : "ajcc_id",
    "name" : "AJCC ID",
    "type" : "ENDPOINT"
  }, {
    "key" : "description",
    "name" : "Description",
    "type" : "DESCRIPTION"
  } ],
  "rows" : [ [ "C171-C172", "8240,8249", "3", "VALUE:31", "Neuroendocrine Tumors of the Jejunum and Ileum " ], [ "C171-C172", "8240,8249", "2", "VALUE:XX", "Other Neuroendocrine Tumors of the Jejunum and Ileum" ], [ "C173,C178-C179", "8240,8249", "*", "VALUE:XX", "Other Neuroendocrine Tumors of the Jejunum and Ileum" ], [ "C171-C173,C178-C179", "8150-8153,8155-8156,8158", "*", "VALUE:XX", "Other Neuroendocrine Tumors of the Jejunum and Ileum" ], [ "C171-C173,C178-C179", "8241-8242,8683", "*", "VALUE:XX", "Other Neuroendocrine Tumors of the Jejunum and Ileum" ] ]
}