{
  "id" : "ajcc_chapter_calculation_38053",
  "algorithm" : "eod_public",
  "version" : "1.0",
  "name" : "AJCC Chapter Calculation",
  "title" : "AJCC Chapter Calculation",
  "last_modified" : "2018-03-12T16:39:59.135Z",
  "definition" : [ {
    "key" : "hist",
    "name" : "Histology",
    "type" : "INPUT"
  }, {
    "key" : "behavior",
    "name" : "Behavior",
    "type" : "INPUT"
  }, {
    "key" : "ajcc_id",
    "name" : "AJCC ID",
    "type" : "ENDPOINT"
  }, {
    "key" : "description",
    "name" : "Description",
    "type" : "DESCRIPTION"
  } ],
  "rows" : [ [ "8720,8730,8770-8774", "3", "VALUE:67.2", "Uvea: Choroidal and Ciliary Body Melanomas" ], [ "8720,8730,8770-8774", "2", "VALUE:XX", "Other Uvea: Choroidal and Ciliary Body Melanomas" ], [ "8721-8728,8740-8762,8780-8790", "*", "VALUE:XX", "Other Uvea: Choroidal and Ciliary Body Melanomas" ] ]
}