{
  "id" : "ajcc_chapter_calculation_38819",
  "algorithm" : "eod_public",
  "version" : "1.0",
  "name" : "AJCC Chapter Calculation",
  "title" : "AJCC Chapter Calculation",
  "last_modified" : "2018-03-12T16:39:59.127Z",
  "definition" : [ {
    "key" : "hist",
    "name" : "Histology",
    "type" : "INPUT"
  }, {
    "key" : "ajcc_id",
    "name" : "AJCC ID",
    "type" : "ENDPOINT"
  }, {
    "key" : "description",
    "name" : "Description",
    "type" : "DESCRIPTION"
  } ],
  "rows" : [ [ "8000,8010,8013,8041,8046,8070-8072,8074,8082-8083", "VALUE:8", "Major Salivary Glands" ], [ "8140,8147", "VALUE:8", "Major Salivary Glands" ], [ "8200,8246,8290", "VALUE:8", "Major Salivary Glands" ], [ "8310", "VALUE:8", "Major Salivary Glands" ], [ "8410,8430", "VALUE:8", "Major Salivary Glands" ], [ "8500,8502,8525,8550,8560,8562", "VALUE:8", "Major Salivary Glands" ], [ "8941,8974,8980,8982", "VALUE:8", "Major Salivary Glands" ], [ "8001-8005,8011-8012,8014-8040,8042-8045,8050-8060,8073,8075-8081,8084-8131", "VALUE:XX", "Other Major Salivary Glands" ], [ "8141-8146,8148-8191", "VALUE:XX", "Other Major Salivary Glands" ], [ "8201-8245,8247-8281,8300", "VALUE:XX", "Other Major Salivary Glands" ], [ "8311-8409,8413-8420,8440-8490", "VALUE:XX", "Other Major Salivary Glands" ], [ "8501,8503-8524,8530-8543,8551-8552,8561,8570-8700,8720-8790,9700-9701", "VALUE:XX", "Other Major Salivary Glands" ] ]
}