{
  "id" : "ajcc_chapter_calculation_11956",
  "algorithm" : "eod_public",
  "version" : "1.0",
  "name" : "AJCC Chapter Calculation",
  "title" : "AJCC Chapter Calculation",
  "last_modified" : "2018-03-12T16:39:59.203Z",
  "definition" : [ {
    "key" : "hist",
    "name" : "Histology",
    "type" : "INPUT"
  }, {
    "key" : "ajcc_id",
    "name" : "AJCC ID",
    "type" : "ENDPOINT"
  }, {
    "key" : "description",
    "name" : "Description",
    "type" : "DESCRIPTION"
  } ],
  "rows" : [ [ "8000,8010,8051-8052,8054,8070-8072,8074-8075,8081-8084", "VALUE:57", "Penis" ], [ "8560", "VALUE:57", "Penis" ], [ "8001-8005,8011-8040,8042-8050,8053,8060,8073,8076-8080", "VALUE:XX", "Other Penis" ], [ "8085-8180,8191-8246,8248-8552,8561-8700", "VALUE:XX", "Other Penis" ] ]
}