{
  "id" : "ajcc_chapter_calculation_69125",
  "algorithm" : "eod_public",
  "version" : "1.0",
  "name" : "AJCC Chapter Calculation",
  "title" : "AJCC Chapter Calculation",
  "last_modified" : "2018-03-12T16:39:59.159Z",
  "definition" : [ {
    "key" : "hist",
    "name" : "Histology",
    "type" : "INPUT"
  }, {
    "key" : "ajcc_id",
    "name" : "AJCC ID",
    "type" : "ENDPOINT"
  }, {
    "key" : "description",
    "name" : "Description",
    "type" : "DESCRIPTION"
  } ],
  "rows" : [ [ "8000,8010,8020,8052,8070-8073,8083", "VALUE:9", "Nasopharynx" ], [ "8140,8200", "VALUE:9", "Nasopharynx" ], [ "8001-8005,8011-8015,8021-8051,8053-8060,8074-8082,8084-8131", "VALUE:XX", "Other Nasopharynx" ], [ "8141-8191,8201-8700,9700-9701", "VALUE:XX", "Other Nasopharynx" ] ]
}