{
  "id" : "ajcc_chapter_calculation_46201",
  "algorithm" : "eod_public",
  "version" : "1.0",
  "name" : "AJCC Chapter Calculation",
  "title" : "AJCC Chapter Calculation",
  "last_modified" : "2018-03-12T16:39:59.624Z",
  "definition" : [ {
    "key" : "site",
    "name" : "Primary Site",
    "type" : "INPUT"
  }, {
    "key" : "hist",
    "name" : "Histology",
    "type" : "INPUT"
  }, {
    "key" : "behavior",
    "name" : "Behavior",
    "type" : "INPUT"
  }, {
    "key" : "ajcc_id",
    "name" : "AJCC ID",
    "type" : "ENDPOINT"
  }, {
    "key" : "description",
    "name" : "Description",
    "type" : "DESCRIPTION"
  } ],
  "rows" : [ [ "C019,C024,C051-C052,C090-C099", "8070,8072,8083,8085", "3", "VALUE:10", "HPV-Mediated (p16+) Oropharyngeal Cancer" ], [ "C100,C102-C103,C108-C109,C111", "8070,8072,8083,8085", "3", "VALUE:10", "HPV-Mediated (p16+) Oropharyngeal Cancer" ], [ "C019,C024,C051-C052,C090-C099", "8070,8072,8083,8085", "2", "VALUE:XX", "Other HPV-Mediated (p16+) Oropharyngeal Cancer" ], [ "C100,C102-C103,C108-C109,C111", "8070,8072,8083,8085", "2", "VALUE:XX", "Other HPV-Mediated (p16+) Oropharyngeal Cancer" ], [ "C104", "8070,8072,8083,8085", "*", "VALUE:XX", "Other HPV-Mediated (p16+) Oropharyngeal Cancer" ], [ "C019,C024,C051-C052,C090-C099", "8000-8060,8071,8073-8082,8084,8086-8700,9700-9701", "*", "VALUE:XX", "Other HPV-Mediated (p16+) Oropharyngeal Cancer" ], [ "C100,C102-C104,C108-C109,C111", "8000-8060,8071,8073-8082,8084,8086-8700,9700-9701", "*", "VALUE:XX", "Other HPV-Mediated (p16+) Oropharyngeal Cancer" ] ]
}