{
  "id" : "ajcc_chapter_calculation_23065",
  "algorithm" : "eod_public",
  "version" : "1.0",
  "name" : "AJCC Chapter Calculation",
  "title" : "AJCC Chapter Calculation",
  "last_modified" : "2018-03-12T16:39:59.197Z",
  "definition" : [ {
    "key" : "site",
    "name" : "Primary Site",
    "type" : "INPUT"
  }, {
    "key" : "hist",
    "name" : "Histology",
    "type" : "INPUT"
  }, {
    "key" : "ajcc_id",
    "name" : "AJCC ID",
    "type" : "ENDPOINT"
  }, {
    "key" : "description",
    "name" : "Description",
    "type" : "DESCRIPTION"
  } ],
  "rows" : [ [ "C250-C253,C257-C259", "8000,8010,8013,8020,8035,8041", "VALUE:28", "Exocrine Pancreas" ], [ "C250-C253,C257-C259", "8140,8148,8154", "VALUE:28", "Exocrine Pancreas" ], [ "C250-C253,C257-C259", "8246", "VALUE:28", "Exocrine Pancreas" ], [ "C250-C253,C257-C259", "8441,8452-8453,8470,8480-8481,8490", "VALUE:28", "Exocrine Pancreas" ], [ "C250-C253,C257-C259", "8500,8503,8510,8550-8552,8560,8576", "VALUE:28", "Exocrine Pancreas" ], [ "C250-C253,C257-C259", "8971", "VALUE:28", "Exocrine Pancreas" ], [ "C254", "8000,8010,8013,8020,8035,8041", "VALUE:XX", "Other Exocrine Pancreas" ], [ "C254", "8140,8148,8154", "VALUE:XX", "Other Exocrine Pancreas" ], [ "C254", "8246", "VALUE:XX", "Other Exocrine Pancreas" ], [ "C254", "8441,8452-8453,8470,8480-8481,8490", "VALUE:XX", "Other Exocrine Pancreas" ], [ "C254", "8500,8503,8510,8550-8552,8560,8576", "VALUE:XX", "Other Exocrine Pancreas" ], [ "C254", "8971", "VALUE:XX", "Other Exocrine Pancreas" ], [ "C250-C254,C257-C259", "8001-8005,8011-8012,8014-8015,8021-8034,8040,8042-8131", "VALUE:XX", "Other Exocrine Pancreas" ], [ "C250-C254,C257-C259", "8141-8147,8149,8157,8160-8231", "VALUE:XX", "Other Exocrine Pancreas" ], [ "C250-C254,C257-C259", "8243-8245,8247-8248,8250-8440", "VALUE:XX", "Other Exocrine Pancreas" ], [ "C250-C254,C257-C259", "8442-8451,8454-8463,8471-8474,8482", "VALUE:XX", "Other Exocrine Pancreas" ], [ "C250-C254,C257-C259", "8501-8502,8504-8509,8512-8543,8561-8575,8580-8682", "VALUE:XX", "Other Exocrine Pancreas" ], [ "C250-C254,C257-C259", "8690-8700,8720-8790,9700-9701", "VALUE:XX", "Other Exocrine Pancreas" ] ]
}