{
  "id" : "ajcc_chapter_calculation_70393",
  "algorithm" : "eod_public",
  "version" : "1.0",
  "name" : "AJCC Chapter Calculation",
  "title" : "AJCC Chapter Calculation",
  "last_modified" : "2018-03-12T16:39:59.207Z",
  "definition" : [ {
    "key" : "hist",
    "name" : "Histology",
    "type" : "INPUT"
  }, {
    "key" : "behavior",
    "name" : "Behavior",
    "type" : "INPUT"
  }, {
    "key" : "ajcc_id",
    "name" : "AJCC ID",
    "type" : "ENDPOINT"
  }, {
    "key" : "description",
    "name" : "Description",
    "type" : "DESCRIPTION"
  } ],
  "rows" : [ [ "9100,9104-9105", "3", "VALUE:56", "Gestational Trophoblastic Neoplasms" ], [ "9100,9104-9105", "2", "VALUE:XX", "Other Gestational Trophoblastic Neoplasms" ], [ "8000-8700,8720-8790", "*", "VALUE:XX", "Other Gestational Trophoblastic Neoplasms" ], [ "9101-9103,9700-9701", "*", "VALUE:XX", "Other Gestational Trophoblastic Neoplasms" ] ]
}