{
  "id" : "ajcc_chapter_calculation_51586",
  "algorithm" : "eod_public",
  "version" : "1.0",
  "name" : "AJCC Chapter Calculation",
  "title" : "AJCC Chapter Calculation",
  "last_modified" : "2018-03-12T16:39:59.267Z",
  "definition" : [ {
    "key" : "hist",
    "name" : "Histology",
    "type" : "INPUT"
  }, {
    "key" : "behavior",
    "name" : "Behavior",
    "type" : "INPUT"
  }, {
    "key" : "discriminator_1",
    "name" : "Thyroid Gland/Thyroglossal Duct",
    "type" : "INPUT"
  }, {
    "key" : "ajcc_id",
    "name" : "AJCC ID",
    "type" : "ENDPOINT"
  }, {
    "key" : "description",
    "name" : "Description",
    "type" : "DESCRIPTION"
  } ],
  "rows" : [ [ "8345-8347", "3", "1", "VALUE:74", "Thyroid: Medullary" ], [ "8345-8347", "2", "1", "VALUE:XX", "Other Thyroid: Medullary" ], [ "8345-8347", "*", "2", "VALUE:XX", "Other Thyroid: Medullary" ], [ "8430,8510,8512-8513", "*", "*", "VALUE:XX", "Other Thyroid: Medullary" ] ]
}