{
  "id" : "ajcc_chapter_calculation_54616",
  "algorithm" : "eod_public",
  "version" : "1.0",
  "name" : "AJCC Chapter Calculation",
  "title" : "AJCC Chapter Calculation",
  "last_modified" : "2018-03-12T16:40:02.928Z",
  "definition" : [ {
    "key" : "site",
    "name" : "Primary Site",
    "type" : "INPUT"
  }, {
    "key" : "hist",
    "name" : "Histology",
    "type" : "INPUT"
  }, {
    "key" : "ajcc_id",
    "name" : "AJCC ID",
    "type" : "ENDPOINT"
  }, {
    "key" : "description",
    "name" : "Description",
    "type" : "DESCRIPTION"
  } ],
  "rows" : [ [ "C160-C269, C339, C340-C379, C473-C475, C493-C495, C510-C539, C589, C600-C689", "8711", "VALUE:42", "Soft Tissue Sarcoma of the Abdomen and Thoracic Visceral Organs" ], [ "C160-C269, C339, C340-C379, C473-C475, C493-C495, C510-C539, C589, C600-C689", "8800-8802, 8810-8811, 8815, 8825, 8832-8833, 8840, 8850, 8852, 8854, 8858, 8890", "VALUE:42", "Soft Tissue Sarcoma of the Abdomen and Thoracic Visceral Organs" ], [ "C160-C269, C339, C340-C379, C473-C475, C493-C495, C510-C539, C589, C600-C689", "8901, 8910, 8912, 8920", "VALUE:42", "Soft Tissue Sarcoma of the Abdomen and Thoracic Visceral Organs" ], [ "C160-C269, C339, C340-C379, C473-C475, C493-C495, C510-C539, C589, C600-C689", "9040-9041, 9043", "VALUE:42", "Soft Tissue Sarcoma of the Abdomen and Thoracic Visceral Organs" ], [ "C160-C269, C339, C340-C379, C473-C475, C493-C495, C510-C539, C589, C600-C689", "9120, 9133, 9136, 9180", "VALUE:42", "Soft Tissue Sarcoma of the Abdomen and Thoracic Visceral Organs" ], [ "C160-C269, C339, C340-C379, C473-C475, C493-C495, C510-C539, C589, C600-C689", "9251", "VALUE:42", "Soft Tissue Sarcoma of the Abdomen and Thoracic Visceral Organs" ], [ "C160-C269, C339, C340-C379, C473-C475, C493-C495, C510-C539, C589, C600-C689", "9364", "VALUE:42", "Soft Tissue Sarcoma of the Abdomen and Thoracic Visceral Organs" ], [ "C160-C269, C339, C340-C379, C473-C475, C493-C495, C510-C539, C589, C600-C689", "9540, 9542, 9561, 9580", "VALUE:42", "Soft Tissue Sarcoma of the Abdomen and Thoracic Visceral Organs" ], [ "C473-C475, C493-C495", "8000-8700", "VALUE:XX", "Other Soft Tissue Sarcoma of the Abdomen and Thoracic Visceral Organs" ], [ "C160-C269, C339, C340-C379, C473-C475, C493-C495, C510-C539, C589, C600-C689", "8710,8712-8714", "VALUE:XX", "Other Soft Tissue Sarcoma of the Abdomen and Thoracic Visceral Organs" ], [ "C473-C475, C493-C495", "8720-8790", "VALUE:XX", "Other Soft Tissue Sarcoma of the Abdomen and Thoracic Visceral Organs" ], [ "C160-C269, C339, C340-C379, C473-C475, C493-C495, C510-C539, C589, C600-C689", "8803,8812-8814,8820-8824,8826-8831,8834-8836", "VALUE:XX", "Other Soft Tissue Sarcoma of the Abdomen and Thoracic Visceral Organs" ], [ "C160-C269, C339, C340-C379, C473-C475, C493-C495, C510-C539, C589, C600-C689", "8841-8842,8851,8853,8855-8857,8860-8881,8891-8900", "VALUE:XX", "Other Soft Tissue Sarcoma of the Abdomen and Thoracic Visceral Organs" ], [ "C160-C269, C339, C340-C379, C473-C475, C493-C495, C510-C539, C589, C600-C689", "8902-8905,8921,8932", "VALUE:XX", "Other Soft Tissue Sarcoma of the Abdomen and Thoracic Visceral Organs" ], [ "C160-C269,C339,C340-C379,C473-C475,C493-C495,C510-C519,C589,C600-C689", "8933", "VALUE:XX", "Other Soft Tissue Sarcoma of the Abdomen and Thoracic Visceral Organs" ], [ "C160-C269, C339, C340-C379, C473-C475, C493-C495, C510-C539, C589, C600-C689", "8934,8940-8970", "VALUE:XX", "Other Soft Tissue Sarcoma of the Abdomen and Thoracic Visceral Organs" ], [ "C160-C249,C260-C269, C339, C340-C379, C473-C475, C493-C495, C510-C539, C589, C600-C689", "8971", "VALUE:XX", "Other Soft Tissue Sarcoma of the Abdomen and Thoracic Visceral Organs" ], [ "C160-C269, C339, C379, C473-C475, C493-C495, C510-C539, C589, C600-C689", "8972", "VALUE:XX", "Other Soft Tissue Sarcoma of the Abdomen and Thoracic Visceral Organs" ], [ "C160-C269, C339, C340-C379, C473-C475, C493-C495, C510-C539, C589, C600-C689", "8973-8975", "VALUE:XX", "Other Soft Tissue Sarcoma of the Abdomen and Thoracic Visceral Organs" ], [ "C160-C220,C239-C269, C339, C379, C473-C475, C493-C495, C510-C519, C589, C600-C689", "8980", "VALUE:XX", "Other Soft Tissue Sarcoma of the Abdomen and Thoracic Visceral Organs" ], [ "C160-C269, C339, C340-C379, C473-C475, C493-C495, C510-C539, C589, C600-C689", "8981-8983,8990,9000-9016,9030,9042,9045", "VALUE:XX", "Other Soft Tissue Sarcoma of the Abdomen and Thoracic Visceral Organs" ], [ "C160-C269, C339, C379, C473-C475, C493-C495, C510-C539, C589, C600-C689", "9050-9053", "VALUE:XX", "Other Soft Tissue Sarcoma of the Abdomen and Thoracic Visceral Organs" ], [ "C160-C269, C339, C340-C379, C473-C475, C493-C495, C510-C539, C589, C600-C689", "9054-9060", "VALUE:XX", "Other Soft Tissue Sarcoma of the Abdomen and Thoracic Visceral Organs" ], [ "C160-C269, C339, C340-C379, C473-C475, C493-C495, C510-C539, C589, C600-C619,C630-C689", "9061", "VALUE:XX", "Other Soft Tissue Sarcoma of the Abdomen and Thoracic Visceral Organs" ], [ "C160-C269, C339, C340-C379, C473-C475, C493-C495, C510-C539, C589, C600-C689", "9062-9063", "VALUE:XX", "Other Soft Tissue Sarcoma of the Abdomen and Thoracic Visceral Organs" ], [ "C160-C269, C339, C340-C379, C473-C475, C493-C495, C510-C539, C589, C600-C619,C630-C689", "9064-9065,9070", "VALUE:XX", "Other Soft Tissue Sarcoma of the Abdomen and Thoracic Visceral Organs" ], [ "C160-C269,C339,C340-C379,C473-C475,C493-C495,C530-C539,C589,C600-C619,C630-C689", "9071", "VALUE:XX", "Other Soft Tissue Sarcoma of the Abdomen and Thoracic Visceral Organs" ], [ "C160-C269, C339, C340-C379, C473-C475, C493-C495, C510-C539, C589, C600-C689", "9072-9073", "VALUE:XX", "Other Soft Tissue Sarcoma of the Abdomen and Thoracic Visceral Organs" ], [ "C160-C269, C339, C340-C379, C473-C475, C493-C495, C510-C539, C589, C600-C619,C630-C689", "9080-9081", "VALUE:XX", "Other Soft Tissue Sarcoma of the Abdomen and Thoracic Visceral Organs" ], [ "C160-C269, C339, C340-C379, C473-C475, C493-C495, C510-C539, C589, C600-C689", "9082-9083", "VALUE:XX", "Other Soft Tissue Sarcoma of the Abdomen and Thoracic Visceral Organs" ], [ "C160-C269, C339, C340-C379, C473-C475, C493-C495, C510-C539, C589, C600-C619,C630-C689", "9084-9085", "VALUE:XX", "Other Soft Tissue Sarcoma of the Abdomen and Thoracic Visceral Organs" ], [ "C160-C269, C339, C340-C379, C473-C475, C493-C495, C510-C539, C589, C600-C689", "9086-9091", "VALUE:XX", "Other Soft Tissue Sarcoma of the Abdomen and Thoracic Visceral Organs" ], [ "C160-C269, C339, C340-C379, C473-C475, C493-C495, C510-C539, C600-C619,C630-C689", "9100-9101", "VALUE:XX", "Other Soft Tissue Sarcoma of the Abdomen and Thoracic Visceral Organs" ], [ "C160-C269, C339, C340-C379, C473-C475, C493-C495, C510-C539, C600-C689", "9102-9103", "VALUE:XX", "Other Soft Tissue Sarcoma of the Abdomen and Thoracic Visceral Organs" ], [ "C160-C269, C339, C340-C379, C473-C475, C493-C495, C510-C539, C600-C619,C630-C689", "9104-9105", "VALUE:XX", "Other Soft Tissue Sarcoma of the Abdomen and Thoracic Visceral Organs" ], [ "C160-C269, C339, C340-C379, C473-C475, C493-C495, C510-C519, C589, C600-C689", "9110", "VALUE:XX", "Other Soft Tissue Sarcoma of the Abdomen and Thoracic Visceral Organs" ], [ "C160-C269, C339, C340-C379, C473-C475, C493-C495, C510-C539, C589, C600-C689", "9121-9132,9135,9137,9141-9175,9181-9230", "VALUE:XX", "Other Soft Tissue Sarcoma of the Abdomen and Thoracic Visceral Organs" ], [ "C160-C269, C339, C340-C379, C473-C475, C493-C495, C510-C539, C589, C600-C689", "9240-9250,9252-9363,9365-9539,9541,9550-9560,9562-9571,9582", "VALUE:XX", "Other Soft Tissue Sarcoma of the Abdomen and Thoracic Visceral Organs" ], [ "C473-C475, C493-C495", "9700-9701", "VALUE:XX", "Other Soft Tissue Sarcoma of the Abdomen and Thoracic Visceral Organs" ] ]
}