{
  "id" : "ajcc_chapter_calculation_67210",
  "algorithm" : "eod_public",
  "version" : "1.0",
  "name" : "AJCC Chapter Calculation",
  "title" : "AJCC Chapter Calculation",
  "last_modified" : "2018-03-12T16:39:58.164Z",
  "definition" : [ {
    "key" : "hist",
    "name" : "Histology",
    "type" : "INPUT"
  }, {
    "key" : "behavior",
    "name" : "Behavior",
    "type" : "INPUT"
  }, {
    "key" : "ajcc_id",
    "name" : "AJCC ID",
    "type" : "ENDPOINT"
  }, {
    "key" : "description",
    "name" : "Description",
    "type" : "DESCRIPTION"
  } ],
  "rows" : [ [ "8020", "3", "VALUE:16.1", "Esophagus and Esophagogastric Junction: Squamous Cell Carcinoma" ], [ "8020", "2", "VALUE:XX", "Other Esophagus and Esophagogastric Junction: Squamous Cell Carcinoma" ], [ "8051,8070,8074,8077,8083", "*", "VALUE:16.1", "Esophagus and Esophagogastric Junction: Squamous Cell Carcinoma" ], [ "8560", "*", "VALUE:16.1", "Esophagus and Esophagogastric Junction: Squamous Cell Carcinoma" ], [ "8050,8052-8054", "*", "VALUE:XX", "Other Esophagus and Esophagogastric Junction: Squamous Cell Carcinoma" ] ]
}