{
  "id" : "ajcc_chapter_calculation_2262",
  "algorithm" : "eod_public",
  "version" : "1.0",
  "name" : "AJCC Chapter Calculation",
  "title" : "AJCC Chapter Calculation",
  "last_modified" : "2018-03-12T16:39:58.167Z",
  "definition" : [ {
    "key" : "hist",
    "name" : "Histology",
    "type" : "INPUT"
  }, {
    "key" : "ajcc_id",
    "name" : "AJCC ID",
    "type" : "ENDPOINT"
  }, {
    "key" : "description",
    "name" : "Description",
    "type" : "DESCRIPTION"
  } ],
  "rows" : [ [ "8000,8010,8013,8020,8041,8070,8082", "VALUE:17", "Stomach" ], [ "8140,8142,8144-8145,8148", "VALUE:17", "Stomach" ], [ "8211,8214,8244,8246,8255,8260", "VALUE:17", "Stomach" ], [ "8480,8490", "VALUE:17", "Stomach" ], [ "8510,8512,8560,8576", "VALUE:17", "Stomach" ], [ "8001-8005,8011-8012,8014-8015,8021-8040,8042-8060,8071-8081,8083-8131", "VALUE:XX", "Other Stomach" ], [ "8141,8143,8146-8147,8149,8154,8157,8160-8210", "VALUE:XX", "Other Stomach" ], [ "8212-8213,8215-8231,8243,8245,8247-8248,8250-8254,8256-8257,8261-8474", "VALUE:XX", "Other Stomach" ], [ "8481-8482,8500-8509", "VALUE:XX", "Other Stomach" ], [ "8513-8552,8561-8575,8580-8682", "VALUE:XX", "Other Stomach" ], [ "8690-8700,8720-8790,9700-9701", "VALUE:XX", "Other Stomach" ] ]
}