{
  "id" : "ajcc_chapter_calculation_14693",
  "algorithm" : "eod_public",
  "version" : "1.0",
  "name" : "AJCC Chapter Calculation",
  "title" : "AJCC Chapter Calculation",
  "last_modified" : "2018-03-12T16:40:03.010Z",
  "definition" : [ {
    "key" : "site",
    "name" : "Primary Site",
    "type" : "INPUT"
  }, {
    "key" : "hist",
    "name" : "Histology",
    "type" : "INPUT"
  }, {
    "key" : "ajcc_id",
    "name" : "AJCC ID",
    "type" : "ENDPOINT"
  }, {
    "key" : "description",
    "name" : "Description",
    "type" : "DESCRIPTION"
  } ],
  "rows" : [ [ "C000-C148,C150,C153,C158,C300-C329,C470,C490,C739,C750,C754-C759", "8804-8806,8910,8920,8930-8931,8991,9020,9044,9120,9231,9581", "VALUE:45", "Soft Tissue Sarcoma - Unusual Histologies and Sites" ], [ "C151-C152,C154-C155,C159,C571-C579,C740-C749,C809", "8804-8806,8815,8901,8910-8920,8930-8931,8991,9020,9044,9120,9133,9180,9231,9581", "VALUE:45", "Soft Tissue Sarcoma - Unusual Histologies and Sites" ], [ "C160-C269,C339-C388,C471-C479,C491-C499,C500-C509,C529,C589-C689", "8804-8806,8930-8931,8991,9020,9044,9231,9581", "VALUE:45", "Soft Tissue Sarcoma - Unusual Histologies and Sites" ], [ "C440,C442-C444", "8804-8806,8815,8901,8910-8920,8930-8931,8991,9020,9044,9120,9133,9180,9231,9581", "VALUE:XX", "Other Soft Tissue Sarcoma - Unusual Histologies and Sites" ], [ "C480-C488", "8804-8806,8930-8931,8991,9020,9044,9231,9581", "VALUE:45", "Soft Tissue Sarcoma - Unusual Histologies and Sites" ], [ "C510-C519", "8804-8806,8930-8931,8991,9044,9231,9581", "VALUE:45", "Soft Tissue Sarcoma - Unusual Histologies and Sites" ], [ "C530-C539", "8804,8806,8930-8931,8991,9020,9044,9231", "VALUE:45", "Soft Tissue Sarcoma - Unusual Histologies and Sites" ], [ "C569,C570", "8804-8805,8901,8910-8920,8991,9020,9044,9120,9133,9180,9231,9581", "VALUE:45", "Soft Tissue Sarcoma - Unusual Histologies and Sites" ], [ "C690-C696,C698-C699", "8930-8931,8991,9020,9180,9231", "VALUE:45", "Soft Tissue Sarcoma - Unusual Histologies and Sites" ], [ "C700-C721,C728-C729", "8804-8806,8901,8910-8920,8930-8931,8991,9020,9044,9231,9581", "VALUE:45", "Soft Tissue Sarcoma - Unusual Histologies and Sites" ], [ "C722,C724-C725,C751-C753", "8804-8806,8910,8920,8930-8931,8991,9020,9044,9231,9581", "VALUE:45", "Soft Tissue Sarcoma - Unusual Histologies and Sites" ], [ "C723", "8930-8931,8991,9020,9231", "VALUE:45", "Soft Tissue Sarcoma - Unusual Histologies and Sites" ], [ "C151-C152,C154-C155,C159,C571-C579,C740-C749,C809", "8710-8714,8800-8803,8810-8814,8820-8900,8902-8905,8921,8932-8934,8940-8990", "VALUE:XX", "Other Soft Tissue Sarcoma - Unusual Histologies and Sites" ], [ "C151-C152,C154-C155,C159,C571-C579,C740-C749,C809", "9000-9016,9030-9043,9045-9110,9121-9132,9135-9137,9141-9175,9181-9230,9240-9580,9582", "VALUE:XX", "Other Soft Tissue Sarcoma - Unusual Histologies and Sites" ], [ "C390,C398-C399,C420-C424", "8710-8714,8800-8934,8940-9137,9141-9582", "VALUE:XX", "Other Soft Tissue Sarcoma - Unusual Histologies and Sites" ], [ "C440,C442-C444", "8710-8714,8800-8803,8810-8814,8820-8900,8902-8905,8921,8932-8934,8941-8981,8983-8990", "VALUE:XX", "Other Soft Tissue Sarcoma - Unusual Histologies and Sites" ], [ "C440,C442-C444", "9000-9016,9030-9043,9045-9110,9121-9132,9135-9137,9141-9175,9181-9230,9240-9580,9582", "VALUE:XX", "Other Soft Tissue Sarcoma - Unusual Histologies and Sites" ], [ "C441", "8710-8714,8800-8934,8950-8975,8981-9137,9141-9514,9520-9582", "VALUE:XX", "Other Soft Tissue Sarcoma - Unusual Histologies and Sites" ], [ "C445-C449", "8710-8714,8800-8934,8941-8981,8983-9137,9141-9582", "VALUE:XX", "Other Soft Tissue Sarcoma - Unusual Histologies and Sites" ], [ "C569,C570", "8710-8714,8800-8803,8811-8814,8820-8821,8823-8824,8826-8881,8891-8900,8902-8905,8921", "VALUE:XX", "Other Soft Tissue Sarcoma - Unusual Histologies and Sites" ], [ "C569,C570", "8932,8934,8940-8941,8951-8959,8963-8975,8981-8990,9010-9016,9030-9043,9045", "VALUE:XX", "Other Soft Tissue Sarcoma - Unusual Histologies and Sites" ], [ "C569,C570", "9051,9053-9055,9061-9065,9072,9081-9084,9086,9101-9105,9121-9132,9135-9137", "VALUE:XX", "Other Soft Tissue Sarcoma - Unusual Histologies and Sites" ], [ "C569,C570", "9141-9175,9181-9230,9240-9580,9582", "VALUE:XX", "Other Soft Tissue Sarcoma - Unusual Histologies and Sites" ], [ "C700-C721,C728-C729", "8710-8714,8800-8801,8803,8811-8814,8820-8842,8851-8881,8891-8898,8902-8905,8921", "VALUE:XX", "Other Soft Tissue Sarcoma - Unusual Histologies and Sites" ], [ "C700-C721,C728-C729", "8932-8934,8940-8990,9000-9016,9030-9043,9045-9063,9065,9072-9073,9081-9083,9086-9091", "VALUE:XX", "Other Soft Tissue Sarcoma - Unusual Histologies and Sites" ], [ "C700-C721,C728-C729", "9110,9121-9132,9135-9137,9141-9175,9181-9210,9221-9230,9240-9361", "VALUE:XX", "Other Soft Tissue Sarcoma - Unusual Histologies and Sites" ], [ "C700-C721,C728-C729", "9363,9365-9381,9383-9384,9410,9412-9423,9431-9432,9444,9460,9472,9480,9491-9493", "VALUE:XX", "Other Soft Tissue Sarcoma - Unusual Histologies and Sites" ], [ "C700-C721,C728-C729", "9502-9504,9506-9507,9509-9523,9531-9537,9539,9541-9580,9582", "VALUE:XX", "Other Soft Tissue Sarcoma - Unusual Histologies and Sites" ], [ "C760-C765,C767-C768,C770-C775,C778-C779", "8710-8714,8800-8934,8940-9137,9141-9582", "VALUE:XX", "Other Soft Tissue Sarcoma - Unusual Histologies and Sites" ] ]
}