{
  "id" : "ajcc_chapter_calculation_17741",
  "algorithm" : "eod_public",
  "version" : "1.0",
  "name" : "AJCC Chapter Calculation",
  "title" : "AJCC Chapter Calculation",
  "last_modified" : "2018-03-12T16:39:59.131Z",
  "definition" : [ {
    "key" : "hist",
    "name" : "Histology",
    "type" : "INPUT"
  }, {
    "key" : "ajcc_id",
    "name" : "AJCC ID",
    "type" : "ENDPOINT"
  }, {
    "key" : "description",
    "name" : "Description",
    "type" : "DESCRIPTION"
  } ],
  "rows" : [ [ "8000,8010,8013,8020,8023,8041,8051-8052,8070-8072,8074-8075,8082-8083", "VALUE:12.1", "Maxillary Sinus" ], [ "8140,8144", "VALUE:12.1", "Maxillary Sinus" ], [ "8200,8240,8249", "VALUE:12.1", "Maxillary Sinus" ], [ "8310,8430", "VALUE:12.1", "Maxillary Sinus" ], [ "8525,8560,8562", "VALUE:12.1", "Maxillary Sinus" ], [ "8941,8982", "VALUE:12.1", "Maxillary Sinus" ], [ "8001-8005,8011-8012,8014-8015,8021-8022,8030-8040,8042-8050,8053-8060,8073,8076-8081,8084-8131", "VALUE:XX", "Other Maxillary Sinus" ], [ "8141-8143,8145-8191", "VALUE:XX", "Other Maxillary Sinus" ], [ "8201-8231,8241-8248,8250-8300", "VALUE:XX", "Other Maxillary Sinus" ], [ "8311-8420,8440-8524", "VALUE:XX", "Other Maxillary Sinus" ], [ "8530-8552,8561,8570-8700,9700-9701", "VALUE:XX", "Other Maxillary Sinus" ] ]
}