{
  "id" : "ajcc_chapter_calculation_72713",
  "algorithm" : "eod_public",
  "version" : "1.0",
  "name" : "AJCC Chapter Calculation",
  "title" : "AJCC Chapter Calculation",
  "last_modified" : "2018-03-12T16:40:03.045Z",
  "definition" : [ {
    "key" : "hist",
    "name" : "Histology",
    "type" : "INPUT"
  }, {
    "key" : "behavior",
    "name" : "Behavior",
    "type" : "INPUT"
  }, {
    "key" : "ajcc_id",
    "name" : "AJCC ID",
    "type" : "ENDPOINT"
  }, {
    "key" : "description",
    "name" : "Description",
    "type" : "DESCRIPTION"
  } ],
  "rows" : [ [ "8720,8728", "2,3", "VALUE:72", "Brain and Spinal Cord" ], [ "8802,8810,8815,8850,8890", "2,3", "VALUE:72", "Brain and Spinal Cord" ], [ "8900", "2,3", "VALUE:72", "Brain and Spinal Cord" ], [ "9064,9070-9071,9080,9084-9085", "2,3", "VALUE:72", "Brain and Spinal Cord" ], [ "9100,9120,9133,9140,9180", "2,3", "VALUE:72", "Brain and Spinal Cord" ], [ "9220", "2,3", "VALUE:72", "Brain and Spinal Cord" ], [ "9362,9364,9382,9385,9390-9393,9395-9396", "2,3", "VALUE:72", "Brain and Spinal Cord" ], [ "9400-9401,9411,9424-9425,9430,9440-9442,9445,9450-9451,9470-9471,9473-9478,9490", "2,3", "VALUE:72", "Brain and Spinal Cord" ], [ "9500-9501,9505,9508,9530,9538,9540", "2,3", "VALUE:72", "Brain and Spinal Cord" ], [ "9680,9699", "2,3", "VALUE:72", "Brain and Spinal Cord" ], [ "9702,9712,9714,9751,9755", "2,3", "VALUE:72", "Brain and Spinal Cord" ], [ "8720,8728", "0,1", "VALUE:XX", "Other Brain" ], [ "8802,8810,8815,8850,8890", "0,1", "VALUE:XX", "Other Brain" ], [ "8900", "0,1", "VALUE:XX", "Other Brain" ], [ "9064,9070-9071,9080,9084-9085", "0,1", "VALUE:XX", "Other Brain" ], [ "9100,9120,9133,9140,9180", "0,1", "VALUE:XX", "Other Brain" ], [ "9220", "0,1", "VALUE:XX", "Other Brain" ], [ "9362,9364,9382,9385,9390-9393,9395-9396", "0,1", "VALUE:XX", "Other Brain" ], [ "9400-9401,9411,9424-9425,9430,9440-9442,9445,9450-9451,9470-9471,9473-9478,9490", "0,1", "VALUE:XX", "Other Brain" ], [ "9500-9501,9505,9508,9530,9538,9540", "0,1", "VALUE:XX", "Other Brain" ], [ "9680,9699", "0,1", "VALUE:XX", "Other Brain" ], [ "9702,9712,9714,9751,9755", "0,1", "VALUE:XX", "Other Brain" ], [ "8000-8700,8721-8727,8730-8790", "*", "VALUE:XX", "Other Brain" ], [ "9101-9105,9394,9700-9701,9705-9709,9756-9759", "*", "VALUE:XX", "Other Brain" ] ]
}