{
  "id" : "ajcc_chapter_calculation_81092",
  "algorithm" : "eod_public",
  "version" : "1.0",
  "name" : "AJCC Chapter Calculation",
  "title" : "AJCC Chapter Calculation",
  "last_modified" : "2018-03-12T16:39:59.709Z",
  "definition" : [ {
    "key" : "site",
    "name" : "Primary Site",
    "type" : "INPUT"
  }, {
    "key" : "hist",
    "name" : "Histology",
    "type" : "INPUT"
  }, {
    "key" : "ajcc_id",
    "name" : "AJCC ID",
    "type" : "ENDPOINT"
  }, {
    "key" : "description",
    "name" : "Description",
    "type" : "DESCRIPTION"
  } ],
  "rows" : [ [ "C380-C384,C388", "8711", "VALUE:42", "Soft Tissue Sarcoma of the Abdomen and Thoracic Visceral Organs" ], [ "C380-C384,C388", "8800-8802, 8810-8811, 8815, 8825, 8832-8833, 8840, 8850, 8852, 8854, 8858, 8890", "VALUE:42", "Soft Tissue Sarcoma of the Abdomen and Thoracic Visceral Organs" ], [ "C380-C384,C388", "8901, 8910, 8912, 8920", "VALUE:42", "Soft Tissue Sarcoma of the Abdomen and Thoracic Visceral Organs" ], [ "C380-C384,C388", "9040-9041, 9043", "VALUE:42", "Soft Tissue Sarcoma of the Abdomen and Thoracic Visceral Organs" ], [ "C380-C384,C388", "9120, 9133, 9136, 9180", "VALUE:42", "Soft Tissue Sarcoma of the Abdomen and Thoracic Visceral Organs" ], [ "C380-C384,C388", "9251,9364", "VALUE:42", "Soft Tissue Sarcoma of the Abdomen and Thoracic Visceral Organs" ], [ "C380-C384,C388", "9540, 9542, 9561, 9580", "VALUE:42", "Soft Tissue Sarcoma of the Abdomen and Thoracic Visceral Organs" ], [ "C380-C384,C388", "8000-8710,8712-8790", "VALUE:XX", "Other Soft Tissue Sarcoma of the Abdomen and Thoracic Visceral Organs" ], [ "C380-C384,C388", "8803,8812-8814,8820-8824,8826-8831,8834-8836,8841-8842,8851,8853,8855-8857,8860-8881", "VALUE:XX", "Other Soft Tissue Sarcoma of the Abdomen and Thoracic Visceral Organs" ], [ "C380-C384,C388", "8891-8900,8902-8905,8921,8932-8934,8940-8990", "VALUE:XX", "Other Soft Tissue Sarcoma of the Abdomen and Thoracic Visceral Organs" ], [ "C380-C384,C388", "9000-9016,9030,9042,9045", "VALUE:XX", "Other Soft Tissue Sarcoma of the Abdomen and Thoracic Visceral Organs" ], [ "C380-C383,C388", "9050-9053", "VALUE:XX", "Other Soft Tissue Sarcoma of the Abdomen and Thoracic Visceral Organs" ], [ "C380-C384,C388", "9054-9110,9121-9132,9135,9137,9141-9175,9181-9230", "VALUE:XX", "Other Soft Tissue Sarcoma of the Abdomen and Thoracic Visceral Organs" ], [ "C380-C384,C388", "9240-9250,9252-9363,9365-9539", "VALUE:XX", "Other Soft Tissue Sarcoma of the Abdomen and Thoracic Visceral Organs" ], [ "C380-C384,C388", "9541,9550-9560,9562-9571,9582", "VALUE:XX", "Other Soft Tissue Sarcoma of the Abdomen and Thoracic Visceral Organs" ], [ "C380-C384,C388", "9700-9701", "VALUE:XX", "Other Soft Tissue Sarcoma of the Abdomen and Thoracic Visceral Organs" ] ]
}