{
  "id" : "ajcc_chapter_calculation_83485",
  "algorithm" : "eod_public",
  "version" : "1.0",
  "name" : "AJCC Chapter Calculation",
  "title" : "AJCC Chapter Calculation",
  "last_modified" : "2018-03-12T16:39:59.006Z",
  "definition" : [ {
    "key" : "site",
    "name" : "Primary Site",
    "type" : "INPUT"
  }, {
    "key" : "hist",
    "name" : "Histology",
    "type" : "INPUT"
  }, {
    "key" : "behavior",
    "name" : "Behavior",
    "type" : "INPUT"
  }, {
    "key" : "ajcc_id",
    "name" : "AJCC ID",
    "type" : "ENDPOINT"
  }, {
    "key" : "description",
    "name" : "Description",
    "type" : "DESCRIPTION"
  } ],
  "rows" : [ [ "C740", "8010,8290,8370", "3", "VALUE:76", "Adrenal Cortical Carcinoma" ], [ "C740", "8010,8290,8370", "2", "VALUE:XX", "Other Adrenal Gland" ], [ "C741,C749", "8010,8290,8370", "*", "VALUE:XX", "Other Adrenal Gland" ], [ "C740-C741,C749", "8000-8005,8011-8281,8300-8361,8371-8671", "*", "VALUE:XX", "Other Adrenal Gland" ], [ "C740-C741,C749", "8681-8683, 8691, 8720-8790, 9700-9701", "*", "VALUE:XX", "Other Adrenal Gland" ] ]
}