{
  "id" : "ajcc_chapter_calculation_5517",
  "algorithm" : "eod_public",
  "version" : "1.0",
  "name" : "AJCC Chapter Calculation",
  "title" : "AJCC Chapter Calculation",
  "last_modified" : "2018-03-12T16:40:03.076Z",
  "definition" : [ {
    "key" : "hist",
    "name" : "Histology",
    "type" : "INPUT"
  }, {
    "key" : "behavior",
    "name" : "Behavior",
    "type" : "INPUT"
  }, {
    "key" : "ajcc_id",
    "name" : "AJCC ID",
    "type" : "ENDPOINT"
  }, {
    "key" : "description",
    "name" : "Description",
    "type" : "DESCRIPTION"
  } ],
  "rows" : [ [ "8000,8010,8013,8015,8020,8041,8051-8052,8070-8072,8076,8082-8083,8098", "3", "VALUE:52", "Cervix Uteri" ], [ "8120,8140,8144", "3", "VALUE:52", "Cervix Uteri" ], [ "8200,8240,8249,8263", "3", "VALUE:52", "Cervix Uteri" ], [ "8310,8323,8380,8384", "3", "VALUE:52", "Cervix Uteri" ], [ "8441,8480,8482,8490", "3", "VALUE:52", "Cervix Uteri" ], [ "8560,8574,8720", "3", "VALUE:52", "Cervix Uteri" ], [ "8805,8933,8980", "3", "VALUE:52", "Cervix Uteri" ], [ "9110,9581", "3", "VALUE:52", "Cervix Uteri" ], [ "8000,8010,8013,8015,8020,8041,8051-8052,8070-8072,8076,8082-8083,8098", "2", "VALUE:XX", "Other Cervix Uteri" ], [ "8120,8140,8144", "2", "VALUE:XX", "Other Cervix Uteri" ], [ "8200,8240,8249,8263", "2", "VALUE:XX", "Other Cervix Uteri" ], [ "8310,8323,8380,8384", "2", "VALUE:XX", "Other Cervix Uteri" ], [ "8441,8480,8482,8490", "2", "VALUE:XX", "Other Cervix Uteri" ], [ "8560,8574,8720", "2", "VALUE:XX", "Other Cervix Uteri" ], [ "8805,8933,8980", "2", "VALUE:XX", "Other Cervix Uteri" ], [ "9110,9581", "2", "VALUE:XX", "Other Cervix Uteri" ], [ "8001-8005,8011-8012,8014,8021-8040,8042-8050,8053-8060,8073-8075,8077-8081,8084-8097", "*", "VALUE:XX", "Other Cervix Uteri" ], [ "8100-8110,8121-8131,8141-8143,8145-8191", "*", "VALUE:XX", "Other Cervix Uteri" ], [ "8201-8231,8241-8248,8250-8262,8264-8300", "*", "VALUE:XX", "Other Cervix Uteri" ], [ "8311-8322,8324-8375,8381-8383,8390-8440", "*", "VALUE:XX", "Other Cervix Uteri" ], [ "8442-8474,8481", "*", "VALUE:XX", "Other Cervix Uteri" ], [ "8500-8552,8561-8573,8575-8700,8721-8790,9700-9701", "*", "VALUE:XX", "Other Cervix Uteri" ] ]
}