{
  "id" : "ajcc_chapter_calculation_33543",
  "algorithm" : "eod_public",
  "version" : "1.0",
  "name" : "AJCC Chapter Calculation",
  "title" : "AJCC Chapter Calculation",
  "last_modified" : "2018-03-12T16:40:03.037Z",
  "definition" : [ {
    "key" : "site",
    "name" : "Primary Site",
    "type" : "INPUT"
  }, {
    "key" : "hist",
    "name" : "Histology",
    "type" : "INPUT"
  }, {
    "key" : "behavior",
    "name" : "Behavior",
    "type" : "INPUT"
  }, {
    "key" : "discriminator_1",
    "name" : "Discriminator 1",
    "type" : "INPUT"
  }, {
    "key" : "ajcc_id",
    "name" : "AJCC ID",
    "type" : "ENDPOINT"
  }, {
    "key" : "description",
    "name" : "Description",
    "type" : "DESCRIPTION"
  } ],
  "rows" : [ [ "C150-C159", "8936", "0,1,3", "", "VALUE:43.2", "Gastrointestinal Stromal Tumor: Small Intestinal, Esophageal, Colorectal, Mesenteric, and Peritoneal" ], [ "C160-C169", "8936", "0,1,3", "", "VALUE:43.1", "Gastrointestinal Stromal Tumor: Gastric and Omental " ], [ "C170-C172,C178-C209", "8936", "0,1,3", "", "VALUE:43.2", "Gastrointestinal Stromal Tumor: Small Intestinal, Esophageal, Colorectal, Mesenteric, and Peritoneal" ], [ "C173", "8936", "0,1,3", "", "VALUE:XX", "Other Gastrointestinal Stromal Tumors" ], [ "C480", "8936", "0,1,3", "", "VALUE:43.2", "Gastrointestinal Stromal Tumor: Small Intestinal, Esophageal, Colorectal, Mesenteric, and Peritoneal" ], [ "C481", "8936", "0,1,3", "2", "VALUE:43.1", "Gastrointestinal Stromal Tumor: Gastric and Omental " ], [ "C481", "8936", "0,1,3", "1,9", "VALUE:43.2", "Gastrointestinal Stromal Tumor: Small Intestinal, Esophageal, Colorectal, Mesenteric, and Peritoneal" ], [ "C482,C488", "8936", "0,1,3", "", "VALUE:43.2", "Gastrointestinal Stromal Tumor: Small Intestinal, Esophageal, Colorectal, Mesenteric, and Peritoneal" ], [ "C150-C159", "8936", "2", "", "VALUE:XX", "Other Gastrointestinal Stromal Tumors" ], [ "C160-C169", "8936", "2", "", "VALUE:XX", "Other Gastrointestinal Stromal Tumors" ], [ "C170-C172,C178-C209", "8936", "2", "", "VALUE:XX", "Other Gastrointestinal Stromal Tumors" ], [ "C173", "8936", "2", "", "VALUE:XX", "Other Gastrointestinal Stromal Tumors" ], [ "C480", "8936", "2", "", "VALUE:XX", "Other Gastrointestinal Stromal Tumors" ], [ "C481", "8936", "2", "2", "VALUE:XX", "Other Gastrointestinal Stromal Tumors" ], [ "C481", "8936", "2", "1,9", "VALUE:XX", "Other Gastrointestinal Stromal Tumors" ], [ "C482,C488", "8936", "2", "", "VALUE:XX", "Other Gastrointestinal Stromal Tumors" ], [ "C150-C209", "8935", "*", "", "VALUE:XX", "Other Gastrointestinal Stromal Tumors" ], [ "C480-C482,C488", "8935", "*", "", "VALUE:XX", "Other Gastrointestinal Stromal Tumors" ], [ "C481", "8935", "*", "1,2,9", "VALUE:XX", "Other Gastrointestinal Stromal Tumors" ], [ "C000-C148", "8935,8936", "*", "", "VALUE:XX", "Other Gastrointestinal Stromal Tumors" ], [ "C210-C479", "8935,8936", "*", "", "VALUE:XX", "Other Gastrointestinal Stromal Tumors" ], [ "C490-C539", "8935,8936", "*", "", "VALUE:XX", "Other Gastrointestinal Stromal Tumors" ], [ "C571-C809", "8935,8936", "*", "", "VALUE:XX", "Other Gastrointestinal Stromal Tumors" ], [ "C000-C480,C482-C539,C571-C809", "8935,8936", "*", "1,2,9", "ERROR:Site is not C481, Schema Discriminator 1 should be blank", "" ] ]
}