{
  "id" : "ajcc_chapter_calculation_30343",
  "algorithm" : "eod_public",
  "version" : "1.0",
  "name" : "AJCC Chapter Calculation",
  "title" : "AJCC Chapter Calculation",
  "last_modified" : "2018-03-12T16:39:59.117Z",
  "definition" : [ {
    "key" : "hist",
    "name" : "Histology",
    "type" : "INPUT"
  }, {
    "key" : "ajcc_id",
    "name" : "AJCC ID",
    "type" : "ENDPOINT"
  }, {
    "key" : "description",
    "name" : "Description",
    "type" : "DESCRIPTION"
  } ],
  "rows" : [ [ "8000,8010,8013,8041,8045,8051-8052,8070-8072,8074-8075,8082-8083", "VALUE:13.1", "Larynx: Supraglottis" ], [ "8200,8240,8249", "VALUE:13.1", "Larynx: Supraglottis" ], [ "8430,8560", "VALUE:13.1", "Larynx: Supraglottis" ], [ "8001-8005,8011-8012,8014-8040,8042-8044,8046-8050,8053-8060,8073,8076-8081,8084-8191", "VALUE:XX", "Other Larynx: Supraglottis" ], [ "8201-8231,8241-8248,8250-8420", "VALUE:XX", "Other Larynx: Supraglottis" ], [ "8440-8552,8561-8700,9700-9701", "VALUE:XX", "Other Larynx: Supraglottis" ] ]
}