{
  "id" : "ajcc_chapter_calculation_41833",
  "algorithm" : "eod_public",
  "version" : "1.0",
  "name" : "AJCC Chapter Calculation",
  "title" : "AJCC Chapter Calculation",
  "last_modified" : "2018-03-12T16:39:59.221Z",
  "definition" : [ {
    "key" : "hist",
    "name" : "Histology",
    "type" : "INPUT"
  }, {
    "key" : "behavior",
    "name" : "Behavior",
    "type" : "INPUT"
  }, {
    "key" : "ajcc_id",
    "name" : "AJCC ID",
    "type" : "ENDPOINT"
  }, {
    "key" : "description",
    "name" : "Description",
    "type" : "DESCRIPTION"
  } ],
  "rows" : [ [ "8000,8010,8013,8041,8070", "3", "VALUE:58", "Prostate" ], [ "8120,8140,8147-8148", "3", "VALUE:58", "Prostate" ], [ "8201,8230,8240,8260", "3", "VALUE:58", "Prostate" ], [ "8480,8490", "3", "VALUE:58", "Prostate" ], [ "8500,8560,8572,8574", "3", "VALUE:58", "Prostate" ], [ "8000,8010,8013,8041,8070", "2", "VALUE:XX", "Other Prostate" ], [ "8120,8140,8147-8148", "2", "VALUE:XX", "Other Prostate" ], [ "8201,8230,8240,8260", "2", "VALUE:XX", "Other Prostate" ], [ "8480,8490", "2", "VALUE:XX", "Other Prostate" ], [ "8500,8560,8572,8574", "2", "VALUE:XX", "Other Prostate" ], [ "8001-8005,8011-8012,8014-8040,8042-8060,8071-8110", "*", "VALUE:XX", "Other Prostate" ], [ "8121-8131,8141-8146,8149-8200", "*", "VALUE:XX", "Other Prostate" ], [ "8202-8221,8231,8241-8257,8261-8474", "*", "VALUE:XX", "Other Prostate" ], [ "8481-8482,8501-8552,8561-8571,8573,8575-8700,8720-8790,9700-9701", "*", "VALUE:XX", "Other Prostate" ] ]
}