{
  "id" : "ajcc_grade_3_94758",
  "algorithm" : "eod_public",
  "version" : "1.0",
  "name" : "Grade Clinical",
  "title" : "Grade Clinical",
  "notes" : "**Note 1:** Clinical grade must not be blank.\n\n**Note 2:** Assign the highest grade from the primary tumor assessed during the clinical time frame. \n\n**Note 3:** Code 1 for stated as “low grade” only.\n\n**Note 4:** Codes 1-3 take priority over H.\n\n**Note 5:** G3 includes undifferentiated and anaplastic.\n\n**Note 6:** Code 9 when\n* Grade from primary site is not documented\n* Clinical workup is not done (for example, cancer is an incidental finding during surgery for another condition)\n* Grade checked “not applicable” on CAP Protocol (if available) and no other grade information is available\n\n**Note 7:** If there is only one grade available and it cannot be determined if it is clinical, pathological, or after neo-adjuvant therapy, assign as a clinical grade and code unknown (9) for pathological grade, and blank for post-therapy grade. \n\n**Note 8:** If you are assigning an AJCC 8th edition stage group\n* Grade is required to assign stage group\n* Code H is treated as a G3 when assigning AJCC stage group \n* An unknown grade may result in an unknown stage group",
  "last_modified" : "2018-03-12T16:39:59.291Z",
  "definition" : [ {
    "key" : "grade_clin",
    "name" : "Code",
    "type" : "INPUT"
  }, {
    "key" : "description",
    "name" : "Description",
    "type" : "DESCRIPTION"
  } ],
  "rows" : [ [ "1", "G1: Well differentiated, low grade" ], [ "2", "G2: Moderately differentiated, high grade " ], [ "3", "G3: Poorly differentiated, high grade " ], [ "H", "Stated as “high grade” only" ], [ "9", "Grade cannot be assessed (GX); Unknown" ] ]
}