{
  "id" : "ajcc_chapter_calculation_85776",
  "algorithm" : "eod_public",
  "version" : "1.0",
  "name" : "AJCC Chapter Calculation",
  "title" : "AJCC Chapter Calculation",
  "last_modified" : "2018-03-12T16:39:59.621Z",
  "definition" : [ {
    "key" : "site",
    "name" : "Primary Site",
    "type" : "INPUT"
  }, {
    "key" : "hist",
    "name" : "Histology",
    "type" : "INPUT"
  }, {
    "key" : "ajcc_id",
    "name" : "AJCC ID",
    "type" : "ENDPOINT"
  }, {
    "key" : "description",
    "name" : "Description",
    "type" : "DESCRIPTION"
  } ],
  "rows" : [ [ "C019,C024,C051-C052,C090-C099", "8051-8052,8070,8074-8075,8082-8083,8086,8560", "VALUE:11.1", "Oropharynx (p16-)" ], [ "C100,C102-C103,C108-C109,C111", "8051-8052,8070,8074-8075,8082-8083,8086,8560", "VALUE:11.1", "Oropharynx (p16-)" ], [ "C104", "8051-8052,8070,8074-8075,8082-8083,8086,8560", "VALUE:XX", "Other Oropharynx (p16-)" ], [ "C019,C024,C051-C052,C090-C099", "8000-8050,8053-8060,8071-8073,8076-8081,8084-8085,8090-8552", "VALUE:XX", "Other Oropharynx (p16-)" ], [ "C100,C102-C104,C108-C109,C111", "8000-8050,8053-8060,8071-8073,8076-8081,8084-8085,8090-8552", "VALUE:XX", "Other Oropharynx (p16-)" ], [ "C019,C024,C051-C052,C090-C099", "8561-8700,9700-9701", "VALUE:XX", "Other Oropharynx (p16-)" ], [ "C100,C102-C104,C108-C109,C111", "8561-8700,9700-9701", "VALUE:XX", "Other Oropharynx (p16-)" ] ]
}