{
  "id" : "ajcc_chapter_calculation_33933",
  "algorithm" : "eod_public",
  "version" : "1.0",
  "name" : "AJCC Chapter Calculation",
  "title" : "AJCC Chapter Calculation",
  "last_modified" : "2018-03-12T16:39:59.169Z",
  "definition" : [ {
    "key" : "hist",
    "name" : "Histology",
    "type" : "INPUT"
  }, {
    "key" : "behavior",
    "name" : "Behavior",
    "type" : "INPUT"
  }, {
    "key" : "ajcc_id",
    "name" : "AJCC ID",
    "type" : "ENDPOINT"
  }, {
    "key" : "description",
    "name" : "Description",
    "type" : "DESCRIPTION"
  } ],
  "rows" : [ [ "8153,8156,8158", "3", "VALUE:30", "Neuroendocrine Tumors of the Duodenum and Ampulla of Vater" ], [ "8240,8249,8683", "3", "VALUE:30", "Neuroendocrine Tumors of the Duodenum and Ampulla of Vater" ], [ "8153,8156,8158", "2", "VALUE:XX", "Other Neuroendocrine Tumors of the Duodenum and Ampulla of Vater" ], [ "8240,8249,8683", "2", "VALUE:XX", "Other Neuroendocrine Tumors of the Duodenum and Ampulla of Vater" ], [ "8150-8152,8155", "*", "VALUE:XX", "Other Neuroendocrine Tumors of the Duodenum and Ampulla of Vater" ], [ "8241-8242", "*", "VALUE:XX", "Other Neuroendocrine Tumors of the Duodenum and Ampulla of Vater" ] ]
}