{
  "id" : "ajcc_chapter_calculation_97240",
  "algorithm" : "eod_public",
  "version" : "1.0",
  "name" : "AJCC Chapter Calculation",
  "title" : "AJCC Chapter Calculation",
  "last_modified" : "2018-03-12T16:39:58.128Z",
  "definition" : [ {
    "key" : "hist",
    "name" : "Histology",
    "type" : "INPUT"
  }, {
    "key" : "ajcc_id",
    "name" : "AJCC ID",
    "type" : "ENDPOINT"
  }, {
    "key" : "description",
    "name" : "Description",
    "type" : "DESCRIPTION"
  } ],
  "rows" : [ [ "8000,8010,8013,8020,8041,8070", "VALUE:24", "Gallbladder" ], [ "8140,8144,8148,8160", "VALUE:24", "Gallbladder" ], [ "8244,8246,8255", "VALUE:24", "Gallbladder" ], [ "8310", "VALUE:24", "Gallbladder" ], [ "8470,8480-8481,8490", "VALUE:24", "Gallbladder" ], [ "8503,8560", "VALUE:24", "Gallbladder" ], [ "8001-8005,8011-8012,8014-8015,8021-8040,8042-8060,8071-8131", "VALUE:XX", "Other Gallbladder (Cystic Duct)" ], [ "8141-8143,8145-8147,8149-8158,8161-8243", "VALUE:XX", "Other Gallbladder (Cystic Duct)" ], [ "8245,8247-8254,8256-8300", "VALUE:XX", "Other Gallbladder (Cystic Duct)" ], [ "8311-8463,8471-8474,8482", "VALUE:XX", "Other Gallbladder (Cystic Duct)" ], [ "8500-8502,8504-8552,8561-8700,8720-8790,9700-9701", "VALUE:XX", "Other Gallbladder (Cystic Duct)" ] ]
}