{
  "id" : "ajcc_chapter_calculation_86760",
  "algorithm" : "eod_public",
  "version" : "1.0",
  "name" : "AJCC Chapter Calculation",
  "title" : "AJCC Chapter Calculation",
  "last_modified" : "2018-03-12T16:40:02.940Z",
  "definition" : [ {
    "key" : "site",
    "name" : "Primary Site",
    "type" : "INPUT"
  }, {
    "key" : "hist",
    "name" : "Histology",
    "type" : "INPUT"
  }, {
    "key" : "ajcc_id",
    "name" : "AJCC ID",
    "type" : "ENDPOINT"
  }, {
    "key" : "description",
    "name" : "Description",
    "type" : "DESCRIPTION"
  } ],
  "rows" : [ [ "C000-C148, C150, C153, C158, C300-C329, C470, C490", "8711", "VALUE:40", "Soft Tissue Sarcoma of the Head and Neck" ], [ "C000-C148, C150, C153, C158, C300-C329, C470, C490", "8800-8802,8810-8811,8815,8825,8832-8833,8840", "VALUE:40", "Soft Tissue Sarcoma of the Head and Neck" ], [ "C000-C148, C150, C153, C158, C300-C329, C470, C490", "8850,8852,8854,8858,8890", "VALUE:40", "Soft Tissue Sarcoma of the Head and Neck" ], [ "C000-C148, C150, C153, C158, C300-C329, C470, C490", "8901,8912", "VALUE:40", "Soft Tissue Sarcoma of the Head and Neck" ], [ "C000-C148, C150, C153, C158, C300-C329, C470, C490", "9040-9041,9043", "VALUE:40", "Soft Tissue Sarcoma of the Head and Neck" ], [ "C000-C148, C150, C153, C158, C300-C329, C470, C490", "9133,9136,9180", "VALUE:40", "Soft Tissue Sarcoma of the Head and Neck" ], [ "C000-C148, C150, C153, C158, C300-C329, C470, C490", "9251,9364", "VALUE:40", "Soft Tissue Sarcoma of the Head and Neck" ], [ "C000-C148, C150, C153, C158, C300-C329, C470, C490", "9540,9542,9561,9580", "VALUE:40", "Soft Tissue Sarcoma of the Head and Neck" ], [ "C722,C724-C725,C739,C750-C755,C758-C759", "8711", "VALUE:40", "Soft Tissue Sarcoma of the Head and Neck" ], [ "C722,C724-C725,C739,C750-C755,C758-C759", "8800-8802,8810-8811,8815,8825,8832-8833,8840", "VALUE:40", "Soft Tissue Sarcoma of the Head and Neck" ], [ "C722,C724-C725,C739,C750-C755,C758-C759", "8850,8852,8854,8858,8890", "VALUE:40", "Soft Tissue Sarcoma of the Head and Neck" ], [ "C722,C724-C725,C739,C750-C755,C758-C759", "8901,8912", "VALUE:40", "Soft Tissue Sarcoma of the Head and Neck" ], [ "C722,C724-C725,C739,C750-C755,C758-C759", "9040-9041,9043", "VALUE:40", "Soft Tissue Sarcoma of the Head and Neck" ], [ "C722,C724-C725,C739,C750-C755,C758-C759", "9133,9136,9180", "VALUE:40", "Soft Tissue Sarcoma of the Head and Neck" ], [ "C722,C724-C725,C739,C750-C755,C758-C759", "9251,9364", "VALUE:40", "Soft Tissue Sarcoma of the Head and Neck" ], [ "C722,C724-C725,C739,C750-C755,C758-C759", "9540,9542,9561,9580", "VALUE:40", "Soft Tissue Sarcoma of the Head and Neck" ], [ "C470,C490", "8000-8700", "VALUE:XX", "Other Soft Tissue Sarcoma of the Head and Neck" ], [ "C000-C148, C150, C153, C158, C300-C329, C470, C490", "8710,8712-8714", "VALUE:XX", "Other Soft Tissue Sarcoma of the Head and Neck" ], [ "C470,C490", "8720-8790", "VALUE:XX", "Other Soft Tissue Sarcoma of the Head and Neck" ], [ "C000-C148, C150, C153, C158, C300-C329, C470, C490", "8803,8812-8814,8820-8824,8826-8831,8834-8836", "VALUE:XX", "Other Soft Tissue Sarcoma of the Head and Neck" ], [ "C000-C148, C150, C153, C158, C300-C329, C470, C490", "8841-8842,8851,8853,8855-8857,8860-8881,8891-8898", "VALUE:XX", "Other Soft Tissue Sarcoma of the Head and Neck" ], [ "C000-C148, C150, C153, C158, C300-C329, C470, C490", "8900,8902-8905,8921,8932-8934", "VALUE:XX", "Other Soft Tissue Sarcoma of the Head and Neck" ], [ "C003-C005,C008-C148,C150,C153,C158,C300-C329,C470,C490", "8940", "VALUE:XX", "Other Soft Tissue Sarcoma of the Head and Neck" ], [ "C000-C069,C090-C148,C150,C153,C158,C301,C312-C329,C470,C490", "8941", "VALUE:XX", "Other Soft Tissue Sarcoma of the Head and Neck" ], [ "C000-C148, C150, C153, C158, C300-C329, C470, C490", "8950-8973", "VALUE:XX", "Other Soft Tissue Sarcoma of the Head and Neck" ], [ "C000-C069,C090-C148, C150, C153, C158, C300-C329, C470, C490", "8974", "VALUE:XX", "Other Soft Tissue Sarcoma of the Head and Neck" ], [ "C000-C148, C150, C153, C158, C300-C329, C470, C490", "8975", "VALUE:XX", "Other Soft Tissue Sarcoma of the Head and Neck" ], [ "C000-C069,C090-C148, C150, C153, C158, C300-C329, C470, C490", "8980", "VALUE:XX", "Other Soft Tissue Sarcoma of the Head and Neck" ], [ "C000-C148, C150, C153, C158, C300-C329, C470, C490", "8981", "VALUE:XX", "Other Soft Tissue Sarcoma of the Head and Neck" ], [ "C019,C024,C051-C052,C090-C148, C150, C153, C158, C301,C312-C329, C470, C490", "8982", "VALUE:XX", "Other Soft Tissue Sarcoma of the Head and Neck" ], [ "C000-C148, C150, C153, C158, C300-C329, C470, C490", "8983-8990,9000-9016,9030,9042,9045-9110", "VALUE:XX", "Other Soft Tissue Sarcoma of the Head and Neck" ], [ "C000-C148, C150, C153, C158, C300-C329, C470, C490", "9121-9132,9135,9137,9141-9175,9181-9230,9240-9250", "VALUE:XX", "Other Soft Tissue Sarcoma of the Head and Neck" ], [ "C000-C148, C150, C153, C158, C300-C329, C470, C490", "9252-9363,9365-9539,9541,9550-9560,9562-9571,9582", "VALUE:XX", "Other Soft Tissue Sarcoma of the Head and Neck" ], [ "C470,C490", "9700-9701", "VALUE:XX", "Other Soft Tissue Sarcoma of the Head and Neck" ], [ "C722,C724-C725,C739,C750-C755,C758-C759", "8710,8712-8714", "VALUE:XX", "Other Soft Tissue Sarcoma of the Head and Neck" ], [ "C722,C724-C725,C739,C750-C755,C758-C759", "8803,8812-8814,8820-8824,8826-8831,8834-8836", "VALUE:XX", "Other Soft Tissue Sarcoma of the Head and Neck" ], [ "C722,C724-C725,C739,C750-C755,C758-C759", "8841-8842,8851,8853,8855-8857,8860-8881,8891-8898", "VALUE:XX", "Other Soft Tissue Sarcoma of the Head and Neck" ], [ "C739,C750,C754-C755,C758-C759", "8900", "VALUE:XX", "Other Soft Tissue Sarcoma of the Head and Neck" ], [ "C722,C724-C725,C739,C750-C755,C758-C759", "8902-8905,8921,8932-8934,8940-8990", "VALUE:XX", "Other Soft Tissue Sarcoma of the Head and Neck" ], [ "C722,C724-C725,C739,C750-C755,C758-C759", "9000-9016,9030,9042,9045-9063", "VALUE:XX", "Other Soft Tissue Sarcoma of the Head and Neck" ], [ "C739,C750,C754-C755,C758-C759", "9064", "VALUE:XX", "Other Soft Tissue Sarcoma of the Head and Neck" ], [ "C722,C724-C725,C739,C750-C755,C758-C759", "9065", "VALUE:XX", "Other Soft Tissue Sarcoma of the Head and Neck" ], [ "C739,C750,C754-C755,C758-C759", "9070-9071", "VALUE:XX", "Other Soft Tissue Sarcoma of the Head and Neck" ], [ "C722,C724-C725,C739,C750-C755,C758-C759", "9072-9073", "VALUE:XX", "Other Soft Tissue Sarcoma of the Head and Neck" ], [ "C739,C750,C754-C755,C758-C759", "9080", "VALUE:XX", "Other Soft Tissue Sarcoma of the Head and Neck" ], [ "C722,C724-C725,C739,C750-C755,C758-C759", "9081-9083", "VALUE:XX", "Other Soft Tissue Sarcoma of the Head and Neck" ], [ "C739,C750,C754-C755,C758-C759", "9084-9085", "VALUE:XX", "Other Soft Tissue Sarcoma of the Head and Neck" ], [ "C722,C724-C725,C739,C750-C755,C758-C759", "9086-9091", "VALUE:XX", "Other Soft Tissue Sarcoma of the Head and Neck" ], [ "C739,C750,C754-C755,C758-C759", "9100", "VALUE:XX", "Other Soft Tissue Sarcoma of the Head and Neck" ], [ "C722,C724-C725,C739,C750-C755,C758-C759", "9101-9110,9121-9132,9135,9137,9141-9175,9181-9210", "VALUE:XX", "Other Soft Tissue Sarcoma of the Head and Neck" ], [ "C739,C750,C754-C755,C758-C759", "9220", "VALUE:XX", "Other Soft Tissue Sarcoma of the Head and Neck" ], [ "C722,C724-C725,C739,C750-C755,C758-C759", "9221-9230,9240-9250,9252-9361", "VALUE:XX", "Other Soft Tissue Sarcoma of the Head and Neck" ], [ "C739,C750,C754-C755,C758-C759", "9362", "VALUE:XX", "Other Soft Tissue Sarcoma of the Head and Neck" ], [ "C722,C724-C725,C739,C750-C755,C758-C759", "9363,9365-9381", "VALUE:XX", "Other Soft Tissue Sarcoma of the Head and Neck" ], [ "C739,C750,C754-C755,C758-C759", "9382", "VALUE:XX", "Other Soft Tissue Sarcoma of the Head and Neck" ], [ "C722,C724-C725,C739,C750-C755,C758-C759", "9383-9384", "VALUE:XX", "Other Soft Tissue Sarcoma of the Head and Neck" ], [ "C739,C750,C754-C755,C758-C759", "9385-9401", "VALUE:XX", "Other Soft Tissue Sarcoma of the Head and Neck" ], [ "C722,C724-C725,C739,C750-C755,C758-C759", "9410", "VALUE:XX", "Other Soft Tissue Sarcoma of the Head and Neck" ], [ "C739,C750,C754-C755,C758-C759", "9411", "VALUE:XX", "Other Soft Tissue Sarcoma of the Head and Neck" ], [ "C722,C724-C725,C739,C750-C755,C758-C759", "9412-9423", "VALUE:XX", "Other Soft Tissue Sarcoma of the Head and Neck" ], [ "C739,C750,C754-C755,C758-C759", "9424-9430", "VALUE:XX", "Other Soft Tissue Sarcoma of the Head and Neck" ], [ "C722,C724-C725,C739,C750-C755,C758-C759", "9431-9432", "VALUE:XX", "Other Soft Tissue Sarcoma of the Head and Neck" ], [ "C739,C750,C754-C755,C758-C759", "9440-9442", "VALUE:XX", "Other Soft Tissue Sarcoma of the Head and Neck" ], [ "C722,C724-C725,C739,C750-C755,C758-C759", "9444", "VALUE:XX", "Other Soft Tissue Sarcoma of the Head and Neck" ], [ "C739,C750,C754-C755,C758-C759", "9445-9451", "VALUE:XX", "Other Soft Tissue Sarcoma of the Head and Neck" ], [ "C722,C724-C725,C739,C750-C755,C758-C759", "9460", "VALUE:XX", "Other Soft Tissue Sarcoma of the Head and Neck" ], [ "C739,C750,C754-C755,C758-C759", "9470-9471", "VALUE:XX", "Other Soft Tissue Sarcoma of the Head and Neck" ], [ "C722,C724-C725,C739,C750-C755,C758-C759", "9472", "VALUE:XX", "Other Soft Tissue Sarcoma of the Head and Neck" ], [ "C739,C750,C754-C755,C758-C759", "9473-9478", "VALUE:XX", "Other Soft Tissue Sarcoma of the Head and Neck" ], [ "C722,C724-C725,C739,C750-C755,C758-C759", "9480", "VALUE:XX", "Other Soft Tissue Sarcoma of the Head and Neck" ], [ "C739,C750,C754-C755,C758-C759", "9490", "VALUE:XX", "Other Soft Tissue Sarcoma of the Head and Neck" ], [ "C722,C724-C725,C739,C750-C755,C758-C759", "9491-9493", "VALUE:XX", "Other Soft Tissue Sarcoma of the Head and Neck" ], [ "C739,C750,C754-C755,C758-C759", "9500-9501", "VALUE:XX", "Other Soft Tissue Sarcoma of the Head and Neck" ], [ "C722,C724-C725,C739,C750-C755,C758-C759", "9502-9504", "VALUE:XX", "Other Soft Tissue Sarcoma of the Head and Neck" ], [ "C739,C750,C754-C755,C758-C759", "9505", "VALUE:XX", "Other Soft Tissue Sarcoma of the Head and Neck" ], [ "C722,C724-C725,C739,C750-C755,C758-C759", "9506-9507", "VALUE:XX", "Other Soft Tissue Sarcoma of the Head and Neck" ], [ "C739,C750,C754-C755,C758-C759", "9508", "VALUE:XX", "Other Soft Tissue Sarcoma of the Head and Neck" ], [ "C722,C724-C725,C739,C750-C755,C758-C759", "9509-9523", "VALUE:XX", "Other Soft Tissue Sarcoma of the Head and Neck" ], [ "C723", "9510-9514", "VALUE:XX", "Other Soft Tissue Sarcoma of the Head and Neck" ], [ "C739,C750,C754-C755,C758-C759", "9530", "VALUE:XX", "Other Soft Tissue Sarcoma of the Head and Neck" ], [ "C722,C724-C725,C739,C750-C755,C758-C759", "9531-9537", "VALUE:XX", "Other Soft Tissue Sarcoma of the Head and Neck" ], [ "C739,C750,C754-C755,C758-C759", "9538", "VALUE:XX", "Other Soft Tissue Sarcoma of the Head and Neck" ], [ "C722,C724-C725,C739,C750-C755,C758-C759", "9539,9541,9550-9560,9562-9571,9582", "VALUE:XX", "Other Soft Tissue Sarcoma of the Head and Neck" ] ]
}