{
  "id" : "ajcc_chapter_calculation_76566",
  "algorithm" : "eod_public",
  "version" : "1.0",
  "name" : "AJCC Chapter Calculation",
  "title" : "AJCC Chapter Calculation",
  "last_modified" : "2018-03-12T16:39:51.684Z",
  "definition" : [ {
    "key" : "hist",
    "name" : "Histology",
    "type" : "INPUT"
  }, {
    "key" : "behavior",
    "name" : "Behavior",
    "type" : "INPUT"
  }, {
    "key" : "ajcc_id",
    "name" : "AJCC ID",
    "type" : "ENDPOINT"
  }, {
    "key" : "description",
    "name" : "Description",
    "type" : "DESCRIPTION"
  } ],
  "rows" : [ [ "8240,8249", "3", "VALUE:33", "Neuroendocrine Tumors of the Colon and Rectum" ], [ "8240,8249", "2", "VALUE:XX", "Other Neuroendocrine Tumors of the Colon and Rectum" ], [ "8150-8153,8155-8156,8158", "*", "VALUE:XX", "Other Neuroendocrine Tumors of the Colon and Rectum" ], [ "8241-8242,8683", "*", "VALUE:XX", "Other Neuroendocrine Tumors of the Colon and Rectum" ] ]
}