{
  "id" : "ajcc_chapter_calculation_21096",
  "algorithm" : "eod_public",
  "version" : "1.0",
  "name" : "AJCC Chapter Calculation",
  "title" : "AJCC Chapter Calculation",
  "last_modified" : "2018-03-12T16:39:59.282Z",
  "definition" : [ {
    "key" : "hist",
    "name" : "Histology",
    "type" : "INPUT"
  }, {
    "key" : "behavior",
    "name" : "Behavior",
    "type" : "INPUT"
  }, {
    "key" : "ajcc_id",
    "name" : "AJCC ID",
    "type" : "ENDPOINT"
  }, {
    "key" : "description",
    "name" : "Description",
    "type" : "DESCRIPTION"
  } ],
  "rows" : [ [ "8000,8010,8013,8020,8041,8051-8052,8070-8072,8083,8098", "3", "VALUE:51", "Vagina" ], [ "8140,8246,8260", "3", "VALUE:51", "Vagina" ], [ "8310,8380", "3", "VALUE:51", "Vagina" ], [ "8480,8560,8693", "3", "VALUE:51", "Vagina" ], [ "8933,8980", "3", "VALUE:51", "Vagina" ], [ "9071,9110", "3", "VALUE:51", "Vagina" ], [ "8000,8010,8013,8020,8041,8051-8052,8070-8072,8083,8098", "2", "VALUE:XX", "Other Vagina" ], [ "8140,8246,8260", "2", "VALUE:XX", "Other Vagina" ], [ "8310,8380", "2", "VALUE:XX", "Other Vagina" ], [ "8480,8560,8693", "2", "VALUE:XX", "Other Vagina" ], [ "8933,8980", "2", "VALUE:XX", "Other Vagina" ], [ "9071,9110", "2", "VALUE:XX", "Other Vagina" ], [ "8001-8005,8011-8012,8014-8015,8021-8040,8042-8050,8053-8060,8073-8082,8084-8097", "*", "VALUE:XX", "Other Vagina" ], [ "8100-8131,8141-8245,8247-8257,8261-8300", "*", "VALUE:XX", "Other Vagina" ], [ "8311-8375,8381-8474", "*", "VALUE:XX", "Other Vagina" ], [ "8481-8552,8561-8692", "*", "VALUE:XX", "Other Vagina" ], [ "8700,8720-8790,9700-9701", "*", "VALUE:XX", "Other Vagina" ] ]
}