{
  "id" : "ajcc_chapter_calculation_81087",
  "algorithm" : "eod_public",
  "version" : "1.0",
  "name" : "AJCC Chapter Calculation",
  "title" : "AJCC Chapter Calculation",
  "last_modified" : "2018-03-12T16:39:59.251Z",
  "definition" : [ {
    "key" : "site",
    "name" : "Primary Site",
    "type" : "INPUT"
  }, {
    "key" : "hist",
    "name" : "Histology",
    "type" : "INPUT"
  }, {
    "key" : "behavior",
    "name" : "Behavior",
    "type" : "INPUT"
  }, {
    "key" : "ajcc_id",
    "name" : "AJCC ID",
    "type" : "ENDPOINT"
  }, {
    "key" : "description",
    "name" : "Description",
    "type" : "DESCRIPTION"
  } ],
  "rows" : [ [ "C701, C709, C720-C729", "8720, 8728", "2,3", "VALUE:72", "Brain and Spinal Cord" ], [ "C701, C709, C720-C721, C728-C729", "8802, 8810, 8815, 8850, 8890", "2,3", "VALUE:72", "Brain and Spinal Cord" ], [ "C701, C709, C720-C722, C724-C729", "8900", "2,3", "VALUE:72", "Brain and Spinal Cord" ], [ "C701, C709, C720-C729", "9064, 9070", "2,3", "VALUE:72", "Brain and Spinal Cord" ], [ "C701, C709, C720-C722, C724-C729", "9071", "2,3", "VALUE:72", "Brain and Spinal Cord" ], [ "C701, C709, C720-C729", "9080, 9084-9085, 9100", "2,3", "VALUE:72", "Brain and Spinal Cord" ], [ "C701, C709, C720-C722, C724-C729", "9120", "2,3", "VALUE:72", "Brain and Spinal Cord" ], [ "C701, C709, C720-C721, C728-C729", "9133", "2,3", "VALUE:72", "Brain and Spinal Cord" ], [ "C701, C709, C720-C729", "9140", "2,3", "VALUE:72", "Brain and Spinal Cord" ], [ "C701, C709, C720-C721, C723, C728-C729", "9180", "2,3", "VALUE:72", "Brain and Spinal Cord" ], [ "C701, C709, C720-C722, C724-C729", "9220", "2,3", "VALUE:72", "Brain and Spinal Cord" ], [ "C701, C709, C720-C729", "9362", "2,3", "VALUE:72", "Brain and Spinal Cord" ], [ "C701, C709, C720-C721, C728-C729", "9364", "2,3", "VALUE:72", "Brain and Spinal Cord" ], [ "C701, C709, C720-C729", "9382, 9385, 9390-9393, 9395-9401", "2,3", "VALUE:72", "Brain and Spinal Cord" ], [ "C701, C709, C720-C729", "9411, 9424-9430, 9440-9442, 9445-9451, 9470-9471", "2,3", "VALUE:72", "Brain and Spinal Cord" ], [ "C701, C709, C720-C722, C724-C729", "9473", "2,3", "VALUE:72", "Brain and Spinal Cord" ], [ "C701, C709, C720-C729", "9474-9478, 9490", "2,3", "VALUE:72", "Brain and Spinal Cord" ], [ "C701, C709, C720-C722, C724-C729", "9500", "2,3", "VALUE:72", "Brain and Spinal Cord" ], [ "C701, C709, C720-C729", "9501, 9505, 9508", "2,3", "VALUE:72", "Brain and Spinal Cord" ], [ "C701, C709, C720-C722, C724-C729", "9530", "2,3", "VALUE:72", "Brain and Spinal Cord" ], [ "C701, C709, C720-C729", "9538", "2,3", "VALUE:72", "Brain and Spinal Cord" ], [ "C701, C709, C720-C721, C728-C729", "9540", "2,3", "VALUE:72", "Brain and Spinal Cord" ], [ "C701, C709, C720-C729", "9680, 9699, 9702, 9712, 9714, 9751-9755", "2,3", "VALUE:72", "Brain and Spinal Cord" ], [ "C701, C709, C720-C729", "8720, 8728", "0,1", "VALUE:XX", "Other CNS Other" ], [ "C701, C709, C720-C721, C728-C729", "8802, 8810, 8815, 8850, 8890", "0,1", "VALUE:XX", "Other CNS Other" ], [ "C701, C709, C720-C722, C724-C729", "8900", "0,1", "VALUE:XX", "Other CNS Other" ], [ "C701, C709, C720-C729", "9064, 9070", "0,1", "VALUE:XX", "Other CNS Other" ], [ "C701, C709, C720-C722, C724-C729", "9071", "0,1", "VALUE:XX", "Other CNS Other" ], [ "C701, C709, C720-C729", "9080, 9084-9085, 9100", "0,1", "VALUE:XX", "Other CNS Other" ], [ "C701, C709, C720-C722, C724-C729", "9120", "0,1", "VALUE:XX", "Other CNS Other" ], [ "C701, C709, C720-C721, C728-C729", "9133", "0,1", "VALUE:XX", "Other CNS Other" ], [ "C701, C709, C720-C729", "9140", "0,1", "VALUE:XX", "Other CNS Other" ], [ "C701, C709, C720-C721, C723, C728-C729", "9180", "0,1", "VALUE:XX", "Other CNS Other" ], [ "C701, C709, C720-C722, C724-C729", "9220", "0,1", "VALUE:XX", "Other CNS Other" ], [ "C701, C709, C720-C729", "9362", "0,1", "VALUE:XX", "Other CNS Other" ], [ "C701, C709, C720-C721, C728-C729", "9364", "0,1", "VALUE:XX", "Other CNS Other" ], [ "C701, C709, C720-C729", "9382, 9385, 9390-9393, 9395-9401", "0,1", "VALUE:XX", "Other CNS Other" ], [ "C701, C709, C720-C729", "9411, 9424-9430, 9440-9442, 9445-9451, 9470-9471", "0,1", "VALUE:XX", "Other CNS Other" ], [ "C701, C709, C720-C722, C724-C729", "9473", "0,1", "VALUE:XX", "Other CNS Other" ], [ "C701, C709, C720-C729", "9474-9478, 9490", "0,1", "VALUE:XX", "Other CNS Other" ], [ "C701, C709, C720-C722, C724-C729", "9500", "0,1", "VALUE:XX", "Other CNS Other" ], [ "C701, C709, C720-C729", "9501, 9505, 9508", "0,1", "VALUE:XX", "Other CNS Other" ], [ "C701, C709, C720-C722, C724-C729", "9530", "0,1", "VALUE:XX", "Other CNS Other" ], [ "C701, C709, C720-C729", "9538", "0,1", "VALUE:XX", "Other CNS Other" ], [ "C701, C709, C720-C721, C728-C729", "9540", "0,1", "VALUE:XX", "Other CNS Other" ], [ "C701, C709, C720-C729", "9680, 9699, 9702, 9712, 9714, 9751-9755", "0,1", "VALUE:XX", "Other CNS Other" ], [ "C701, C709, C720-C729", "8000-8700", "*", "VALUE:XX", "Other CNS Other" ], [ "C701, C709, C720-C729", "8721-8727,8730-8790", "*", "VALUE:XX", "Other CNS Other" ], [ "C701, C709, C720-C721, C728-C729", "9101-9105", "*", "VALUE:XX", "Other CNS Other" ], [ "C701, C709, C720-C722, C724-C729", "9394", "*", "VALUE:XX", "Other CNS Other" ], [ "C701, C709, C720-C729", "9700-9701,9705-9709,9756-9759", "*", "VALUE:XX", "Other CNS Other" ] ]
}