{
  "id" : "ajcc_chapter_calculation_70824",
  "algorithm" : "eod_public",
  "version" : "1.0",
  "name" : "AJCC Chapter Calculation",
  "title" : "AJCC Chapter Calculation",
  "last_modified" : "2018-03-12T16:39:58.897Z",
  "definition" : [ {
    "key" : "hist",
    "name" : "Histology",
    "type" : "INPUT"
  }, {
    "key" : "site",
    "name" : "Primary Site",
    "type" : "INPUT"
  }, {
    "key" : "ajcc_id",
    "name" : "AJCC ID",
    "type" : "ENDPOINT"
  }, {
    "key" : "description",
    "name" : "Description",
    "type" : "DESCRIPTION"
  } ],
  "rows" : [ [ "9590-9591", "C000-C424,C470-C509,C511-C608,C619-C631,C637-C689,C691-C694,C739-C749,C760-C809", "VALUE:79.0", "Non-Hodgkin Lymphomas: Unspecified or Other Type" ], [ "9596", "C000-C424,C470-C509,C511-C608,C619-C631,C637-C689,C691-C694,C739-C749,C760-C809", "VALUE:79.0", "Non-Hodgkin Lymphomas: Unspecified or Other Type" ], [ "9597", "C000-C424,C470-C509,C511-C608,C619-C631,C637-C689,C691-C694,C739-C749,C760-C809", "VALUE:XX", "Other Lymphomas" ], [ "9650-9653,9655", "C000-C424,C470-C509,C511-C608,C619-C631,C637-C689,C691-C694,C739-C749,C760-C809", "VALUE:79.7", "Hodgkin Lymphoma" ], [ "9659", "C000-C424,C470-C509,C511-C608,C619-C631,C637-C689,C691-C694,C739-C749,C760-C809", "VALUE:79.7", "Hodgkin Lymphoma" ], [ "9663", "C000-C424,C470-C509,C511-C608,C619-C631,C637-C689,C691-C694,C739-C749,C760-C809", "VALUE:79.7", "Hodgkin Lymphoma" ], [ "9673", "C000-C424,C470-C509,C511-C608,C619-C631,C637-C689,C691-C694,C739-C749,C760-C809", "VALUE:79.2", "Non-Hodgkin Lymphomas: Mantle Cell Lymphoma" ], [ "9678-9680", "C000-C424,C470-C509,C511-C608,C619-C631,C637-C689,C691-C694,C739-C749,C760-C809", "VALUE:79.1", "Non-Hodgkin Lymphomas: Diffuse Large B Cell Lymphoma" ], [ "9687", "C000-C424,C470-C509,C511-C608,C619-C631,C637-C689,C691-C694,C739-C749,C760-C809", "VALUE:79.0", "Non-Hodgkin Lymphomas: Unspecified or Other Type" ], [ "9688", "C000-C424,C470-C509,C511-C608,C619-C631,C637-C689,C691-C694,C739-C749,C760-C809", "VALUE:79.1", "Non-Hodgkin Lymphomas: Diffuse Large B Cell Lymphoma" ], [ "9689", "C000-C424,C470-C509,C511-C608,C619-C631,C637-C689,C691-C694,C739-C749,C760-C809", "VALUE:79.4", "Non-Hodgkin Lymphomas: Marginal Zone Lymphoma" ], [ "9690-9691", "C000-C424,C470-C509,C511-C608,C619-C631,C637-C689,C691-C694,C739-C749,C760-C809", "VALUE:79.3", "Non-Hodgkin Lymphomas: Follicular Lymphoma" ], [ "9695", "C000-C424,C470-C509,C511-C608,C619-C631,C637-C689,C691-C694,C739-C749,C760-C809", "VALUE:79.3", "Non-Hodgkin Lymphomas: Follicular Lymphoma" ], [ "9698", "C000-C424,C470-C509,C511-C608,C619-C631,C637-C689,C691-C694,C739-C749,C760-C809", "VALUE:79.3", "Non-Hodgkin Lymphomas: Follicular Lymphoma" ], [ "9699", "C000-C424,C470-C509,C511-C608,C619-C631,C637-C689,C691-C694,C739-C749,C760-C809", "VALUE:79.4", "Non-Hodgkin Lymphomas: Marginal Zone Lymphoma" ], [ "9702", "C000-C424,C470-C509,C511-C608,C619-C631,C637-C689,C691-C694,C739-C749,C760-C809", "VALUE:79.6", "Non-Hodgkin Lymphomas: Peripheral T-cell Lymphoma" ], [ "9705", "C000-C424,C470-C509,C511-C608,C619-C631,C637-C689,C691-C694,C739-C749,C760-C809", "VALUE:79.6", "Non-Hodgkin Lymphomas: Peripheral T-cell Lymphoma" ], [ "9708-9709", "C000-C424,C470-C509,C511-C608,C619-C631,C637-C689,C691-C694,C739-C749,C760-C809", "VALUE:79.6", "Non-Hodgkin Lymphomas: Peripheral T-cell Lymphoma" ], [ "9712", "C000-C424,C470-C509,C511-C608,C619-C631,C637-C689,C691-C694,C739-C749,C760-C809", "VALUE:79.1", "Non-Hodgkin Lymphomas: Diffuse Large B Cell Lymphoma" ], [ "9714", "C000-C424,C470-C509,C511-C608,C619-C631,C637-C689,C691-C694,C739-C749,C760-C809", "VALUE:79.6", "Non-Hodgkin Lymphomas: Peripheral T-cell Lymphoma" ], [ "9716-9719", "C000-C424,C470-C509,C511-C608,C619-C631,C637-C689,C691-C694,C739-C749,C760-C809", "VALUE:79.6", "Non-Hodgkin Lymphomas: Peripheral T-cell Lymphoma" ], [ "9725-9726", "C000-C424,C470-C509,C511-C608,C619-C631,C637-C689,C691-C694,C739-C749,C760-C809", "VALUE:79.6", "Non-Hodgkin Lymphomas: Peripheral T-cell Lymphoma" ], [ "9735", "C000-C424,C470-C509,C511-C608,C619-C631,C637-C689,C691-C694,C739-C749,C760-C809", "VALUE:79.1", "Non-Hodgkin Lymphomas: Diffuse Large B Cell Lymphoma" ], [ "9737-9738", "C000-C424,C470-C509,C511-C608,C619-C631,C637-C689,C691-C694,C739-C749,C760-C809", "VALUE:79.1", "Non-Hodgkin Lymphomas: Diffuse Large B Cell Lymphoma" ], [ "9826", "C000-C424,C470-C509,C511-C608,C619-C631,C637-C689,C691-C694,C739-C749,C760-C809", "VALUE:79.0", "Non-Hodgkin Lymphomas: Unspecified or Other Type" ], [ "9827", "C000-C424,C470-C509,C511-C608,C619-C631,C637-C689,C691-C694,C739-C749,C760-C809", "VALUE:79.6", "Non-Hodgkin Lymphomas: Peripheral T-cell Lymphoma" ], [ "9590-9591, 9596", "C440,C442-C449,C510,C609,C632,C698-C699", "VALUE:XX", "Other Lymphomas" ], [ "9597", "C698-C699", "VALUE:XX", "Other Lymphomas" ], [ "9650-9663,9673-9679", "C440,C442-C449,C510,C609,C632,C698-C699", "VALUE:XX", "Other Lymphomas" ], [ "9680", "C698-C699", "VALUE:XX", "Other Lymphomas" ], [ "9687-9699", "C440,C442-C449,C510,C609,C632,C698-C699", "VALUE:XX", "Other Lymphomas" ], [ "9702-9705", "C440,C442-C449,C510,C609,C632,C698-C699", "VALUE:XX", "Other Lymphomas" ], [ "9708-9712", "C698-C699", "VALUE:XX", "Other Lymphomas" ], [ "9714-9717", "C440,C442-C449,C510,C609,C632,C698-C699", "VALUE:XX", "Other Lymphomas" ], [ "9718-9719", "C698-C699", "VALUE:XX", "Other Lymphomas" ], [ "9725", "C440,C442-C449,C510,C609,C632,C698-C699", "VALUE:XX", "Other Lymphomas" ], [ "9726", "C698-C699", "VALUE:XX", "Other Lymphomas" ], [ "9735,9737-9738", "C440,C442-C449,C510,C609,C632,C698-C699", "VALUE:XX", "Other Lymphomas" ], [ "9826-9827", "C440,C442-C449,C510,C609,C632,C698-C699", "VALUE:XX", "Other Lymphomas" ], [ "9590-9591,9596-9663,9673-9679", "C700-C729,C750-C759", "VALUE:XX", "Other Lymphomas" ], [ "9680", "C750,C754-C759", "VALUE:XX", "Other Lymphomas" ], [ "9687-9698", "C700-C729,C750-C759", "VALUE:XX", "Other Lymphomas" ], [ "9699,9702-9714", "C750,C754-C759", "VALUE:XX", "Other Lymphomas" ], [ "9716-9719,9725-9726,9735,9737-9738", "C700-C729,C750-C759", "VALUE:XX", "Other Lymphomas" ], [ "9826-9827", "C700-C729,C750-C759", "VALUE:XX", "Other Lymphomas" ] ]
}