{
  "id" : "ajcc_chapter_calculation_64633",
  "algorithm" : "eod_public",
  "version" : "1.0",
  "name" : "AJCC Chapter Calculation",
  "title" : "AJCC Chapter Calculation",
  "last_modified" : "2018-03-12T16:39:58.113Z",
  "definition" : [ {
    "key" : "hist",
    "name" : "Histology",
    "type" : "INPUT"
  }, {
    "key" : "ajcc_id",
    "name" : "AJCC ID",
    "type" : "ENDPOINT"
  }, {
    "key" : "description",
    "name" : "Description",
    "type" : "DESCRIPTION"
  } ],
  "rows" : [ [ "8000,8010,8051-8052,8070-8072,8074-8075,8082-8083", "VALUE:7", "Oral Cavity" ], [ "8140,8147", "VALUE:7", "Oral Cavity" ], [ "8200,8290,8310", "VALUE:7", "Oral Cavity" ], [ "8430,8480", "VALUE:7", "Oral Cavity" ], [ "8500,8525,8550,8560,8562", "VALUE:7", "Oral Cavity" ], [ "8982", "VALUE:7", "Oral Cavity" ], [ "8001-8005,8011-8050,8053-8060,8073,8076-8081,8084-8131", "VALUE:XX", "Other Oral Cavity" ], [ "8141-8146,8148-8191", "VALUE:XX", "Other Oral Cavity" ], [ "8201-8281,8300", "VALUE:XX", "Other Oral Cavity" ], [ "8311-8420,8440-8474,8481-8490", "VALUE:XX", "Other Oral Cavity" ], [ "8501-8524,8530-8543,8551-8552,8561,8570-8700,9700-9701", "VALUE:XX", "Other Oral Cavity" ] ]
}