{
  "id" : "ajcc_chapter_calculation_68564",
  "algorithm" : "eod_public",
  "version" : "1.0",
  "name" : "AJCC Chapter Calculation",
  "title" : "AJCC Chapter Calculation",
  "last_modified" : "2018-03-12T16:39:59.119Z",
  "definition" : [ {
    "key" : "hist",
    "name" : "Histology",
    "type" : "INPUT"
  }, {
    "key" : "behavior",
    "name" : "Behavior",
    "type" : "INPUT"
  }, {
    "key" : "ajcc_id",
    "name" : "AJCC ID",
    "type" : "ENDPOINT"
  }, {
    "key" : "description",
    "name" : "Description",
    "type" : "DESCRIPTION"
  } ],
  "rows" : [ [ "8170-8174", "3", "VALUE:22", "Liver" ], [ "8170-8174", "2", "VALUE:XX", "Other Liver" ], [ "8000-8163,8175-8700", "*", "VALUE:XX", "Other Liver" ], [ "8720-8790,9700-9701", "*", "VALUE:XX", "Other Liver" ] ]
}