{
  "id" : "ajcc_chapter_calculation_41720",
  "algorithm" : "eod_public",
  "version" : "1.0",
  "name" : "AJCC Chapter Calculation",
  "title" : "AJCC Chapter Calculation",
  "last_modified" : "2018-03-12T16:39:59.201Z",
  "definition" : [ {
    "key" : "hist",
    "name" : "Histology",
    "type" : "INPUT"
  }, {
    "key" : "ajcc_id",
    "name" : "AJCC ID",
    "type" : "ENDPOINT"
  }, {
    "key" : "description",
    "name" : "Description",
    "type" : "DESCRIPTION"
  } ],
  "rows" : [ [ "8000-8001,8005,8010", "VALUE:75", "Parathyroid" ], [ "8140,8290", "VALUE:75", "Parathyroid" ], [ "8310,8322", "VALUE:75", "Parathyroid" ], [ "8002-8004,8011-8131", "VALUE:XX", "Other Parathyroid" ], [ "8141-8281", "VALUE:XX", "Other Parathyroid" ], [ "8300,8311-8321,8323-8700,8720-8790,9700-9701", "VALUE:XX", "Other Parathyroid" ] ]
}