{
  "id" : "ajcc_chapter_calculation_89548",
  "algorithm" : "eod_public",
  "version" : "1.0",
  "name" : "AJCC Chapter Calculation",
  "title" : "AJCC Chapter Calculation",
  "last_modified" : "2018-03-12T16:39:59.217Z",
  "definition" : [ {
    "key" : "hist",
    "name" : "Histology",
    "type" : "INPUT"
  }, {
    "key" : "ajcc_id",
    "name" : "AJCC ID",
    "type" : "ENDPOINT"
  }, {
    "key" : "description",
    "name" : "Description",
    "type" : "DESCRIPTION"
  } ],
  "rows" : [ [ "9597,9680", "VALUE:81.2", "Primary Cutaneous Lymphomas: Primary Cutaneous B-Cell/T-cell Lymphoma (non-MF/SS) Lymphoma" ], [ "9708-9709,9712,9718-9719,9726", "VALUE:81.2", "Primary Cutaneous Lymphomas: Primary Cutaneous B-Cell/T-cell Lymphoma (non-MF/SS) Lymphoma" ] ]
}