{
  "id" : "ajcc_chapter_calculation_91473",
  "algorithm" : "eod_public",
  "version" : "1.0",
  "name" : "AJCC Chapter Calculation",
  "title" : "AJCC Chapter Calculation",
  "last_modified" : "2018-03-12T16:39:59.573Z",
  "definition" : [ {
    "key" : "site",
    "name" : "Primary Site",
    "type" : "INPUT"
  }, {
    "key" : "hist",
    "name" : "Histology",
    "type" : "INPUT"
  }, {
    "key" : "ajcc_id",
    "name" : "AJCC ID",
    "type" : "ENDPOINT"
  }, {
    "key" : "description",
    "name" : "Description",
    "type" : "DESCRIPTION"
  } ],
  "rows" : [ [ "C170-C172,C178-C179", "8010,8140", "VALUE:18.1", "Small Intestine: Adenocarcinoma" ], [ "C170-C172,C178-C179", "8210,8261,8263", "VALUE:18.1", "Small Intestine: Adenocarcinoma" ], [ "C170-C172,C178-C179", "8480-8481,8490", "VALUE:18.1", "Small Intestine: Adenocarcinoma" ], [ "C170-C172,C178-C179", "8000,8013,8020,8041,8070", "VALUE:18.2", "Small Intestine: Other Histologies" ], [ "C170-C172,C178-C179", "8148", "VALUE:18.2", "Small Intestine: Other Histologies" ], [ "C170-C172,C178-C179", "8244,8255", "VALUE:18.2", "Small Intestine: Other Histologies" ], [ "C170-C172,C178-C179", "8510,8560", "VALUE:18.2", "Small Intestine: Other Histologies" ], [ "C173", "8000,8010,8013,8020,8041,8070", "VALUE:XX", "Other Small Intestine" ], [ "C173", "8140,8148", "VALUE:XX", "Other Small Intestine" ], [ "C173", "8210,8244,8255,8261,8263", "VALUE:XX", "Other Small Intestine" ], [ "C173", "8480-8481,8490", "VALUE:XX", "Other Small Intestine" ], [ "C173", "8510,8560", "VALUE:XX", "Other Small Intestine" ], [ "C170-C173,C178-C179", "8001-8005,8011-8012,8014-8015,8021-8040,8042-8060,8071-8131", "VALUE:XX", "Other Small Intestine" ], [ "C170-C173,C178-C179", "8141-8147,8149,8154,8157,8160-8204", "VALUE:XX", "Other Small Intestine" ], [ "C170-C173,C178-C179", "8211-8231,8243,8245-8248,8250-8254,8256-8260,8262,8264-8474", "VALUE:XX", "Other Small Intestine" ], [ "C170-C173,C178-C179", "8482,8500-8509,8512-8552,8561-8682", "VALUE:XX", "Other Small Intestine" ], [ "C170-C173,C178-C179", "8690-8700,8720-8790,9700-9701", "VALUE:XX", "Other Small Intestine" ] ]
}