{
  "id" : "ajcc_chapter_calculation_21765",
  "algorithm" : "eod_public",
  "version" : "1.0",
  "name" : "AJCC Chapter Calculation",
  "title" : "AJCC Chapter Calculation",
  "last_modified" : "2018-03-12T16:39:58.120Z",
  "definition" : [ {
    "key" : "hist",
    "name" : "Histology",
    "type" : "INPUT"
  }, {
    "key" : "ajcc_id",
    "name" : "AJCC ID",
    "type" : "ENDPOINT"
  }, {
    "key" : "description",
    "name" : "Description",
    "type" : "DESCRIPTION"
  } ],
  "rows" : [ [ "8000,8010,8013,8020,8041,8070", "VALUE:20", "Colon and Rectum" ], [ "8140", "VALUE:20", "Colon and Rectum" ], [ "8213,8246,8265", "VALUE:20", "Colon and Rectum" ], [ "8480-8481,8490", "VALUE:20", "Colon and Rectum" ], [ "8510,8560", "VALUE:20", "Colon and Rectum" ], [ "8001-8005,8011-8012,8014-8015,8021-8040,8042-8060,8071-8131", "VALUE:XX", "Other Colon and Rectum" ], [ "8141-8149,8154,8157,8160-8212", "VALUE:XX", "Other Colon and Rectum" ], [ "8214-8231,8243-8245,8247-8248,8250-8264,8270-8474", "VALUE:XX", "Other Colon and Rectum" ], [ "8482,8500-8509,8512-8552,8561-8682", "VALUE:XX", "Other Colon and Rectum" ], [ "8690-8700,8720-8790,9700-9701", "VALUE:XX", "Other Colon and Rectum" ] ]
}