{
  "id" : "ajcc_chapter_calculation_44618",
  "algorithm" : "eod_public",
  "version" : "1.0",
  "name" : "AJCC Chapter Calculation",
  "title" : "AJCC Chapter Calculation",
  "last_modified" : "2018-03-12T16:39:59.018Z",
  "definition" : [ {
    "key" : "hist",
    "name" : "Histology",
    "type" : "INPUT"
  }, {
    "key" : "ajcc_id",
    "name" : "AJCC ID",
    "type" : "ENDPOINT"
  }, {
    "key" : "description",
    "name" : "Description",
    "type" : "DESCRIPTION"
  } ],
  "rows" : [ [ "8010,8013,8020,8041,8070", "VALUE:25", "Perihilar Bile Ducts" ], [ "8140,8144,8148", "VALUE:25", "Perihilar Bile Ducts" ], [ "8246,8310", "VALUE:25", "Perihilar Bile Ducts" ], [ "8470,8480,8490", "VALUE:25", "Perihilar Bile Ducts" ], [ "8503,8560", "VALUE:25", "Perihilar Bile Ducts" ], [ "8000-8005,8011-8012,8014-8015,8021-8040,8042-8060,8071-8131", "VALUE:XX", "Other Perihilar Bile Ducts" ], [ "8141-8143,8145-8147,8149-8245", "VALUE:XX", "Other Perihilar Bile Ducts" ], [ "8247-8300,8311-8463", "VALUE:XX", "Other Perihilar Bile Ducts" ], [ "8471-8474,8481-8482,8500-8502", "VALUE:XX", "Other Perihilar Bile Ducts" ], [ "8504-8552,8561-8700,8720-8790,9700-9701", "VALUE:XX", "Other Perihilar Bile Ducts" ] ]
}