{
  "id" : "ajcc_chapter_calculation_3412",
  "algorithm" : "eod_public",
  "version" : "1.0",
  "name" : "AJCC Chapter Calculation",
  "title" : "AJCC Chapter Calculation",
  "last_modified" : "2018-03-12T16:39:58.111Z",
  "definition" : [ {
    "key" : "hist",
    "name" : "Histology",
    "type" : "INPUT"
  }, {
    "key" : "ajcc_id",
    "name" : "AJCC ID",
    "type" : "ENDPOINT"
  }, {
    "key" : "description",
    "name" : "Description",
    "type" : "DESCRIPTION"
  } ],
  "rows" : [ [ "8800-8801,8804,8810,8815,8830,8850,8890", "VALUE:38.2", "Bone: Spine" ], [ "8900", "VALUE:38.2", "Bone: Spine" ], [ "9040", "VALUE:38.2", "Bone: Spine" ], [ "9120,9133,9180-9185,9187,9192-9194", "VALUE:38.2", "Bone: Spine" ], [ "9220-9221,9231,9240,9242-9243,9250,9261", "VALUE:38.2", "Bone: Spine" ], [ "9364,9370-9372", "VALUE:38.2", "Bone: Spine" ], [ "9540", "VALUE:38.2", "Bone: Spine" ], [ "8000-8790", "VALUE:XX", "Other Bone: Spine" ], [ "8802-8803,8805-8806,8811-8814,8820-8827,8831-8842,8851-8881,8891-8898", "VALUE:XX", "Other Bone: Spine" ], [ "8901-8934,8940-9030,9041-9110", "VALUE:XX", "Other Bone: Spine" ], [ "9121-9132,9135-9137,9141-9175,9186,9191,9195", "VALUE:XX", "Other Bone: Spine" ], [ "9200-9210,9230,9241,9251-9260,9262-9363", "VALUE:XX", "Other Bone: Spine" ], [ "9365,9373-9539,9541-9582,9700-9701", "VALUE:XX", "Other Bone: Spine" ] ]
}