{
  "id" : "behavior_with_primary_tumor_for_ss2018_t_69793",
  "algorithm" : "eod_public",
  "version" : "1.0",
  "name" : "Behavior with Primary Tumor for SS2018 T",
  "title" : "Behavior with EOD Primary Tumor for SS2018 T",
  "notes" : "If EOD Primary Tumor = 050 or 070, Behavior is necessary to determine the Summary Stage T component.",
  "last_modified" : "2018-03-12T16:39:57.221Z",
  "definition" : [ {
    "key" : "eod_primary_tumor",
    "name" : "EOD Primary Tumor",
    "type" : "INPUT"
  }, {
    "key" : "behavior",
    "name" : "Behavior",
    "type" : "INPUT"
  }, {
    "key" : "ss2018_t",
    "name" : "SS2018 T",
    "type" : "ENDPOINT"
  } ],
  "rows" : [ [ "050,700", "2", "VALUE:IS" ], [ "050,070", "3", "VALUE:L" ], [ "050,070", "0,1", "VALUE:U" ], [ "000,100,200,300,400,450,500,600,700,800,999", "*", "MATCH" ] ]
}