{
  "id" : "chromosome_8q_status_83582",
  "algorithm" : "eod_public",
  "version" : "1.0",
  "name" : "Chromosome 8q Status",
  "title" : "Chromosome 8q Status",
  "notes" : "**Note 1:** Physician statement of chromosome 8q status can be used to code this data item when no other information is available.\n\n**Note 2:** Monosomy 3, especially if combined with a frequently coexisting gain in chromosome 8q, is independently associated with metastatic risk. Chromosome 3 and 8 statuses may be determined with karyotyping or fluorescent in situ hybridization. \n\n**Note 3:** See also Chromosome 3 Status (NAACCR Data Item #3821)",
  "last_modified" : "2018-03-12T16:39:55.572Z",
  "definition" : [ {
    "key" : "chrom_8q_status",
    "name" : "Code",
    "type" : "INPUT"
  }, {
    "key" : "description",
    "name" : "Description",
    "type" : "DESCRIPTION"
  } ],
  "rows" : [ [ "0", "No gain in chromosome 8q" ], [ "1", "Gain in chromosome 8q" ], [ "7", "Test ordered, results not in chart" ], [ "8", "Not applicable: Information not collected for this case\n(If this information is required by your standard setter, use of code 8 may result in an edit error.)" ], [ "9", "Not documented in medical record\nChromosome 8q status not assessed or unknown if assessed" ] ]
}