{
  "id" : "combined_t_no_tis",
  "algorithm" : "eod_public",
  "version" : "1.0",
  "name" : "Combined T No Tis",
  "title" : "Combined T (no Tis)",
  "notes" : "Using clinical and pathologic T, calculate Combined T and Summary Stage T for schemas that do NOT have Tis.",
  "last_modified" : "2018-03-12T16:39:57.160Z",
  "definition" : [ {
    "key" : "radiation_surg_seq",
    "name" : "RX Summ Surgery/Radiation Sequence",
    "type" : "INPUT"
  }, {
    "key" : "systemic_surg_seq",
    "name" : "RX Summ Systemic/Surgery Sequence",
    "type" : "INPUT"
  }, {
    "key" : "clin_t_in",
    "name" : "Clinical T",
    "type" : "INPUT"
  }, {
    "key" : "path_t_in",
    "name" : "Pathologic T",
    "type" : "INPUT"
  }, {
    "key" : "combined_t_in",
    "name" : "Combined T (input)",
    "type" : "INPUT"
  }, {
    "key" : "combined_t_out",
    "name" : "Combined T",
    "type" : "ENDPOINT"
  }, {
    "key" : "source_t_out",
    "name" : "Combined T Source",
    "type" : "ENDPOINT"
  } ],
  "extra_input" : [ "path_t_in", "combined_t_in", "clin_t_in" ],
  "rows" : [ [ "*", "*", "*", "*", "0,1,1MI,1A,1A1,1A2,1B,1B1,1B2,1C,1C1,1C2,1C3,1D,2,2A,2A1,2A2,2B,2C,2D,3,3A,3B,3C,3D,3E,4,4A,4B,4C,4D,4E,4A,4B,4C,4D,4E,X,88", "VALUE:{{combined_t_in}}", "MATCH" ], [ "*", "*", "88", "88", "", "VALUE:88", "VALUE:9" ], [ "*", "*", "88", "*", "", "VALUE:{{path_t_in}}", "VALUE:2" ], [ "*", "*", "*", "88", "", "VALUE:{{clin_t_in}}", "VALUE:1" ], [ "*", "*", "X", "X", "", "VALUE:{{clin_t_in}}", "VALUE:1" ], [ "*", "*", "0", "0", "", "VALUE:{{clin_t_in}}", "VALUE:1" ], [ "*", "*", "X", "0", "", "VALUE:{{clin_t_in}}", "VALUE:1" ], [ "2, 4", "*", "0", "X", "", "VALUE:{{clin_t_in}}", "VALUE:1" ], [ "*", "2, 4", "0", "X", "", "VALUE:{{clin_t_in}}", "VALUE:1" ], [ "0,3,5,6,7,9", "0,3,5,6,7,9", "0", "X", "", "VALUE:{{path_t_in}}", "VALUE:2" ], [ "2, 4", "*", "X,0", "1,1MI,1A,1A1,1A2,1B,1B1,1B2,1C,1C1,1C2,1C3,1D,2,2A,2A1,2A2,2B,2C,2D,3,3A,3B,3C,3D,3E,4,4A,4B,4C,4D,4E,4A,4B,4C,4D,4E", "", "VALUE:{{clin_t_in}}", "VALUE:1" ], [ "2, 4", "*", "1,1MI,1A,1A1,1A2,1B,1B1,1B2,1C,1C1,1C2,1C3,1D,2,2A,2A1,2A2,2B,2C,2D,3,3A,3B,3C,3D,3E,4,4A,4B,4C,4D,4E,4A,4B,4C,4D,4E", "X,0", "", "VALUE:{{clin_t_in}}", "VALUE:1" ], [ "2, 4", "*", "1,1MI,1A,1A1,1A2,1B,1B1,1B2,1C,1C1,1C2,1C3,1D,2,2A,2A1,2A2,2B,2C,2D,3,3A,3B,3C,3D,3E,4,4A,4B,4C,4D,4E,4A,4B,4C,4D,4E", "1", "", "VALUE:{{clin_t_in}}", "VALUE:1" ], [ "2, 4", "*", "1", "1MI", "", "VALUE:{{path_t_in}}", "VALUE:2" ], [ "2, 4", "*", "1MI,1A,1A1,1A2,1B,1B1,1B2,1C,1C1,1C2,1C3,1D,2,2A,2A1,2A2,2B,2C,2D,3,3A,3B,3C,3D,3E,4,4A,4B,4C,4D,4E", "1MI", "", "VALUE:{{clin_t_in}}", "VALUE:1" ], [ "2, 4", "*", "1,1MI", "1A", "", "VALUE:{{path_t_in}}", "VALUE:2" ], [ "2, 4", "*", "1A,1A1,1A2,1B,1B1,1B2,1C,1C1,1C2,1C3,1D,2,2A,2A1,2A2,2B,2C,2D,3,3A,3B,3C,3D,3E,4,4A,4B,4C,4D,4E", "1A", "", "VALUE:{{clin_t_in}}", "VALUE:1" ], [ "2, 4", "*", "1,1MI,1A", "1A1", "", "VALUE:{{path_t_in}}", "VALUE:2" ], [ "2, 4", "*", "1A1,1A2,1B,1B1,1B2,1C,1C1,1C2,1C3,1D,2,2A,2A1,2A2,2B,2C,2D,3,3A,3B,3C,3D,3E,4,4A,4B,4C,4D,4E", "1A1", "", "VALUE:{{clin_t_in}}", "VALUE:1" ], [ "2, 4", "*", "1,1MI,1A,1A1", "1A2", "", "VALUE:{{path_t_in}}", "VALUE:2" ], [ "2, 4", "*", "1A2,1B,1B1,1B2,1C,1C1,1C2,1C3,1D,2,2A,2A1,2A2,2B,2C,2D,3,3A,3B,3C,3D,3E,4,4A,4B,4C,4D,4E", "1A2", "", "VALUE:{{clin_t_in}}", "VALUE:1" ], [ "2, 4", "*", "1,1MI,1A,1A1,1A2", "1B", "", "VALUE:{{path_t_in}}", "VALUE:2" ], [ "2, 4", "*", "1B,1B1,1B2,1C,1C1,1C2,1C3,1D,2,2A,2A1,2A2,2B,2C,2D,3,3A,3B,3C,3D,3E,4,4A,4B,4C,4D,4E", "1B", "", "VALUE:{{clin_t_in}}", "VALUE:1" ], [ "2, 4", "*", "1,1MI,1A,1A1,1A2,1B", "1B1", "", "VALUE:{{path_t_in}}", "VALUE:2" ], [ "2, 4", "*", "1B1,1B2,1C,1C1,1C2,1C3,1D,2,2A,2A1,2A2,2B,2C,2D,3,3A,3B,3C,3D,3E,4,4A,4B,4C,4D,4E", "1B1", "", "VALUE:{{clin_t_in}}", "VALUE:1" ], [ "2, 4", "*", "1,1MI,1A,1A1,1A2,1B,1B1", "1B2", "", "VALUE:{{path_t_in}}", "VALUE:2" ], [ "2, 4", "*", "1B2,1C,1C1,1C2,1C3,1D,2,2A,2A1,2A2,2B,2C,2D,3,3A,3B,3C,3D,3E,4,4A,4B,4C,4D,4E", "1B2", "", "VALUE:{{clin_t_in}}", "VALUE:1" ], [ "2, 4", "*", "1,1MI,1A,1A1,1A2,1B,1B1,1B2", "1C", "", "VALUE:{{path_t_in}}", "VALUE:2" ], [ "2, 4", "*", "1C,1C1,1C2,1C3,1D,2,2A,2A1,2A2,2B,2C,2D,3,3A,3B,3C,3D,3E,4,4A,4B,4C,4D,4E", "1C", "", "VALUE:{{clin_t_in}}", "VALUE:1" ], [ "2, 4", "*", "1,1MI,1A,1A1,1A2,1B,1B1,1B2,1C", "1C1", "", "VALUE:{{path_t_in}}", "VALUE:2" ], [ "2, 4", "*", "1C1,1C2,1C3,1D,2,2A,2A1,2A2,2B,2C,2D,3,3A,3B,3C,3D,3E,4,4A,4B,4C,4D,4E", "1C1", "", "VALUE:{{clin_t_in}}", "VALUE:1" ], [ "2, 4", "*", "1,1MI,1A,1A1,1A2,1B,1B1,1B2,1C,1C1", "1C2", "", "VALUE:{{path_t_in}}", "VALUE:2" ], [ "2, 4", "*", "1C2,1C3,1D,2,2A,2A1,2A2,2B,2C,2D,3,3A,3B,3C,3D,3E,4,4A,4B,4C,4D,4E", "1C2", "", "VALUE:{{clin_t_in}}", "VALUE:1" ], [ "2, 4", "*", "1,1MI,1A,1A1,1A2,1B,1B1,1B2,1C,1C1,1C2", "1C3", "", "VALUE:{{path_t_in}}", "VALUE:2" ], [ "2, 4", "*", "1C3,1D,2,2A,2A1,2A2,2B,2C,2D,3,3A,3B,3C,3D,3E,4,4A,4B,4C,4D,4E", "1C3", "", "VALUE:{{clin_t_in}}", "VALUE:1" ], [ "2, 4", "*", "1,1MI,1A,1A1,1A2,1B,1B1,1B2,1C,1C1,1C2,1C3", "1D", "", "VALUE:{{path_t_in}}", "VALUE:2" ], [ "2, 4", "*", "1D,2,2A,2A1,2A2,2B,2C,2D,3,3A,3B,3C,3D,3E,4,4A,4B,4C,4D,4E", "1D", "", "VALUE:{{clin_t_in}}", "VALUE:1" ], [ "2, 4", "*", "1,1MI,1A,1A1,1A2,1B,1B1,1B2,1C,1C1,1C2,1C3,1D", "2", "", "VALUE:{{path_t_in}}", "VALUE:2" ], [ "2, 4", "*", "2,2A,2A1,2A2,2B,2C,2D,3,3A,3B,3C,3D,3E,4,4A,4B,4C,4D,4E", "2", "", "VALUE:{{clin_t_in}}", "VALUE:1" ], [ "2, 4", "*", "1,1MI,1A,1A1,1A2,1B,1B1,1B2,1C,1C1,1C2,1C3,1D,2", "2A", "", "VALUE:{{path_t_in}}", "VALUE:2" ], [ "2, 4", "*", "2A,2A1,2A2,2B,2C,2D,3,3A,3B,3C,3D,3E,4,4A,4B,4C,4D,4E", "2A", "", "VALUE:{{clin_t_in}}", "VALUE:1" ], [ "2, 4", "*", "1,1MI,1A,1A1,1A2,1B,1B1,1B2,1C,1C1,1C2,1C3,1D,2,2A", "2A1", "", "VALUE:{{path_t_in}}", "VALUE:2" ], [ "2, 4", "*", "2A1,2A2,2B,2C,2D,3,3A,3B,3C,3D,3E,4,4A,4B,4C,4D,4E", "2A1", "", "VALUE:{{clin_t_in}}", "VALUE:1" ], [ "2, 4", "*", "1,1MI,1A,1A1,1A2,1B,1B1,1B2,1C,1C1,1C2,1C3,1D,2,2A,2A1", "2A2", "", "VALUE:{{path_t_in}}", "VALUE:2" ], [ "2, 4", "*", "2A2,2B,2C,2D,3,3A,3B,3C,3D,3E,4,4A,4B,4C,4D,4E", "2A2", "", "VALUE:{{clin_t_in}}", "VALUE:1" ], [ "2, 4", "*", "1,1MI,1A,1A1,1A2,1B,1B1,1B2,1C,1C1,1C2,1C3,1D,2,2A,2A1,2A2", "2B", "", "VALUE:{{path_t_in}}", "VALUE:2" ], [ "2, 4", "*", "2B,2C,2D,3,3A,3B,3C,3D,3E,4,4A,4B,4C,4D,4E", "2B", "", "VALUE:{{clin_t_in}}", "VALUE:1" ], [ "2, 4", "*", "1,1MI,1A,1A1,1A2,1B,1B1,1B2,1C,1C1,1C2,1C3,1D,2,2A,2A1,2A2,2B", "2C", "", "VALUE:{{path_t_in}}", "VALUE:2" ], [ "2, 4", "*", "2C,2D,3,3A,3B,3C,3D,3E,4,4A,4B,4C,4D,4E", "2C", "", "VALUE:{{clin_t_in}}", "VALUE:1" ], [ "2, 4", "*", "1,1MI,1A,1A1,1A2,1B,1B1,1B2,1C,1C1,1C2,1C3,1D,2,2A,2A1,2A2,2B,2C", "2D", "", "VALUE:{{path_t_in}}", "VALUE:2" ], [ "2, 4", "*", "2D,3,3A,3B,3C,3D,3E,4,4A,4B,4C,4D,4E", "2D", "", "VALUE:{{clin_t_in}}", "VALUE:1" ], [ "2, 4", "*", "1,1MI,1A,1A1,1A2,1B,1B1,1B2,1C,1C1,1C2,1C3,1D,2,2A,2A1,2A2,2B,2C,2D", "3", "", "VALUE:{{path_t_in}}", "VALUE:2" ], [ "2, 4", "*", "3,3A,3B,3C,3D,3E,4,4A,4B,4C,4D,4E", "3", "", "VALUE:{{clin_t_in}}", "VALUE:1" ], [ "2, 4", "*", "1,1MI,1A,1A1,1A2,1B,1B1,1B2,1C,1C1,1C2,1C3,1D,2,2A,2A1,2A2,2B,2C,2D,3", "3A", "", "VALUE:{{path_t_in}}", "VALUE:2" ], [ "2, 4", "*", "3A,3B,3C,3D,3E,4,4A,4B,4C,4D,4E", "3A", "", "VALUE:{{clin_t_in}}", "VALUE:1" ], [ "2, 4", "*", "1,1MI,1A,1A1,1A2,1B,1B1,1B2,1C,1C1,1C2,1C3,1D,2,2A,2A1,2A2,2B,2C,2D,3,3A", "3B", "", "VALUE:{{path_t_in}}", "VALUE:2" ], [ "2, 4", "*", "3B,3C,3D,3E,4,4A,4B,4C,4D,4E", "3B", "", "VALUE:{{clin_t_in}}", "VALUE:1" ], [ "2, 4", "*", "1,1MI,1A,1A1,1A2,1B,1B1,1B2,1C,1C1,1C2,1C3,1D,2,2A,2A1,2A2,2B,2C,2D,3,3A,3B", "3C", "", "VALUE:{{path_t_in}}", "VALUE:2" ], [ "2, 4", "*", "3C,3D,3E,4,4A,4B,4C,4D,4E", "3C", "", "VALUE:{{clin_t_in}}", "VALUE:1" ], [ "2, 4", "*", "1,1MI,1A,1A1,1A2,1B,1B1,1B2,1C,1C1,1C2,1C3,1D,2,2A,2A1,2A2,2B,2C,2D,3,3A,3B,3C", "3D", "", "VALUE:{{path_t_in}}", "VALUE:2" ], [ "2, 4", "*", "3D,3E,4,4A,4B,4C,4D,4E", "3D", "", "VALUE:{{clin_t_in}}", "VALUE:1" ], [ "2, 4", "*", "1,1MI,1A,1A1,1A2,1B,1B1,1B2,1C,1C1,1C2,1C3,1D,2,2A,2A1,2A2,2B,2C,2D,3,3A,3B,3C,3D", "3E", "", "VALUE:{{path_t_in}}", "VALUE:2" ], [ "2, 4", "*", "3E,4,4A,4B,4C,4D,4E", "3E", "", "VALUE:{{clin_t_in}}", "VALUE:1" ], [ "2, 4", "*", "1,1MI,1A,1A1,1A2,1B,1B1,1B2,1C,1C1,1C2,1C3,1D,2,2A,2A1,2A2,2B,2C,2D,3,3A,3B,3C,3D,3E", "4", "", "VALUE:{{path_t_in}}", "VALUE:2" ], [ "2, 4", "*", "4,4A,4B,4C,4D,4E", "4", "", "VALUE:{{clin_t_in}}", "VALUE:1" ], [ "2, 4", "*", "1,1MI,1A,1A1,1A2,1B,1B1,1B2,1C,1C1,1C2,1C3,1D,2,2A,2A1,2A2,2B,2C,2D,3,3A,3B,3C,3D,3E,4", "4A", "", "VALUE:{{path_t_in}}", "VALUE:2" ], [ "2, 4", "*", "4A,4B,4C,4D,4E", "4A", "", "VALUE:{{clin_t_in}}", "VALUE:1" ], [ "2, 4", "*", "1,1MI,1A,1A1,1A2,1B,1B1,1B2,1C,1C1,1C2,1C3,1D,2,2A,2A1,2A2,2B,2C,2D,3,3A,3B,3C,3D,3E,4,4A", "4B", "", "VALUE:{{path_t_in}}", "VALUE:2" ], [ "2, 4", "*", "4B,4C,4D,4E", "4B", "", "VALUE:{{clin_t_in}}", "VALUE:1" ], [ "2, 4", "*", "1,1MI,1A,1A1,1A2,1B,1B1,1B2,1C,1C1,1C2,1C3,1D,2,2A,2A1,2A2,2B,2C,2D,3,3A,3B,3C,3D,3E,4,4A,4B", "4C", "", "VALUE:{{path_t_in}}", "VALUE:2" ], [ "2, 4", "*", "4C,4D,4E", "4C", "", "VALUE:{{clin_t_in}}", "VALUE:1" ], [ "2, 4", "*", "1,1MI,1A,1A1,1A2,1B,1B1,1B2,1C,1C1,1C2,1C3,1D,2,2A,2A1,2A2,2B,2C,2D,3,3A,3B,3C,3D,3E,4,4A,4B,4C", "4D", "", "VALUE:{{path_t_in}}", "VALUE:2" ], [ "2, 4", "*", "4D,4E", "4D", "", "VALUE:{{clin_t_in}}", "VALUE:1" ], [ "2, 4", "*", "1,1MI,1A,1A1,1A2,1B,1B1,1B2,1C,1C1,1C2,1C3,1D,2,2A,2A1,2A2,2B,2C,2D,3,3A,3B,3C,3D,3E,4,4A,4B,4C,4D", "4E", "", "VALUE:{{path_t_in}}", "VALUE:2" ], [ "2, 4", "*", "4E", "4E", "", "VALUE:{{clin_t_in}}", "VALUE:1" ], [ "*", "2, 4", "X,0", "1,1MI,1A,1A1,1A2,1B,1B1,1B2,1C,1C1,1C2,1C3,1D,2,2A,2A1,2A2,2B,2C,2D,3,3A,3B,3C,3D,3E,4,4A,4B,4C,4D,4E,4A,4B,4C,4D,4E", "", "VALUE:{{clin_t_in}}", "VALUE:1" ], [ "*", "2, 4", "1,1MI,1A,1A1,1A2,1B,1B1,1B2,1C,1C1,1C2,1C3,1D,2,2A,2A1,2A2,2B,2C,2D,3,3A,3B,3C,3D,3E,4,4A,4B,4C,4D,4E,4A,4B,4C,4D,4E", "X,0", "", "VALUE:{{clin_t_in}}", "VALUE:1" ], [ "*", "2, 4", "1,1MI,1A,1A1,1A2,1B,1B1,1B2,1C,1C1,1C2,1C3,1D,2,2A,2A1,2A2,2B,2C,2D,3,3A,3B,3C,3D,3E,4,4A,4B,4C,4D,4E,4A,4B,4C,4D,4E", "1", "", "VALUE:{{clin_t_in}}", "VALUE:1" ], [ "*", "2, 4", "1", "1MI", "", "VALUE:{{path_t_in}}", "VALUE:2" ], [ "*", "2, 4", "1MI,1A,1A1,1A2,1B,1B1,1B2,1C,1C1,1C2,1C3,1D,2,2A,2A1,2A2,2B,2C,2D,3,3A,3B,3C,3D,3E,4,4A,4B,4C,4D,4E", "1MI", "", "VALUE:{{clin_t_in}}", "VALUE:1" ], [ "*", "2, 4", "1,1MI", "1A", "", "VALUE:{{path_t_in}}", "VALUE:2" ], [ "*", "2, 4", "1A,1A1,1A2,1B,1B1,1B2,1C,1C1,1C2,1C3,1D,2,2A,2A1,2A2,2B,2C,2D,3,3A,3B,3C,3D,3E,4,4A,4B,4C,4D,4E", "1A", "", "VALUE:{{clin_t_in}}", "VALUE:1" ], [ "*", "2, 4", "1,1MI,1A", "1A1", "", "VALUE:{{path_t_in}}", "VALUE:2" ], [ "*", "2, 4", "1A1,1A2,1B,1B1,1B2,1C,1C1,1C2,1C3,1D,2,2A,2A1,2A2,2B,2C,2D,3,3A,3B,3C,3D,3E,4,4A,4B,4C,4D,4E", "1A1", "", "VALUE:{{clin_t_in}}", "VALUE:1" ], [ "*", "2, 4", "1,1MI,1A,1A1", "1A2", "", "VALUE:{{path_t_in}}", "VALUE:2" ], [ "*", "2, 4", "1A2,1B,1B1,1B2,1C,1C1,1C2,1C3,1D,2,2A,2A1,2A2,2B,2C,2D,3,3A,3B,3C,3D,3E,4,4A,4B,4C,4D,4E", "1A2", "", "VALUE:{{clin_t_in}}", "VALUE:1" ], [ "*", "2, 4", "1,1MI,1A,1A1,1A2", "1B", "", "VALUE:{{path_t_in}}", "VALUE:2" ], [ "*", "2, 4", "1B,1B1,1B2,1C,1C1,1C2,1C3,1D,2,2A,2A1,2A2,2B,2C,2D,3,3A,3B,3C,3D,3E,4,4A,4B,4C,4D,4E", "1B", "", "VALUE:{{clin_t_in}}", "VALUE:1" ], [ "*", "2, 4", "1,1MI,1A,1A1,1A2,1B", "1B1", "", "VALUE:{{path_t_in}}", "VALUE:2" ], [ "*", "2, 4", "1B1,1B2,1C,1C1,1C2,1C3,1D,2,2A,2A1,2A2,2B,2C,2D,3,3A,3B,3C,3D,3E,4,4A,4B,4C,4D,4E", "1B1", "", "VALUE:{{clin_t_in}}", "VALUE:1" ], [ "*", "2, 4", "1,1MI,1A,1A1,1A2,1B,1B1", "1B2", "", "VALUE:{{path_t_in}}", "VALUE:2" ], [ "*", "2, 4", "1B2,1C,1C1,1C2,1C3,1D,2,2A,2A1,2A2,2B,2C,2D,3,3A,3B,3C,3D,3E,4,4A,4B,4C,4D,4E", "1B2", "", "VALUE:{{clin_t_in}}", "VALUE:1" ], [ "*", "2, 4", "1,1MI,1A,1A1,1A2,1B,1B1,1B2", "1C", "", "VALUE:{{path_t_in}}", "VALUE:2" ], [ "*", "2, 4", "1C,1C1,1C2,1C3,1D,2,2A,2A1,2A2,2B,2C,2D,3,3A,3B,3C,3D,3E,4,4A,4B,4C,4D,4E", "1C", "", "VALUE:{{clin_t_in}}", "VALUE:1" ], [ "*", "2, 4", "1,1MI,1A,1A1,1A2,1B,1B1,1B2,1C", "1C1", "", "VALUE:{{path_t_in}}", "VALUE:2" ], [ "*", "2, 4", "1C1,1C2,1C3,1D,2,2A,2A1,2A2,2B,2C,2D,3,3A,3B,3C,3D,3E,4,4A,4B,4C,4D,4E", "1C1", "", "VALUE:{{clin_t_in}}", "VALUE:1" ], [ "*", "2, 4", "1,1MI,1A,1A1,1A2,1B,1B1,1B2,1C,1C1", "1C2", "", "VALUE:{{path_t_in}}", "VALUE:2" ], [ "*", "2, 4", "1C2,1C3,1D,2,2A,2A1,2A2,2B,2C,2D,3,3A,3B,3C,3D,3E,4,4A,4B,4C,4D,4E", "1C2", "", "VALUE:{{clin_t_in}}", "VALUE:1" ], [ "*", "2, 4", "1,1MI,1A,1A1,1A2,1B,1B1,1B2,1C,1C1,1C2", "1C3", "", "VALUE:{{path_t_in}}", "VALUE:2" ], [ "*", "2, 4", "1C3,1D,2,2A,2A1,2A2,2B,2C,2D,3,3A,3B,3C,3D,3E,4,4A,4B,4C,4D,4E", "1C3", "", "VALUE:{{clin_t_in}}", "VALUE:1" ], [ "*", "2, 4", "1,1MI,1A,1A1,1A2,1B,1B1,1B2,1C,1C1,1C2,1C3", "1D", "", "VALUE:{{path_t_in}}", "VALUE:2" ], [ "*", "2, 4", "1D,2,2A,2A1,2A2,2B,2C,2D,3,3A,3B,3C,3D,3E,4,4A,4B,4C,4D,4E", "1D", "", "VALUE:{{clin_t_in}}", "VALUE:1" ], [ "*", "2, 4", "1,1MI,1A,1A1,1A2,1B,1B1,1B2,1C,1C1,1C2,1C3,1D", "2", "", "VALUE:{{path_t_in}}", "VALUE:2" ], [ "*", "2, 4", "2,2A,2A1,2A2,2B,2C,2D,3,3A,3B,3C,3D,3E,4,4A,4B,4C,4D,4E", "2", "", "VALUE:{{clin_t_in}}", "VALUE:1" ], [ "*", "2, 4", "1,1MI,1A,1A1,1A2,1B,1B1,1B2,1C,1C1,1C2,1C3,1D,2", "2A", "", "VALUE:{{path_t_in}}", "VALUE:2" ], [ "*", "2, 4", "2A,2A1,2A2,2B,2C,2D,3,3A,3B,3C,3D,3E,4,4A,4B,4C,4D,4E", "2A", "", "VALUE:{{clin_t_in}}", "VALUE:1" ], [ "*", "2, 4", "1,1MI,1A,1A1,1A2,1B,1B1,1B2,1C,1C1,1C2,1C3,1D,2,2A", "2A1", "", "VALUE:{{path_t_in}}", "VALUE:2" ], [ "*", "2, 4", "2A1,2A2,2B,2C,2D,3,3A,3B,3C,3D,3E,4,4A,4B,4C,4D,4E", "2A1", "", "VALUE:{{clin_t_in}}", "VALUE:1" ], [ "*", "2, 4", "1,1MI,1A,1A1,1A2,1B,1B1,1B2,1C,1C1,1C2,1C3,1D,2,2A,2A1", "2A2", "", "VALUE:{{path_t_in}}", "VALUE:2" ], [ "*", "2, 4", "2A2,2B,2C,2D,3,3A,3B,3C,3D,3E,4,4A,4B,4C,4D,4E", "2A2", "", "VALUE:{{clin_t_in}}", "VALUE:1" ], [ "*", "2, 4", "1,1MI,1A,1A1,1A2,1B,1B1,1B2,1C,1C1,1C2,1C3,1D,2,2A,2A1,2A2", "2B", "", "VALUE:{{path_t_in}}", "VALUE:2" ], [ "*", "2, 4", "2B,2C,2D,3,3A,3B,3C,3D,3E,4,4A,4B,4C,4D,4E", "2B", "", "VALUE:{{clin_t_in}}", "VALUE:1" ], [ "*", "2, 4", "1,1MI,1A,1A1,1A2,1B,1B1,1B2,1C,1C1,1C2,1C3,1D,2,2A,2A1,2A2,2B", "2C", "", "VALUE:{{path_t_in}}", "VALUE:2" ], [ "*", "2, 4", "2C,2D,3,3A,3B,3C,3D,3E,4,4A,4B,4C,4D,4E", "2C", "", "VALUE:{{clin_t_in}}", "VALUE:1" ], [ "*", "2, 4", "1,1MI,1A,1A1,1A2,1B,1B1,1B2,1C,1C1,1C2,1C3,1D,2,2A,2A1,2A2,2B,2C", "2D", "", "VALUE:{{path_t_in}}", "VALUE:2" ], [ "*", "2, 4", "2D,3,3A,3B,3C,3D,3E,4,4A,4B,4C,4D,4E", "2D", "", "VALUE:{{clin_t_in}}", "VALUE:1" ], [ "*", "2, 4", "1,1MI,1A,1A1,1A2,1B,1B1,1B2,1C,1C1,1C2,1C3,1D,2,2A,2A1,2A2,2B,2C,2D", "3", "", "VALUE:{{path_t_in}}", "VALUE:2" ], [ "*", "2, 4", "3,3A,3B,3C,3D,3E,4,4A,4B,4C,4D,4E", "3", "", "VALUE:{{clin_t_in}}", "VALUE:1" ], [ "*", "2, 4", "1,1MI,1A,1A1,1A2,1B,1B1,1B2,1C,1C1,1C2,1C3,1D,2,2A,2A1,2A2,2B,2C,2D,3", "3A", "", "VALUE:{{path_t_in}}", "VALUE:2" ], [ "*", "2, 4", "3A,3B,3C,3D,3E,4,4A,4B,4C,4D,4E", "3A", "", "VALUE:{{clin_t_in}}", "VALUE:1" ], [ "*", "2, 4", "1,1MI,1A,1A1,1A2,1B,1B1,1B2,1C,1C1,1C2,1C3,1D,2,2A,2A1,2A2,2B,2C,2D,3,3A", "3B", "", "VALUE:{{path_t_in}}", "VALUE:2" ], [ "*", "2, 4", "3B,3C,3D,3E,4,4A,4B,4C,4D,4E", "3B", "", "VALUE:{{clin_t_in}}", "VALUE:1" ], [ "*", "2, 4", "1,1MI,1A,1A1,1A2,1B,1B1,1B2,1C,1C1,1C2,1C3,1D,2,2A,2A1,2A2,2B,2C,2D,3,3A,3B", "3C", "", "VALUE:{{path_t_in}}", "VALUE:2" ], [ "*", "2, 4", "3C,3D,3E,4,4A,4B,4C,4D,4E", "3C", "", "VALUE:{{clin_t_in}}", "VALUE:1" ], [ "*", "2, 4", "1,1MI,1A,1A1,1A2,1B,1B1,1B2,1C,1C1,1C2,1C3,1D,2,2A,2A1,2A2,2B,2C,2D,3,3A,3B,3C", "3D", "", "VALUE:{{path_t_in}}", "VALUE:2" ], [ "*", "2, 4", "3D,3E,4,4A,4B,4C,4D,4E", "3D", "", "VALUE:{{clin_t_in}}", "VALUE:1" ], [ "*", "2, 4", "1,1MI,1A,1A1,1A2,1B,1B1,1B2,1C,1C1,1C2,1C3,1D,2,2A,2A1,2A2,2B,2C,2D,3,3A,3B,3C,3D", "3E", "", "VALUE:{{path_t_in}}", "VALUE:2" ], [ "*", "2, 4", "3E,4,4A,4B,4C,4D,4E", "3E", "", "VALUE:{{clin_t_in}}", "VALUE:1" ], [ "*", "2, 4", "1,1MI,1A,1A1,1A2,1B,1B1,1B2,1C,1C1,1C2,1C3,1D,2,2A,2A1,2A2,2B,2C,2D,3,3A,3B,3C,3D,3E", "4", "", "VALUE:{{path_t_in}}", "VALUE:2" ], [ "*", "2, 4", "4,4A,4B,4C,4D,4E", "4", "", "VALUE:{{clin_t_in}}", "VALUE:1" ], [ "*", "2, 4", "1,1MI,1A,1A1,1A2,1B,1B1,1B2,1C,1C1,1C2,1C3,1D,2,2A,2A1,2A2,2B,2C,2D,3,3A,3B,3C,3D,3E,4", "4A", "", "VALUE:{{path_t_in}}", "VALUE:2" ], [ "*", "2, 4", "4A,4B,4C,4D,4E", "4A", "", "VALUE:{{clin_t_in}}", "VALUE:1" ], [ "*", "2, 4", "1,1MI,1A,1A1,1A2,1B,1B1,1B2,1C,1C1,1C2,1C3,1D,2,2A,2A1,2A2,2B,2C,2D,3,3A,3B,3C,3D,3E,4,4A", "4B", "", "VALUE:{{path_t_in}}", "VALUE:2" ], [ "*", "2, 4", "4B,4C,4D,4E", "4B", "", "VALUE:{{clin_t_in}}", "VALUE:1" ], [ "*", "2, 4", "1,1MI,1A,1A1,1A2,1B,1B1,1B2,1C,1C1,1C2,1C3,1D,2,2A,2A1,2A2,2B,2C,2D,3,3A,3B,3C,3D,3E,4,4A,4B", "4C", "", "VALUE:{{path_t_in}}", "VALUE:2" ], [ "*", "2, 4", "4C,4D,4E", "4C", "", "VALUE:{{clin_t_in}}", "VALUE:1" ], [ "*", "2, 4", "1,1MI,1A,1A1,1A2,1B,1B1,1B2,1C,1C1,1C2,1C3,1D,2,2A,2A1,2A2,2B,2C,2D,3,3A,3B,3C,3D,3E,4,4A,4B,4C", "4D", "", "VALUE:{{path_t_in}}", "VALUE:2" ], [ "*", "2, 4", "4D,4E", "4D", "", "VALUE:{{clin_t_in}}", "VALUE:1" ], [ "*", "2, 4", "1,1MI,1A,1A1,1A2,1B,1B1,1B2,1C,1C1,1C2,1C3,1D,2,2A,2A1,2A2,2B,2C,2D,3,3A,3B,3C,3D,3E,4,4A,4B,4C,4D", "4E", "", "VALUE:{{path_t_in}}", "VALUE:2" ], [ "*", "2, 4", "4E", "4E", "", "VALUE:{{clin_t_in}}", "VALUE:1" ], [ "0,3,5,6,7,9", "0,3,5,6,7,9", "1,1MI,1A,1A1,1A2,1B,1B1,1B2,1C,1C1,1C2,1C3,1D,2,2A,2A1,2A2,2B,2C,2D,3,3A,3B,3C,3D,3E,4,4A,4B,4C,4D,4E", "X,0", "", "VALUE:{{clin_t_in}}", "VALUE:1" ], [ "0,3,5,6,7,9", "0,3,5,6,7,9", "X,0", "1,1MI,1A,1A1,1A2,1B,1B1,1B2,1C,1C1,1C2,1C3,1D,2,2A,2A1,2A2,2B,2C,2D,3,3A,3B,3C,3D,3E,4,4A,4B,4C,4D,4E,4A,4B,4C,4D,4E", "", "VALUE:{{path_t_in}}", "VALUE:2" ], [ "0,3,5,6,7,9", "0,3,5,6,7,9", "1MI,1A,1A1,1A2,1B,1B1,1B2,1C,1C1,1C2,1C3,1D", "1", "", "VALUE:{{clin_t_in}}", "VALUE:1" ], [ "0,3,5,6,7,9", "0,3,5,6,7,9", "1,2,2A,2A1,2A2,2B,2C,2D,3,3A,3B,3C,3D,3E,4,4A,4B,4C,4D,4E", "1", "", "VALUE:{{path_t_in}}", "VALUE:2" ], [ "0,3,5,6,7,9", "0,3,5,6,7,9", "1,1MI,1A,1A1,1A2,1B,1B1,1B2,1C,1C1,1C2,1C3,1D,2,2A,2A1,2A2,2B,2C,2D,3,3A,3B,3C,3D,3E,4,4A,4B,4C,4D,4E", "1MI", "", "VALUE:{{path_t_in}}", "VALUE:2" ], [ "0,3,5,6,7,9", "0,3,5,6,7,9", "1A1,1A2", "1A", "", "VALUE:{{clin_t_in}}", "VALUE:1" ], [ "0,3,5,6,7,9", "0,3,5,6,7,9", "1,1MI,1A,1B,1B1,1B2,1C,1C1,1C2,1C3,1D,2,2A,2A1,2A2,2B,2C,2D,3,3A,3B,3C,3D,3E,4,4A,4B,4C,4D,4E", "1A", "", "VALUE:{{path_t_in}}", "VALUE:2" ], [ "0,3,5,6,7,9", "0,3,5,6,7,9", "1,1MI,1A,1A1,1A2,1B,1B1,1B2,1C,1C1,1C2,1C3,1D,2,2A,2A1,2A2,2B,2C,2D,3,3A,3B,3C,3D,3E,4,4A,4B,4C,4D,4E", "1A1,1A2", "", "VALUE:{{path_t_in}}", "VALUE:2" ], [ "0,3,5,6,7,9", "0,3,5,6,7,9", "1B1,1B2", "1B", "", "VALUE:{{clin_t_in}}", "VALUE:1" ], [ "0,3,5,6,7,9", "0,3,5,6,7,9", "1,1MI,1A,1A1,1A2,1B,1C,1C1,1C2,1C3,1D,2,2A,2A1,2A2,2B,2C,2D,3,3A,3B,3C,3D,3E,4,4A,4B,4C,4D,4E", "1B", "", "VALUE:{{path_t_in}}", "VALUE:2" ], [ "0,3,5,6,7,9", "0,3,5,6,7,9", "1,1MI,1A,1A1,1A2,1B,1B1,1B2,1C,1C1,1C2,1C3,1D,2,2A,2A1,2A2,2B,2C,2D,3,3A,3B,3C,3D,3E,4,4A,4B,4C,4D,4E", "1B1,1B2", "", "VALUE:{{path_t_in}}", "VALUE:2" ], [ "0,3,5,6,7,9", "0,3,5,6,7,9", "1C1,1C2,1C3", "1C", "", "VALUE:{{clin_t_in}}", "VALUE:1" ], [ "0,3,5,6,7,9", "0,3,5,6,7,9", "1,1MI,1A,1A1,1A2,1B,1B1,1B2,1C,1D,2,2A,2A1,2A2,2B,2C,2D,3,3A,3B,3C,3D,3E,4,4A,4B,4C,4D,4E", "1C", "", "VALUE:{{path_t_in}}", "VALUE:2" ], [ "0,3,5,6,7,9", "0,3,5,6,7,9", "1,1MI,1A,1A1,1A2,1B,1B1,1B2,1C,1C1,1C2,1C3,1D,2,2A,2A1,2A2,2B,2C,2D,3,3A,3B,3C,3D,3E,4,4A,4B,4C,4D,4E", "1C1,1C2,1C3", "", "VALUE:{{path_t_in}}", "VALUE:2" ], [ "0,3,5,6,7,9", "0,3,5,6,7,9", "1,1MI,1A,1A1,1A2,1B,1B1,1B2,1C,1C1,1C2,1C3,1D,2,2A,2A1,2A2,2B,2C,2D,3,3A,3B,3C,3D,3E,4,4A,4B,4C,4D,4E", "1D", "", "VALUE:{{path_t_in}}", "VALUE:2" ], [ "0,3,5,6,7,9", "0,3,5,6,7,9", "2A,2A1,2A2,2B,2C,2D", "2", "", "VALUE:{{clin_t_in}}", "VALUE:1" ], [ "0,3,5,6,7,9", "0,3,5,6,7,9", "1,1MI,1A,1A1,1A2,1B,1B1,1B2,1C,1C1,1C2,1C3,1D,2,3,3A,3B,3C,3D,3E,4,4A,4B,4C,4D,4E", "2", "", "VALUE:{{path_t_in}}", "VALUE:2" ], [ "0,3,5,6,7,9", "0,3,5,6,7,9", "2A1,2A2", "2A", "", "VALUE:{{clin_t_in}}", "VALUE:1" ], [ "0,3,5,6,7,9", "0,3,5,6,7,9", "1,1MI,1A,1A1,1A2,1B,1B1,1B2,1C,1C1,1C2,1C3,1D,2,2A,2B,2C,2D,3,3A,3B,3C,3D,3E,4,4A,4B,4C,4D,4E", "2A", "", "VALUE:{{path_t_in}}", "VALUE:2" ], [ "0,3,5,6,7,9", "0,3,5,6,7,9", "1,1MI,1A,1A1,1A2,1B,1B1,1B2,1C,1C1,1C2,1C3,1D,2,2A,2A1,2A2,2B,2C,2D,3,3A,3B,3C,3D,3E,4,4A,4B,4C,4D,4E", "2A1,2A2", "", "VALUE:{{path_t_in}}", "VALUE:2" ], [ "0,3,5,6,7,9", "0,3,5,6,7,9", "1,1MI,1A,1A1,1A2,1B,1B1,1B2,1C,1C1,1C2,1C3,1D,2,2A,2A1,2A2,2B,2C,2D,3,3A,3B,3C,3D,3E,4,4A,4B,4C,4D,4E", "2B,2C,2D", "", "VALUE:{{path_t_in}}", "VALUE:2" ], [ "0,3,5,6,7,9", "0,3,5,6,7,9", "3A,3B,3C,3D,3E", "3", "", "VALUE:{{clin_t_in}}", "VALUE:1" ], [ "0,3,5,6,7,9", "0,3,5,6,7,9", "1,1MI,1A,1A1,1A2,1B,1B1,1B2,1C,1C1,1C2,1C3,1D,2,2A,2A1,2A2,2B,2C,2D,3,4,4A,4B,4C,4D,4E", "3", "", "VALUE:{{path_t_in}}", "VALUE:2" ], [ "0,3,5,6,7,9", "0,3,5,6,7,9", "1,1MI,1A,1A1,1A2,1B,1B1,1B2,1C,1C1,1C2,1C3,1D,2,2A,2A1,2A2,2B,2C,2D,3,3A,3B,3C,3D,3E,4,4A,4B,4C,4D,4E", "3A,3B,3C,3D", "", "VALUE:{{path_t_in}}", "VALUE:2" ], [ "0,3,5,6,7,9", "0,3,5,6,7,9", "4A,4B,4C,4D,4E", "4", "", "VALUE:{{clin_t_in}}", "VALUE:1" ], [ "0,3,5,6,7,9", "0,3,5,6,7,9", "1,1MI,1A,1A1,1A2,1B,1B1,1B2,1C,1C1,1C2,1C3,1D,2,2A,2A1,2A2,2B,2C,2D,3,3A,3B,3C,3D,3E,4", "4", "", "VALUE:{{path_t_in}}", "VALUE:2" ], [ "0,3,5,6,7,9", "0,3,5,6,7,9", "1,1MI,1A,1A1,1A2,1B,1B1,1B2,1C,1C1,1C2,1C3,1D,2,2A,2A1,2A2,2B,2C,2D,3,3A,3B,3C,3D,3E,4,4A,4B,4C,4D,4E", "4A,4B,4C,4D,4E", "", "VALUE:{{path_t_in}}", "VALUE:2" ] ]
}