{
  "id" : "combined_grade_56638",
  "algorithm" : "eod_public",
  "version" : "1.0",
  "name" : "Combined Grade",
  "title" : "Combined Grade",
  "notes" : "If a combined Grade is need for a calculation, this determines the best grade to use.",
  "last_modified" : "2018-03-12T16:39:53.680Z",
  "definition" : [ {
    "key" : "grade_clin",
    "name" : "Grade Clin",
    "type" : "INPUT"
  }, {
    "key" : "grade_path",
    "name" : "Grade Path",
    "type" : "INPUT"
  }, {
    "key" : "grade_combined",
    "name" : "Grade Combined",
    "type" : "ENDPOINT"
  } ],
  "extra_input" : [ "grade_path", "grade_clin" ],
  "rows" : [ [ "1,2,3,4,5,L,M,H,S,A,B,C,D,E,F,9", "1,2,3,4,5,L,M,H,S,A,B,C,D,E,F", "VALUE:{{grade_path}}" ], [ "1,2,3,4,5,L,M,H,S,A,B,C,D,E,F", "9", "VALUE:{{grade_clin}}" ], [ "9", "9", "VALUE:{{grade_path}}" ] ]
}