{
  "id" : "concatenate_t_51262",
  "algorithm" : "eod_public",
  "version" : "1.0",
  "name" : "Concatenate T",
  "title" : "Concatenate T",
  "description" : "With the addition of the c and p prefixes to the existing codes, the prefix is parsed from the main value during calculations.  It must be reattached for the final Combined T value.",
  "last_modified" : "2018-03-12T16:39:58.873Z",
  "definition" : [ {
    "key" : "t_prefix",
    "name" : "T Prefix",
    "type" : "INPUT"
  }, {
    "key" : "root_t",
    "name" : "Root T value",
    "type" : "INPUT"
  }, {
    "key" : "t",
    "name" : "T",
    "type" : "ENDPOINT"
  } ],
  "rows" : [ [ "c", "X", "VALUE:cTX" ], [ "c", "0", "VALUE:cT0" ], [ "c", "A", "VALUE:cTa" ], [ "c", "IS", "VALUE:cTis" ], [ "c", "ISD", "VALUE:cTis(DCIS)" ], [ "c", "ISP", "VALUE:cTis(Paget)" ], [ "c", "ISLA", "VALUE:cTis(LAMN)" ], [ "c", "1", "VALUE:cT1" ], [ "c", "1MI", "VALUE:cT1mi" ], [ "c", "1A", "VALUE:cT1a" ], [ "c", "1A1", "VALUE:cT1a1" ], [ "c", "1A2", "VALUE:cT1a2" ], [ "c", "1B", "VALUE:cT1b" ], [ "c", "1B1", "VALUE:cT1b1" ], [ "c", "1B2", "VALUE:cT1b2" ], [ "c", "1C", "VALUE:cT1c" ], [ "c", "1C1", "VALUE:cT1c1" ], [ "c", "1C2", "VALUE:cT1c2" ], [ "c", "1C3", "VALUE:cT1c3" ], [ "c", "1D", "VALUE:cT1d" ], [ "c", "2", "VALUE:cT2" ], [ "c", "2A", "VALUE:cT2a" ], [ "c", "2A1", "VALUE:cT2a1" ], [ "c", "2A2", "VALUE:cT2a2" ], [ "c", "2B", "VALUE:cT2b" ], [ "c", "2C", "VALUE:cT2c" ], [ "c", "2D", "VALUE:cT2d" ], [ "c", "3", "VALUE:cT3" ], [ "c", "3A", "VALUE:cT3a" ], [ "c", "3B", "VALUE:cT3b" ], [ "c", "3C", "VALUE:cT3c" ], [ "c", "3D", "VALUE:cT3d" ], [ "c", "3E", "VALUE:cT3e" ], [ "c", "4", "VALUE:cT4" ], [ "c", "4A", "VALUE:cT4a" ], [ "c", "4B", "VALUE:cT4b" ], [ "c", "4C", "VALUE:cT4c" ], [ "c", "4D", "VALUE:cT4d" ], [ "c", "4E", "VALUE:cT4e" ], [ "p", "X", "VALUE:pTX" ], [ "p", "0", "VALUE:pT0" ], [ "p", "A", "VALUE:pTa" ], [ "p", "IS", "VALUE:pTis" ], [ "p", "ISD", "VALUE:pTis(DCIS)" ], [ "p", "ISP", "VALUE:pTis(Paget)" ], [ "p", "ISLA", "VALUE:pTis(LAMN)" ], [ "p", "1", "VALUE:pT1" ], [ "p", "1MI", "VALUE:pT1mi" ], [ "p", "1A", "VALUE:pT1a" ], [ "p", "1A1", "VALUE:pT1a1" ], [ "p", "1A2", "VALUE:pT1a2" ], [ "p", "1B", "VALUE:pT1b" ], [ "p", "1B1", "VALUE:pT1b1" ], [ "p", "1B2", "VALUE:pT1b2" ], [ "p", "1C", "VALUE:pT1c" ], [ "p", "1C1", "VALUE:pT1c1" ], [ "p", "1C2", "VALUE:pT1c2" ], [ "p", "1C3", "VALUE:pT1c3" ], [ "p", "1D", "VALUE:pT1d" ], [ "p", "2", "VALUE:pT2" ], [ "p", "2A", "VALUE:pT2a" ], [ "p", "2A1", "VALUE:pT2a1" ], [ "p", "2A2", "VALUE:pT2a2" ], [ "p", "2B", "VALUE:pT2b" ], [ "p", "2C", "VALUE:pT2c" ], [ "p", "2D", "VALUE:pT2d" ], [ "p", "3", "VALUE:pT3" ], [ "p", "3A", "VALUE:pT3a" ], [ "p", "3B", "VALUE:pT3b" ], [ "p", "3C", "VALUE:pT3c" ], [ "p", "3D", "VALUE:pT3d" ], [ "p", "4", "VALUE:pT4" ], [ "p", "4A", "VALUE:pT4a" ], [ "p", "4B", "VALUE:pT4b" ], [ "p", "4C", "VALUE:pT4c" ], [ "p", "4D", "VALUE:pT4d" ], [ "p", "4E", "VALUE:pT4e" ], [ "yp", "X", "VALUE:ypTX" ], [ "yp", "0", "VALUE:ypT0" ], [ "yp", "A", "VALUE:ypTa" ], [ "yp", "IS", "VALUE:ypTis" ], [ "yp", "ISD", "VALUE:ypTis(DCIS)" ], [ "yp", "ISP", "VALUE:ypTis(Paget)" ], [ "yp", "ISLA", "VALUE:ypTis(LAMN)" ], [ "yp", "1", "VALUE:ypT1" ], [ "yp", "1MI", "VALUE:ypT1mi" ], [ "yp", "1A", "VALUE:ypT1a" ], [ "yp", "1A1", "VALUE:ypT1a1" ], [ "yp", "1A2", "VALUE:ypT1a2" ], [ "yp", "1B", "VALUE:ypT1b" ], [ "yp", "1B1", "VALUE:ypT1b1" ], [ "yp", "1B2", "VALUE:ypT1b2" ], [ "yp", "1C", "VALUE:ypT1c" ], [ "yp", "1C1", "VALUE:ypT1c1" ], [ "yp", "1C2", "VALUE:ypT1c2" ], [ "yp", "1C3", "VALUE:ypT1c3" ], [ "yp", "1D", "VALUE:ypT1d" ], [ "yp", "2", "VALUE:ypT2" ], [ "yp", "2A", "VALUE:ypT2a" ], [ "yp", "2A1", "VALUE:ypT2a1" ], [ "yp", "2A2", "VALUE:ypT2a2" ], [ "yp", "2B", "VALUE:ypT2b" ], [ "yp", "2C", "VALUE:ypT2c" ], [ "yp", "2D", "VALUE:ypT2d" ], [ "yp", "3", "VALUE:ypT3" ], [ "yp", "3A", "VALUE:ypT3a" ], [ "yp", "3B", "VALUE:ypT3b" ], [ "yp", "3C", "VALUE:ypT3c" ], [ "yp", "3D", "VALUE:ypT3d" ], [ "yp", "4", "VALUE:ypT4" ], [ "yp", "4A", "VALUE:ypT4a" ], [ "yp", "4B", "VALUE:ypT4b" ], [ "yp", "4C", "VALUE:ypT4c" ], [ "yp", "4D", "VALUE:ypT4d" ], [ "yp", "4E", "VALUE:ypT4e" ], [ "", "X", "VALUE:TX" ], [ "", "0", "VALUE:T0" ], [ "", "A", "VALUE:Ta" ], [ "", "IS", "VALUE:Tis" ], [ "", "ISD", "VALUE:Tis(DCIS)" ], [ "", "ISP", "VALUE:Tis(Paget)" ], [ "", "ISLA", "VALUE:Tis(LAMN)" ], [ "", "1", "VALUE:T1" ], [ "", "1MI", "VALUE:T1mi" ], [ "", "1A", "VALUE:T1a" ], [ "", "1A1", "VALUE:T1a1" ], [ "", "1A2", "VALUE:T1a2" ], [ "", "1B", "VALUE:T1b" ], [ "", "1B1", "VALUE:T1b1" ], [ "", "1B2", "VALUE:T1b2" ], [ "", "1C", "VALUE:T1c" ], [ "", "1C1", "VALUE:T1c1" ], [ "", "1C2", "VALUE:T1c2" ], [ "", "1C3", "VALUE:T1c3" ], [ "", "1D", "VALUE:T1d" ], [ "", "2", "VALUE:T2" ], [ "", "2A", "VALUE:T2a" ], [ "", "2A1", "VALUE:T2a1" ], [ "", "2A2", "VALUE:T2a2" ], [ "", "2B", "VALUE:T2b" ], [ "", "2C", "VALUE:T2c" ], [ "", "2D", "VALUE:T2d" ], [ "", "3", "VALUE:T3" ], [ "", "3A", "VALUE:T3a" ], [ "", "3B", "VALUE:T3b" ], [ "", "3C", "VALUE:T3c" ], [ "", "3D", "VALUE:T3d" ], [ "", "3E", "VALUE:T3e" ], [ "", "4", "VALUE:T4" ], [ "", "4A", "VALUE:T4a" ], [ "", "4B", "VALUE:T4b" ], [ "", "4C", "VALUE:T4c" ], [ "", "4D", "VALUE:T4d" ], [ "", "4E", "VALUE:T4e" ], [ "", "88", "VALUE:88" ], [ "", "", "VALUE:" ] ]
}