{
  "id" : "eod_regional_nodes_55756",
  "algorithm" : "eod_public",
  "version" : "1.0",
  "name" : "EOD Regional Nodes",
  "title" : "EOD Regional Nodes",
  "notes" : "**Note 1:** For head and neck schemes, this field includes all lymph nodes defined as Levels I-VII and Other by TNM. \n\n**Note 2:** If laterality of lymph nodes is not specified, assume nodes are ipsilateral.  Midline nodes are considered ipsilateral.\n\n**Note 3:** For head and neck cancers, if lymph nodes are described only as \"supraclavicular\", try to determine if they are in Level IV (deep to the sternocleidomastoid muscle, in the lower jugular chain) or Level V (in the posterior triangle, inferior to the transverse cervical artery) and code appropriately.  If the specific level cannot be determined, consider them as Level V nodes.\n\n**Note 4:** For codes 100-700, use the list below for named regional lymph nodes. If the only information available is “regional lymph nodes, NOS” or “lymph nodes,” code 800.\n\n**The following lymph nodes are regional for Head and Neck tumors**\n\n**Level I**\nLevel IA - Submental\nLevel IB - Submandibular (submaxillary), sublingual\n\n**Level II - Upper jugular** \nJugulodigastric (subdigastric)\nUpper deep cervical        \nLevel IIA - Anterior\nLevel IIB - Posterior    \n\n**Level III - Middle jugular**\nMiddle deep cervical\n\n**Level IV - Lower jugular**\nJugulo-omohyoid (supraomohyoid)\nLower deep cervical        \nVirchow node\n\n**Level V - Posterior triangle group**\nPosterior cervical\nLevel VA - Spinal accessory        \nLevel VB - Transverse cervical, supraclavicular \n\n**Level VI - Anterior compartment group**\nLaterotracheal\nParalaryngeal\nParatracheal - above suprasternal notch\nPerithyroidal\nPrecricoid (Delphian)\nPrelaryngeal\nPretracheal - above suprasternal notch\nRecurrent laryngeal\n\n**Level VII - Superior mediastinal group (for other mediastinal nodes see EOD Mets)**\nEsophageal groove\nParatracheal - below suprasternal notch\nPretracheal - below suprasternal notch    \n\n**Other groups**\nCervical, NOS\nDeep cervical, NOS\nFacial\n\n    Buccinator (buccal)\n    Mandibular\n    Nasolabial\nInternal jugular, NOS\nParapharyngeal \nParotid\n\n    Infraauricular\n    Intraparotid\n    Periparotid\n    Preauricular\nRetroauricular (mastoid)\nRetropharyngeal\nSuboccipital",
  "footnotes" : "(1) Fritz AG, Ries LAG (eds). **SEER Extent of Disease 1988: Codes and Coding Instructions (3rd Edition, 1998)**, National Cancer Institute, NIH Pub. No. 98-2313, Bethesda, MD, 1998\n\n(2) Young JL Jr, Roffers SD, Ries LAG, Fritz AG, Hurlbut AA (eds.). **SEER Summary Staging Manual-2000: Codes and Coding Instructions**, National Cancer Institute, NIH Pub. No. 01-4969, Bethesda, MD, 2001.\n\n(3) Collaborative Stage Work Group of the American Joint Committee on Cancer. **Collaborative Stage Data Collection System User Documentation and Coding Instructions, version 02.05**. American Joint Committee on Cancer (Chicago, IL)\n\n(4) Gress, D.M., Edge, S.B., Gershenwald, J.E., et al. **Principles of Cancer Staging**. In: Amin, M.B., Edge, S.B., Greene, F.L., et al. (Eds.) AJCC Cancer Staging Manual. 8th Ed. New York: Springer; 2017: 3-30\n\n(5) Lydiatt, W.M., Patel, S.G., Shah, J.P., et al.  **Staging Head and Neck Cancers**. In: Amin, M.B., Edge, S.B., Greene, F.L., et al. (Eds.) AJCC Cancer Staging Manual. 8th Ed. New York: Springer; 2017: 55-65\n\n(6) Lydiatt, W.M., Ridge, J.A., Shah, J.P., et al. **Oropharynx (p16-) and Hypopharynx**. In: Amin, M.B., Edge, S.B., Greene, F.L., et al. (Eds.) AJCC Cancer Staging Manual. 8th Ed. New York: Springer; 2017: 123-135",
  "last_modified" : "2018-03-12T16:39:58.818Z",
  "definition" : [ {
    "key" : "eod_regional_nodes",
    "name" : "Code",
    "type" : "INPUT"
  }, {
    "key" : "description",
    "name" : "Description",
    "type" : "DESCRIPTION"
  }, {
    "key" : "eod_2018_n",
    "name" : "EOD 2018 N",
    "type" : "ENDPOINT"
  }, {
    "key" : "ss2018_n",
    "name" : "SS2018 N",
    "type" : "ENDPOINT"
  } ],
  "rows" : [ [ "000", "No regional lymph node involvement", "VALUE:N0", "VALUE:NONE" ], [ "100", "CLINICAL or PATHOLOGICAL\nMetastasis in a SINGLE ipsilateral lymph node\n3 cm or less in greatest dimension \nExtranodal extension (ENE) negative or  unknown", "VALUE:N1", "VALUE:RN" ], [ "150", "PATHOLOGICAL ONLY\nMetastasis in SINGLE ipsilateral node \n3 cm or smaller in greatest dimension \nExtranodal extension (ENE) positive", "VALUE:N2a", "VALUE:RN" ], [ "200", "CLINICAL or PATHOLOGICAL\nMetastasis in SINGLE ipsilateral node \nLarger than 3 cm but not larger than 6 cm in greatest dimension \nExtranodal extension (ENE) negative OR unknown", "VALUE:N2a", "VALUE:RN" ], [ "250", "CLINICAL or PATHOLOGICAL\nMetastasis in MULTIPLE ipsilateral nodes\nNo nodes larger than 6 cm in greatest dimension\nExtranodal extension (ENE) negative or unknown", "VALUE:N2b", "VALUE:RN" ], [ "300", "CLINICAL or PATHOLOGICAL\nMetastasis in bilateral or contralateral lymph node(s)\nNo nodes larger than 6 cm in greatest dimension \nExtranodal extension (ENE) negative OR unknown", "VALUE:N2c", "VALUE:RN" ], [ "400", "CLINICAL or PATHOLOGICAL\nMetastasis in a lymph node larger than 6 cm in greatest dimension \nExtranodal extension (ENE) negative OR unknown", "VALUE:N3a", "VALUE:RN" ], [ "450", "CLINICAL ONLY\nMetastasis in any lymph node(s) with clinically overt ENE", "VALUE:N3b", "VALUE:RN" ], [ "500", "PATHOLOGICAL ONLY\nMetastasis in a SINGLE ipsilateral node \nLarger than 3 cm in greatest dimension \nExtranodal extension (ENE) positive", "VALUE:N3b", "VALUE:RN" ], [ "600", "PATHOLOGICAL ONLY\nMetastasis in MULTIPLE ipsilateral, contralateral, or bilateral nodes\nExtranodal extension (ENE) positive for any node", "VALUE:N3b", "VALUE:RN" ], [ "700", "PATHOLOGICAL ONLY\nSingle contralateral node \n3 cm or smaller\nExtranodal extension (ENE) positive", "VALUE:N3b", "VALUE:RN" ], [ "800", "Regional lymph node(s), NOS\nLymph node(s), NOS", "VALUE:N1", "VALUE:RN" ], [ "999", "Unknown; regional lymph node(s) not stated\nRegional lymph node(s) cannot be assessed\nNot documented in patient record\n\nDeath Certificate Only", "VALUE:NX", "VALUE:U" ] ]
}