{
  "id" : "eod_mets_43451",
  "algorithm" : "eod_public",
  "version" : "1.0",
  "name" : "EOD Mets",
  "title" : "EOD Mets",
  "footnotes" : "(1) Fritz AG, Ries LAG (eds). **SEER Extent of Disease 1988: Codes and Coding Instructions (3rd Edition, 1998)**, National Cancer Institute, NIH Pub. No. 98-2313, Bethesda, MD, 1998\n\n(2) Young JL Jr, Roffers SD, Ries LAG, Fritz AG, Hurlbut AA (eds.). **SEER Summary Staging Manual-2000: Codes and Coding Instructions**, National Cancer Institute, NIH Pub. No. 01-4969, Bethesda, MD, 2001.\n\n(3) Collaborative Stage Work Group of the American Joint Committee on Cancer. **Collaborative Stage Data Collection System User Documentation and Coding Instructions, version 02.05**. American Joint Committee on Cancer (Chicago, IL)\n\n(4) Gress, D.M., Edge, S.B., Gershenwald, J.E., et al. **Principles of Cancer Staging**. In: Amin, M.B., Edge, S.B., Greene, F.L., et al. (Eds.) AJCC Cancer Staging Manual. 8th Ed. New York: Springer; 2017: 3-30\n\n(5) Kivelä, T., Finger, P.T., et al. **Uveal Melanoma**. In: Amin, M.B., Edge, S.B., Greene, F.L., et al. (Eds.) AJCC Cancer Staging Manual. 8th Ed. New York: Springer; 2017: 805-817",
  "last_modified" : "2018-03-12T16:39:56.844Z",
  "definition" : [ {
    "key" : "eod_mets",
    "name" : "Code",
    "type" : "INPUT"
  }, {
    "key" : "description",
    "name" : "Description",
    "type" : "DESCRIPTION"
  }, {
    "key" : "eod_2018_m",
    "name" : "EOD 2018 M",
    "type" : "ENDPOINT"
  }, {
    "key" : "ss2018_m",
    "name" : "SS2018 M",
    "type" : "ENDPOINT"
  } ],
  "rows" : [ [ "00", "No distant metastasis\nUnknown if distant metastasis", "VALUE:M0", "VALUE:NONE" ], [ "10", "Size of distant metastasis less than or equal to 3 cm", "VALUE:M1a", "VALUE:D" ], [ "30", "Size of distant metastasis 3.1 cm to 8 cm", "VALUE:M1b", "VALUE:D" ], [ "50", "Size of distant metastasis greater than or equal to 8.1 cm", "VALUE:M1c", "VALUE:D" ], [ "70", "Size of distant metastasis unknown\n\nDistant lymph node(s), NOS\n\nCarcinomatosis\n\nDistant metastasis WITH or WITHOUT distant lymph node(s)\n\nDistant metastasis, NOS", "VALUE:M1", "VALUE:D" ], [ "99", "Death Certificate Only", "VALUE:M0", "VALUE:U" ] ]
}