{
  "id" : "eod_tnm_component_cleanup_placenta_66040",
  "algorithm" : "eod_public",
  "version" : "1.0",
  "name" : "EOD TNM Component Cleanup Placenta",
  "title" : "EOD TNM Component Cleanup Placenta",
  "last_modified" : "2018-03-12T16:39:51.646Z",
  "definition" : [ {
    "key" : "ajcc_id",
    "name" : "AJCC ID",
    "type" : "INPUT"
  }, {
    "key" : "eod_2018_t",
    "name" : "EOD T",
    "type" : "ENDPOINT"
  }, {
    "key" : "eod_2018_m",
    "name" : "EOD M",
    "type" : "ENDPOINT"
  }, {
    "key" : "eod_2018_stage_group",
    "name" : "EOD Stage",
    "type" : "ENDPOINT"
  } ],
  "rows" : [ [ "XX", "VALUE:88", "VALUE:88", "VALUE:88" ] ]
}