{
  "id" : "eod_regional_nodes_3383",
  "algorithm" : "eod_public",
  "version" : "1.0",
  "name" : "EOD Regional Nodes",
  "title" : "EOD Regional Nodes",
  "notes" : "**Note 1:** Code only regional nodes and nodes, NOS in this field. Distant nodes are coded in EOD Mets.\n\n**Note 2:** The specific location of the mesenteric nodes determines whether they are regional or distant. If the specific location is not described, code in EOD Regional Nodes.\n\n**Note 3:** Porta hepatic nodes are considered distant for Body and Tail and should be coded in EOD Mets. If the specific location for hepatic nodes is not described, code in EOD Regional Nodes.",
  "footnotes" : "(1) Fritz AG, Ries LAG (eds). **SEER Extent of Disease 1988: Codes and Coding Instructions (3rd Edition, 1998)**, National Cancer Institute, NIH Pub. No. 98-2313, Bethesda, MD, 1998\n\n(2) Young JL Jr, Roffers SD, Ries LAG, Fritz AG, Hurlbut AA (eds.). **SEER Summary Staging Manual-2000: Codes and Coding Instructions**, National Cancer Institute, NIH Pub. No. 01-4969, Bethesda, MD, 2001.\n\n(3) Collaborative Stage Work Group of the American Joint Committee on Cancer. **Collaborative Stage Data Collection System User Documentation and Coding Instructions, version 02.05**. American Joint Committee on Cancer (Chicago, IL)\n\n(4) Gress, D.M., Edge, S.B., Gershenwald, J.E., et al. **Principles of Cancer Staging**. In: Amin, M.B., Edge, S.B., Greene, F.L., et al. (Eds.) AJCC Cancer Staging Manual. 8th Ed. New York: Springer; 2017: 3-30\n\n(5) Bergsland, E.K., Woltering, E.A., Klimstra, D.S., et al. **Neuroendocrine Tumors of the Pancreas**. In: Amin, M.B., Edge, S.B., Greene, F.L., et al. (Eds.) AJCC Cancer Staging Manual. 8th Ed. New York: Springer; 2017: 407-419",
  "last_modified" : "2018-03-12T16:39:58.743Z",
  "definition" : [ {
    "key" : "eod_regional_nodes",
    "name" : "Code",
    "type" : "INPUT"
  }, {
    "key" : "description",
    "name" : "Description",
    "type" : "DESCRIPTION"
  }, {
    "key" : "eod_2018_n",
    "name" : "EOD 2018 N",
    "type" : "ENDPOINT"
  }, {
    "key" : "ss2018_n",
    "name" : "SS2018 N",
    "type" : "ENDPOINT"
  } ],
  "rows" : [ [ "000", "No regional lymph node involvement", "VALUE:N0", "VALUE:NONE" ], [ "300", "All sites\n- Anterior, NOS\n- Common bile duct (pericholedochal)\n- Common hepatic artery\n- Gastroepiploic (gastro-omental, left)\n- Hepatic, NOS\n- Inferior to the head and body of pancreas\n- Lateral aortic (lumbar)\n- Pancreaticoduodenal (anterior, posterior)\n- Peripancreatic, NOS\n- Posterior, NOS\n- Proximal mesentery (anterior, posterior)\n- Pyloric, NOS\n- Retroperitoneal\n- Superior to the head and body of pancreas\n- Superior mesenteric \n\nPancreas Head\n- Lateral wall (right)\n- Portal vein\n- Pyloric (infrapyloric, retropyloric, subpyloric, suprapyloric)\n\nPancreas Body and Tail\n- Pancreaticosplenic (pancreaticolineal)\n- Splenic (artery, hilum, lineal)\n- Suprapancreatic", "VALUE:N1", "VALUE:RN" ], [ "700", "Pancreas Body Tail (C251, C252)\n- Celiac", "VALUE:N1", "VALUE:D" ], [ "800", "Regional lymph node(s), NOS\nLymph node(s), NOS", "VALUE:N1", "VALUE:RN" ], [ "999", "Unknown; regional lymph node(s) not stated\nRegional lymph node(s) cannot be assessed\nNot documented in patient record\n\nDeath Certificate Only", "VALUE:NX", "VALUE:U" ] ]
}