{
  "id" : "eod_regional_nodes_53169",
  "algorithm" : "eod_public",
  "version" : "1.0",
  "name" : "EOD Regional Nodes",
  "title" : "EOD Regional Nodes",
  "notes" : "**Note 1:** Code only regional nodes and nodes, NOS, in this field. Distant nodes are coded in the field EOD Mets.\n\n**Note 2:** Inguinal lymph nodes are no longer coded as regional lymph nodes. See EOD Mets.\n\n**Note 3:** Regional lymph nodes include (bilateral and contralateral)\n\n    Aortic, NOS\n        Lateral (lumbar)\n        Para-aortic\n        Periaortic\n    Iliac, NOS\n        Common\n        External\n        Internal (hypogastric, obturator, NOS)\n    Intra-abdominal\n    Lateral sacral (laterosacral)\n    Pelvic, NOS\n    Retroperitoneal, NOS",
  "footnotes" : "(1) Fritz AG, Ries LAG (eds). **SEER Extent of Disease 1988: Codes and Coding Instructions (3rd Edition, 1998)**, National Cancer Institute, NIH Pub. No. 98-2313, Bethesda, MD, 1998\n\n(2) Young JL Jr, Roffers SD, Ries LAG, Fritz AG, Hurlbut AA (eds.). **SEER Summary Staging Manual-2000: Codes and Coding Instructions**, National Cancer Institute, NIH Pub. No. 01-4969, Bethesda, MD, 2001.\n\n(3) Collaborative Stage Work Group of the American Joint Committee on Cancer. **Collaborative Stage Data Collection System User Documentation and Coding Instructions, version 02.05**. American Joint Committee on Cancer (Chicago, IL)\n\n(4) Gress, D.M., Edge, S.B., Gershenwald, J.E., et al. **Principles of Cancer Staging**. In: Amin, M.B., Edge, S.B., Greene, F.L., et al. (Eds.) AJCC Cancer Staging Manual. 8th Ed. New York: Springer; 2017: 3-30\n\n(5) **Introduction to Female Reproductive Organs**. In: Amin, M.B., Edge, S.B., Greene, F.L., et al. (Eds.) AJCC Cancer Staging Manual. 8th Ed. New York: Springer; 2017: 631\n\n(6) Prat, J., Olawaiye, A.B., Mutch, D.G., et al. **Ovary, Fallopian Tube, and Primary Peritoneal Carcinoma**. In: Amin, M.B., Edge, S.B., Greene, F.L., et al. (Eds.) AJCC Cancer Staging Manual. 8th Ed. New York: Springer; 2017: 681-690",
  "last_modified" : "2018-03-12T16:39:56.850Z",
  "definition" : [ {
    "key" : "eod_regional_nodes",
    "name" : "Code",
    "type" : "INPUT"
  }, {
    "key" : "description",
    "name" : "Description",
    "type" : "DESCRIPTION"
  }, {
    "key" : "eod_2018_n",
    "name" : "EOD 2018 N",
    "type" : "ENDPOINT"
  }, {
    "key" : "ss2018_n",
    "name" : "SS2018 N",
    "type" : "ENDPOINT"
  } ],
  "rows" : [ [ "000", "No regional lymph node involvement", "VALUE:N0", "VALUE:NONE" ], [ "050", "Isolated tumors  cells no greater than 0.2 mm", "VALUE:N0(i+)", "VALUE:NONE" ], [ "300", "Lymph node metastasis less than or equal to 10 mm \n\nFIGO Stage IIIA1i", "VALUE:N1a", "VALUE:RN" ], [ "400", "Lymph node metastasis greater than 10 mm\n\nFIGO Stage IIIA1ii", "VALUE:N1b", "VALUE:RN" ], [ "500", "Lymph node metastasis , size unknown\n\nFIGO Stage IIIAI", "VALUE:N1", "VALUE:RN" ], [ "800", "Regional lymph node(s), NOS\nLymph node(s), NOS", "VALUE:N1", "VALUE:RN" ], [ "999", "Unknown; regional lymph node(s) not stated\nRegional lymph node(s) cannot be assessed\nNot documented in patient record\n\nDeath Certificate Only", "VALUE:NX", "VALUE:U" ] ]
}