{
  "id" : "eod_regional_nodes_11936",
  "algorithm" : "eod_public",
  "version" : "1.0",
  "name" : "EOD Regional Nodes",
  "title" : "EOD Regional Nodes",
  "notes" : "**Note:** Code only regional nodes and nodes, NOS in this field. Distant nodes are coded in EOD Mets.",
  "footnotes" : "(1) Fritz AG, Ries LAG (eds). **SEER Extent of Disease 1988: Codes and Coding Instructions (3rd Edition, 1998)**, National Cancer Institute, NIH Pub. No. 98-2313, Bethesda, MD, 1998\n\n(2) Young JL Jr, Roffers SD, Ries LAG, Fritz AG, Hurlbut AA (eds.). **SEER Summary Staging Manual-2000: Codes and Coding Instructions**, National Cancer Institute, NIH Pub. No. 01-4969, Bethesda, MD, 2001.\n\n(3) Collaborative Stage Work Group of the American Joint Committee on Cancer. **Collaborative Stage Data Collection System User Documentation and Coding Instructions, version 02.05**. American Joint Committee on Cancer (Chicago, IL)\n\n(4) Gress, D.M., Edge, S.B., Gershenwald, J.E., et al. **Principles of Cancer Staging**. In: Amin, M.B., Edge, S.B., Greene, F.L., et al. (Eds.) AJCC Cancer Staging Manual. 8th Ed. New York: Springer; 2017: 3-30\n\n(5) Kakar, S., Pawlik, T.M., Vauthey, J.N., et al. **Exocrine Pancreas**. In: Amin, M.B., Edge, S.B., Greene, F.L., et al. (Eds.) AJCC Cancer Staging Manual. 8th Ed. New York: Springer; 2017: 337-347",
  "last_modified" : "2018-03-12T16:39:58.793Z",
  "definition" : [ {
    "key" : "eod_regional_nodes",
    "name" : "Code",
    "type" : "INPUT"
  }, {
    "key" : "description",
    "name" : "Description",
    "type" : "DESCRIPTION"
  }, {
    "key" : "eod_2018_n",
    "name" : "EOD 2018 N",
    "type" : "ENDPOINT"
  }, {
    "key" : "ss2018_n",
    "name" : "SS2018 N",
    "type" : "ENDPOINT"
  } ],
  "rows" : [ [ "000", "No regional lymph node involvement", "VALUE:N0", "VALUE:NONE" ], [ "300", "All sites\n- Anterior, NOS \n- Common hepatic artery\n- Hepatic, NOS\n- Inferior to head and body of pancreas \n- Lateral aortic (lumbar)\n- Pancreaticoduodenal (anterior, posterior)\n- Peripancreatic, NOS\n- Posterior, NOS\n- Proximal mesenteric (anterior, posterior)\n- Retroperitoneal\n- Superior mesenteric \n- Superior to head and body of pancreas\n\nPancreas Head\n- Common bile duct (pericholedochal)\n- Lateral wall (right)\n- Portal vein\n- Pyloric, NOS\n- Pyloric (infrapyloric, retropyloric, subpyloric, suprapyloric)\n\nPancreas Body and Tail\n- Gastroepiploic (gastro-omental, left)\n- Pancreaticosplenic (pancreaticolineal)\n- Splenic (artery, hilum, lineal)\n- Suprapancreatic", "JUMP:rn_positive_with_regional_nodes_for_n_85525", "VALUE:RN" ], [ "700", "Pancreas Body Tail (C251, C252)\n- Celiac", "JUMP:rn_positive_with_regional_nodes_for_n_85525", "VALUE:D" ], [ "800", "Regional lymph node(s), NOS\nLymph node(s), NOS", "JUMP:rn_positive_with_regional_nodes_for_n_85525", "VALUE:RN" ], [ "999", "Unknown; regional lymph node(s) not stated\nRegional lymph node(s) cannot be assessed\nNot documented in patient record\n\nDeath Certificate Only", "VALUE:NX", "VALUE:U" ] ]
}