{
  "id" : "eod_regional_nodes_8545",
  "algorithm" : "eod_public",
  "version" : "1.0",
  "name" : "EOD Regional Nodes",
  "title" : "EOD Regional Nodes",
  "notes" : "**Note:** Code only regional nodes and nodes, NOS, in this field. Distant nodes are coded in EOD Mets.\n\n**The following lymph nodes are regional for Head and Neck tumors**\n\n**Level I**\nLevel IA - Submental\nLevel IB - Submandibular (submaxillary), sublingual\n\n**Level II - Upper jugular** \nJugulodigastric (subdigastric)\nUpper deep cervical        \nLevel IIA - Anterior\nLevel IIB - Posterior    \n\n**Level III - Middle jugular**\nMiddle deep cervical\n\n**Level IV - Lower jugular**\nJugulo-omohyoid (supraomohyoid)\nLower deep cervical        \nVirchow node\n\n**Level V - Posterior triangle group**\nPosterior cervical\nLevel VA - Spinal accessory        \nLevel VB - Transverse cervical, supraclavicular \n\n**Level VI - Anterior compartment group**\nLaterotracheal\nParalaryngeal\nParatracheal - above suprasternal notch\nPerithyroidal\nPrecricoid (Delphian)\nPrelaryngeal\nPretracheal - above suprasternal notch\nRecurrent laryngeal\n\n**Level VII - Superior mediastinal group (for other mediastinal node(s) see EOD mets)**\nEsophageal groove\nParatracheal - below suprasternal notch\nPretracheal - below suprasternal notch    \n\n**Other groups**\nCervical, NOS\nDeep cervical, NOS\nFacial\n\n    Buccinator (buccal)\n    Mandibular\n    Nasolabial\nInternal jugular, NOS\nParapharyngeal \nParotid\n  \n    Infraauricular\n    Intraparotid\n    Periparotid\n    Preauricular\nRetroauricular (mastoid)\nRetropharyngeal\nSuboccipital",
  "footnotes" : "(1) Fritz AG, Ries LAG (eds). **SEER Extent of Disease 1988: Codes and Coding Instructions (3rd Edition, 1998)**, National Cancer Institute, NIH Pub. No. 98-2313, Bethesda, MD, 1998\n\n(2) Young JL Jr, Roffers SD, Ries LAG, Fritz AG, Hurlbut AA (eds.). **SEER Summary Staging Manual-2000: Codes and Coding Instructions**, National Cancer Institute, NIH Pub. No. 01-4969, Bethesda, MD, 2001.\n\n(3) Collaborative Stage Work Group of the American Joint Committee on Cancer. **Collaborative Stage Data Collection System User Documentation and Coding Instructions, version 02.05**. American Joint Committee on Cancer (Chicago, IL)\n\n(4) Gress, D.M., Edge, S.B., Gershenwald, J.E., et al. **Principles of Cancer Staging**. In: Amin, M.B., Edge, S.B., Greene, F.L., et al. (Eds.) AJCC Cancer Staging Manual. 8th Ed. New York: Springer; 2017: 3-30\n\n(5) Lydiatt, W.M., Patel, S.G., Shah, J.P., et al.  **Staging Head and Neck Cancers**. In: Amin, M.B., Edge, S.B., Greene, F.L., et al. (Eds.) AJCC Cancer Staging Manual. 8th Ed. New York: Springer; 2017: 55-65\n\n(6) Patel, S.G., Lydiatt, W.M., Shah, J.P., et al. **Larynx**. In: Amin, M.B., Edge, S.B., Greene, F.L., et al. (Eds.) AJCC Cancer Staging Manual. 8th Ed. New York: Springer; 2017: 149-161",
  "last_modified" : "2018-03-12T16:39:58.659Z",
  "definition" : [ {
    "key" : "eod_regional_nodes",
    "name" : "Code",
    "type" : "INPUT"
  }, {
    "key" : "description",
    "name" : "Description",
    "type" : "DESCRIPTION"
  }, {
    "key" : "eod_2018_n",
    "name" : "EOD 2018 N",
    "type" : "ENDPOINT"
  }, {
    "key" : "ss2018_n",
    "name" : "SS2018 N",
    "type" : "ENDPOINT"
  } ],
  "rows" : [ [ "000", "No regional lymph node involvement", "VALUE:88", "VALUE:NONE" ], [ "100", "Metastasis in a SINGLE ipsilateral lymph node\n3 cm or less in greatest dimension \nExtranodal extension (ENE) negative or  unknown", "VALUE:88", "VALUE:RN" ], [ "150", "Metastasis in SINGLE ipsilateral node \n3 cm or smaller in greatest dimension \nExtranodal extension (ENE) positive", "VALUE:88", "VALUE:RN" ], [ "200", "Metastasis in SINGLE ipsilateral node \nLarger than 3 cm but not larger than 6 cm in greatest dimension \nExtranodal extension (ENE) negative", "VALUE:88", "VALUE:RN" ], [ "250", "Metastasis in MULTIPLE ipsilateral nodes, \nNo nodes larger than 6 cm in greatest dimension\nExtranodal extension (ENE) negative or unknown", "VALUE:88", "VALUE:RN" ], [ "300", "Metastasis in bilateral or contralateral lymph node(s)\nNo nodes larger than 6 cm in greatest dimension \nExtranodal extension (ENE) negative", "VALUE:88", "VALUE:RN" ], [ "400", "Metastasis in a lymph node larger than 6 cm in greatest dimension \nExtranodal extension (ENE) negative", "VALUE:88", "VALUE:RN" ], [ "500", "Metastasis in a SINGLE ipsilateral node \nLarger than 3 cm in greatest dimension \nExtranodal extension (ENE) positive", "VALUE:88", "VALUE:RN" ], [ "600", "Metastasis in MULTIPLE ipsilateral, contralateral, or bilateral nodes\nExtranodal extension (ENE) positive for any node", "VALUE:88", "VALUE:RN" ], [ "700", "Single contralateral node \n3 cm or smaller\nExtranodal extension (ENE) positive", "VALUE:88", "VALUE:RN" ], [ "800", "Regional lymph node(s), NOS\nLymph node(s), NOS", "VALUE:88", "VALUE:RN" ], [ "999", "Unknown; regional lymph node(s) not stated\nRegional lymph node(s) cannot be assessed\nNot documented in patient record\n\nDeath Certificate Only", "VALUE:88", "VALUE:U" ] ]
}