{
  "id" : "eod_primary_tumor_72332",
  "algorithm" : "eod_public",
  "version" : "1.0",
  "name" : "EOD Primary Tumor",
  "title" : "EOD Primary Tumor",
  "notes" : "**Note:** The cortex of a bone is the dense outer shell that provides strength to the bone; the spongy center of a bone is the cancellous portion.  The periosteum of the bone is the fibrous membrane covering of a bone that contains the blood vessels and nerves; the periosteum is similar to the capsule on a visceral organ.",
  "footnotes" : "(1) Fritz AG, Ries LAG (eds). **SEER Extent of Disease 1988: Codes and Coding Instructions (3rd Edition, 1998)**, National Cancer Institute, NIH Pub. No. 98-2313, Bethesda, MD, 1998\n\n(2) Young JL Jr, Roffers SD, Ries LAG, Fritz AG, Hurlbut AA (eds.). **SEER Summary Staging Manual-2000: Codes and Coding Instructions**, National Cancer Institute, NIH Pub. No. 01-4969, Bethesda, MD, 2001.\n\n(3) Collaborative Stage Work Group of the American Joint Committee on Cancer. **Collaborative Stage Data Collection System User Documentation and Coding Instructions, version 02.05**. American Joint Committee on Cancer (Chicago, IL)\n\n(4) Gress, D.M., Edge, S.B., Gershenwald, J.E., et al. **Principles of Cancer Staging**. In: Amin, M.B., Edge, S.B., Greene, F.L., et al. (Eds.) AJCC Cancer Staging Manual. 8th Ed. New York: Springer; 2017: 3-30\n\n(5) Kneisl, J.S., Rosenberg, A.E., et al. **Bone**. In: Amin, M.B., Edge, S.B., Greene, F.L., et al. (Eds.) AJCC Cancer Staging Manual. 8th Ed. New York: Springer; 2017: 471-486",
  "last_modified" : "2018-03-12T16:39:58.785Z",
  "definition" : [ {
    "key" : "eod_primary_tumor",
    "name" : "Code",
    "type" : "INPUT"
  }, {
    "key" : "description",
    "name" : "Description",
    "type" : "DESCRIPTION"
  }, {
    "key" : "eod_2018_t",
    "name" : "EOD 2018 T",
    "type" : "ENDPOINT"
  }, {
    "key" : "ss2018_t",
    "name" : "SS2018 T",
    "type" : "ENDPOINT"
  } ],
  "rows" : [ [ "100", "Involvement of one  vertebral segments", "VALUE:T1", "VALUE:L" ], [ "200", "Involvement of two adjacent vertebral segments", "VALUE:T1", "VALUE:L" ], [ "300", "Involvement of three adjacent vertebral segments", "VALUE:T2", "VALUE:L" ], [ "400", "Involvement of four or more adjacent vertebral segments", "VALUE:T3", "VALUE:L" ], [ "450", "Confined to spine, NOS (number of segments involved not known)\nLocalized, NOS", "VALUE:TX", "VALUE:L" ], [ "500", "Involvement of nonadjacent vertebral segments", "VALUE:T3", "VALUE:RE" ], [ "600", "Extension beyond periosteum to surrounding tissues, including adjacent skeletal muscle(s)", "VALUE:T4", "VALUE:RE" ], [ "650", "Spinal canal", "VALUE:T4a", "VALUE:D" ], [ "700", "Gross vascular invasion\nTumor thrombus in great vessels", "VALUE:T4b", "VALUE:D" ], [ "800", "No evidence of primary tumor", "VALUE:T0", "VALUE:U" ], [ "999", "Unknown; extension not stated\nPrimary tumor cannot be assessed\nNot documented in patient record\n\nDeath Certificate Only", "VALUE:TX", "VALUE:U" ] ]
}