{
  "id" : "eod_regional_nodes_29442",
  "algorithm" : "eod_public",
  "version" : "1.0",
  "name" : "EOD Regional Nodes",
  "title" : "EOD Regional Nodes",
  "notes" : "**Note:** Code only regional nodes and nodes, NOS in this field. Distant nodes are coded in EOD Mets.",
  "footnotes" : "(1) Fritz AG, Ries LAG (eds). **SEER Extent of Disease 1988: Codes and Coding Instructions (3rd Edition, 1998)**, National Cancer Institute, NIH Pub. No. 98-2313, Bethesda, MD, 1998\n\n(2) Young JL Jr, Roffers SD, Ries LAG, Fritz AG, Hurlbut AA (eds.). **SEER Summary Staging Manual-2000: Codes and Coding Instructions**, National Cancer Institute, NIH Pub. No. 01-4969, Bethesda, MD, 2001.\n\n(3) Collaborative Stage Work Group of the American Joint Committee on Cancer. **Collaborative Stage Data Collection System User Documentation and Coding Instructions, version 02.05**. American Joint Committee on Cancer (Chicago, IL)\n\n(4) Gress, D.M., Edge, S.B., Gershenwald, J.E., et al. **Principles of Cancer Staging**. In: Amin, M.B., Edge, S.B., Greene, F.L., et al. (Eds.) AJCC Cancer Staging Manual. 8th Ed. New York: Springer; 2017: 3-30\n\n(5) Tuttle, R.M., Perrier, N.D., et al. **Thyroid – Differentiated and Anaplastic Carcinoma**. In: Amin, M.B., Edge, S.B., Greene, F.L., et al. (Eds.) AJCC Cancer Staging Manual. 8th Ed. New York: Springer; 2017: 873-890",
  "last_modified" : "2018-03-12T16:39:56.975Z",
  "definition" : [ {
    "key" : "eod_regional_nodes",
    "name" : "Code",
    "type" : "INPUT"
  }, {
    "key" : "description",
    "name" : "Description",
    "type" : "DESCRIPTION"
  }, {
    "key" : "eod_2018_n",
    "name" : "EOD 2018 N",
    "type" : "ENDPOINT"
  }, {
    "key" : "ss2018_n",
    "name" : "SS2018 N",
    "type" : "ENDPOINT"
  } ],
  "rows" : [ [ "000", "No regional lymph node involvement\nCYTOLOGICALLY or HISTOLOGICALLY confirmed to be benign node(s)", "VALUE:N0a", "VALUE:NONE" ], [ "050", "No regional lymph node involvement\nRADIOLOGICALLY or CLINICALLY confirmed", "VALUE:N0b", "VALUE:NONE" ], [ "070", "No regional lymph node involvement\nUNKNOWN how confirmed", "VALUE:N0", "VALUE:NONE" ], [ "300", "Level VI nodes - Anterior compartment group (central compartment)\n- Laterotracheal\n- Paralaryngeal\n- Paratracheal - above suprasternal notch\n- Perithyroidal\n- Precricoid (Delphian)\n- Prelaryngeal \n- Pretracheal - above suprasternal notch\n- Recurrent laryngeal", "VALUE:N1a", "VALUE:RN" ], [ "400", "Unilateral, bilateral, or contralateral lymph nodes\n\nLevel I\n- Level IA - Submental \n- Level IB - Submandibular (submaxillary), sublingual\n\nFacial\n- Buccinator\n- Mandibular\n- Nasolabial\n\nParotid\n- Infraauricular\n- Intraparotid\n- Periparotid\n- Preauricular\n\nLevel II  - Upper jugular\n- Jugulodigastric (subdigastric)\n- Upper deep cervical\n- Level II A - Anterior\n- Level II B – Posterior\n\nLevel III - Middle jugular\n- Middle deep cervical\n\nLevel IV  - Lower jugular\n- Jugulo-omohyoid (supraomohyoid)\n- Lower deep cervical\n- Level VB - Transverse cervical, supraclavicular   \n\nLevel V - Posterior triangle group\n- Posterior cervical\n- Level VA - Spinal accessory \n\nOther Groups\n- Parapharyngeal\n- Retroauricular (mastoid)\n- Retropharyngeal\n- Suboccipital\n\nCervical, NOS\nDeep cervical, NOS\nInternal jugular, NOS", "VALUE:N1b", "VALUE:RN" ], [ "800", "Regional lymph node(s), NOS\nLymph node(s), NOS", "VALUE:N1", "VALUE:RN" ], [ "999", "Unknown; regional lymph node(s) not stated\nRegional lymph node(s) cannot be assessed\nNot documented in patient record\n\nDeath Certificate Only", "VALUE:NX", "VALUE:U" ] ]
}