{
  "id" : "eod_regional_nodes_97333",
  "algorithm" : "eod_public",
  "version" : "1.0",
  "name" : "EOD Regional Nodes",
  "title" : "EOD Regional Nodes",
  "notes" : "**Note:**  Code only regional nodes and nodes, NOS, in this field.  Distant nodes are coded in EOD Mets.",
  "footnotes" : "1. Fritz AG, Ries LAG (eds). **SEER Extent of Disease 1988: Codes and Coding Instructions (3rd Edition, 1998)**, National Cancer Institute, NIH Pub. No. 98-2313, Bethesda, MD, 1998\n\n2. Young JL Jr, Roffers SD, Ries LAG, Fritz AG, Hurlbut AA (eds.). **SEER Summary Staging Manual-2000: Codes and Coding Instructions,** National Cancer Institute, NIH Pub. No. 01-4969, Bethesda, MD, 2001.\n\n3. Collaborative Stage Work Group of the American Joint Committee on Cancer. **Collaborative Stage Data Collection System User Documentation and Coding Instructions, version 02.05.** American Joint Committee on Cancer (Chicago, IL)\n\n4. Gress, D.M., Edge, S.B., Gershenwald, J.E., et al. **Principles of Cancer Staging**. In: Amin, M.B., Edge, S.B., Greene, F.L., et al. (Eds.) AJCC Cancer Staging Manual. 8th Ed. New York: Springer; 2017: 3-30\n\n5. Jimenez, C., Perrier, N.D., et al. **Adrenal – Neuroendocrine Tumors**. In: Amin, M.B., Edge, S.B., Greene, F.L., et al. (Eds.) AJCC Cancer Staging Manual. 8th Ed. New York: Springer; 2017: 919-927",
  "last_modified" : "2018-03-12T16:39:58.552Z",
  "definition" : [ {
    "key" : "eod_regional_nodes",
    "name" : "Code",
    "type" : "INPUT"
  }, {
    "key" : "description",
    "name" : "Description",
    "type" : "DESCRIPTION"
  }, {
    "key" : "eod_2018_n",
    "name" : "EOD 2018 N",
    "type" : "ENDPOINT"
  }, {
    "key" : "ss2018_n",
    "name" : "SS2018 N",
    "type" : "ENDPOINT"
  } ],
  "rows" : [ [ "000", "No regional lymph node involvement", "VALUE:N0", "VALUE:NONE" ], [ "300", "Aortic, NOS\n- Para-aortic\n- Periaortic\n\nPericaval, NOS\n- Paracaval\n- Precaval\n- Retrocaval\n\nRetroperitoneal, NOS", "VALUE:N1", "VALUE:RN" ], [ "800", "Regional lymph node(s), NOS\nLymph node(s), NOS", "VALUE:N1", "VALUE:RN" ], [ "999", "Unknown; regional lymph node(s) not stated\nRegional lymph node(s) cannot be assessed\nNot documented in patient record\n\nDeath Certificate Only", "VALUE:NX", "VALUE:U" ] ]
}