{
  "id" : "eod_regional_nodes_80411",
  "algorithm" : "eod_public",
  "version" : "1.0",
  "name" : "EOD Regional Nodes",
  "title" : "EOD Regional Nodes",
  "notes" : "**Note 1:** Extraosseous plasmacytomas (9734), especially those in the respiratory tract, may metastasize to regional lymph nodes. \n\n**Note 2:** Code 987, not applicable, for\n* Lymphoplasmacytic lymphoma (9671)\n* Plasmacytoma, NOS (9731) \n* Single plasmacytoma occurring in bone (osseous or medullary) (9731)\n* Waldenstrom Macroglobulinemia (9761)",
  "footnotes" : "(1) Fritz AG, Ries LAG (eds). **SEER Extent of Disease 1988: Codes and Coding Instructions (3rd Edition, 1998)**, National Cancer Institute, NIH Pub. No. 98-2313, Bethesda, MD, 1998\n\n(2) Young JL Jr, Roffers SD, Ries LAG, Fritz AG, Hurlbut AA (eds.). **SEER Summary Staging Manual-2000: Codes and Coding Instructions**, National Cancer Institute, NIH Pub. No. 01-4969, Bethesda, MD, 2001.\n\n(3) Collaborative Stage Work Group of the American Joint Committee on Cancer. **Collaborative Stage Data Collection System User Documentation and Coding Instructions, version 02.05**. American Joint Committee on Cancer (Chicago, IL)\n\n(4) Gress, D.M., Edge, S.B., Gershenwald, J.E., et al. **Principles of Cancer Staging**. In: Amin, M.B., Edge, S.B., Greene, F.L., et al. (Eds.) AJCC Cancer Staging Manual. 8th Ed. New York: Springer; 2017: 3-30\n\n(5) **Introduction to Hematologic Malignancies**. In: Amin, M.B., Edge, S.B., Greene, F.L., et al. (Eds.) AJCC Cancer Staging Manual. 8th Ed. New York: Springer; 2017: 931-935\n\n(6) Bergsagel, P.L., Jaffe, E.S., Leonard, J.P., et al. **Plasma Cell Myeloma and Plasma Cell Disorders**. In: Amin, M.B., Edge, S.B., Greene, F.L., et al. (Eds.) AJCC Cancer Staging Manual. 8th Ed. New York: Springer; 2017: 973-977",
  "last_modified" : "2018-03-12T16:39:56.600Z",
  "definition" : [ {
    "key" : "eod_regional_nodes",
    "name" : "Code",
    "type" : "INPUT"
  }, {
    "key" : "description",
    "name" : "Description",
    "type" : "DESCRIPTION"
  }, {
    "key" : "eod_2018_n",
    "name" : "EOD 2018 N",
    "type" : "ENDPOINT"
  }, {
    "key" : "ss2018_n",
    "name" : "SS2018 N",
    "type" : "ENDPOINT"
  } ],
  "rows" : [ [ "000", "No regional lymph node involvement", "VALUE:88", "VALUE:NONE" ], [ "800", "Extraosseous plasmacytomas only (9734)\n- Regional lymph node(s), NOS\n  + Lymph node(s), NOS", "VALUE:88", "VALUE:NA" ], [ "987", "Not applicable\n- Lymphoplasmacytic lymphoma (9671)\n- Plasmacytoma, NOS (9731)\n- Waldenstrom Macroglobulinemia (9761)", "VALUE:88", "VALUE:NA" ], [ "999", "Unknown; regional lymph node(s) not stated\nRegional lymph node(s) cannot be assessed\nNot documented in patient record\n\nDeath Certificate Only", "VALUE:88", "VALUE:U" ] ]
}