{
  "id" : "eod_stage_group_selection_44006",
  "algorithm" : "eod_public",
  "version" : "1.0",
  "name" : "EOD Stage Group Selection",
  "title" : "EOD Stage Group Selection",
  "notes" : "**Note:** AJCC 8th Chapter is split by Gastric/Omental vs other sites. This table uses AJCC ID to determine which Stage Group calculation table will be used.",
  "last_modified" : "2018-03-12T16:39:55.759Z",
  "definition" : [ {
    "key" : "ajcc_id",
    "name" : "AJCC ID",
    "type" : "INPUT"
  }, {
    "key" : "stage",
    "name" : "Stage",
    "type" : "ENDPOINT"
  } ],
  "rows" : [ [ "43.1", "JUMP:tnm_8_eod_stage_group_gist_stomach_28407" ], [ "43.2", "JUMP:tnm_8_eod_stage_group_gist_small_intestine_38523" ] ]
}