{
  "id" : "er_allred_score_36612",
  "algorithm" : "eod_public",
  "version" : "1.0",
  "name" : "Estrogen Receptor Total Allred Score",
  "title" : "ER (Estrogen Receptor) Total Allred Score",
  "notes" : "**Note 1:** Physician statement of ER (Estrogen Receptor) Total Allred Score  can be used to code this data item.\n\n**Note 2:** Code this data item using the same report used to record ER Summary. \n\n**Note 3:**  The Allred system looks at what percentage of cells test positive for hormone receptors, along with how well the receptors show up after staining (this is called “intensity”). This information is then combined to score the sample on a scale from 0 to 8. The higher the score, the more receptors were found and the easier they were to see in the sample.\n\n**Note 4:** If ER test is performed, but Allred score is not documented, or cannot be  calculated, code X9.",
  "last_modified" : "2018-03-12T16:39:57.125Z",
  "definition" : [ {
    "key" : "er_allred_score",
    "name" : "Code",
    "type" : "INPUT"
  }, {
    "key" : "description",
    "name" : "Description",
    "type" : "DESCRIPTION"
  } ],
  "rows" : [ [ "00", "Total ER Allred score of 0 " ], [ "01", "Total ER Allred score of 1" ], [ "02", "Total ER Allred score of 2" ], [ "03", "Total ER Allred score of 3" ], [ "04", "Total ER Allred score of 4" ], [ "05", "Total ER Allred score of 5" ], [ "06", "Total ER Allred score of 6" ], [ "07", "Total ER Allred score of 7" ], [ "08", "Total ER Allred score of 8" ], [ "X8", "Not applicable: Information not collected for this case\n(If this item is required by your standard setter, use of code X8 will result in an edit error.)" ], [ "X9", "Not documented in medical record\nER (Estrogen Receptor) Total Allred Score not assessed, or unknown if assessed" ] ]
}