{
  "id" : "extension_bcs",
  "algorithm" : "eod_public",
  "version" : "1.0",
  "name" : "EOD Primary Tumor",
  "title" : "EOD Primary Tumor",
  "notes" : "**Note 1:** Melanoma in situ is also called primary acquired melanosis.\n\n**Note 2:** The EOD Primary Tumor collapses the clinical and pathological information. Pathological evidence takes priority over clinical evidence, unless the clinical evidence was clearly greater or the patient had neoadjuvant treatment. \n\n**Note 3:** Nodular or well-defined conjunctival melanomas are clinically categorized according to the regional location of their posterior and anterior margins (i.e., cornea, limbus, bulbar conjunctiva, fornix, palpebral conjunctiva, plica, caruncle, or eyelid skin) and by their circumferential extent, in clock minutes, in each of these regions. A “quadrant” comprises 15 clock minutes regardless of the meridian locations of the lateral margins.",
  "footnotes" : "(1) Fritz AG, Ries LAG (eds). **SEER Extent of Disease 1988: Codes and Coding Instructions (3rd Edition, 1998)**, National Cancer Institute, NIH Pub. No. 98-2313, Bethesda, MD, 1998\n\n(2) Young JL Jr, Roffers SD, Ries LAG, Fritz AG, Hurlbut AA (eds.). **SEER Summary Staging Manual-2000: Codes and Coding Instructions**, National Cancer Institute, NIH Pub. No. 01-4969, Bethesda, MD, 2001.\n\n(3) Collaborative Stage Work Group of the American Joint Committee on Cancer. **Collaborative Stage Data Collection System User Documentation and Coding Instructions, version 02.05**. American Joint Committee on Cancer (Chicago, IL)\n\n(4) Gress, D.M., Edge, S.B., Gershenwald, J.E., et al. **Principles of Cancer Staging**. In: Amin, M.B., Edge, S.B., Greene, F.L., et al. (Eds.) AJCC Cancer Staging Manual. 8th Ed. New York: Springer; 2017: 3-30\n\n(5) Coupland, S.E., Finger, P.T., et al. **Conjunctival Melanoma**. In: Amin, M.B., Edge, S.B., Greene, F.L., et al. (Eds.) AJCC Cancer Staging Manual. 8th Ed. New York: Springer; 2017: 795-803",
  "last_modified" : "2018-03-12T16:39:56.806Z",
  "definition" : [ {
    "key" : "eod_primary_tumor",
    "name" : "Code",
    "type" : "INPUT"
  }, {
    "key" : "description",
    "name" : "Description",
    "type" : "DESCRIPTION"
  }, {
    "key" : "eod_2018_t",
    "name" : "EOD 2018 T",
    "type" : "ENDPOINT"
  }, {
    "key" : "ss2018_t",
    "name" : "SS2018 T",
    "type" : "ENDPOINT"
  } ],
  "rows" : [ [ "000", "In situ, intraepithelial, noninvasive\nMelanoma confined to the conjunctival epithelium (in situ)", "VALUE:Tis", "VALUE:IS" ], [ "100", "CLINICAL assessment only\nLess than one quadrant involved\n\nPATHOLOGICAL assessment only\nBulbar conjunctiva tumor with invasion of substantia propria, less than or equal to 2.0 mm in thickness", "VALUE:T1a", "VALUE:L" ], [ "110", "CLINICAL assessment only\nGreater than  1 quadrant and less than or equal to 2 quadrants involved\n\nPATHOLOGICAL assessment only\nBulbar conjunctiva tumor with invasion of substantia propria, greater than 2.0 mm in thickness", "VALUE:T1b", "VALUE:L" ], [ "120", "CLINICAL assessment only\nGreater than 2 quadrants and less than or equal to 3 quadrants involved", "VALUE:T1c", "VALUE:L" ], [ "130", "CLINICAL assessment only\nGreater than 3 quadrants involved", "VALUE:T1d", "VALUE:L" ], [ "150", "Tumor(s) of bulbar conjunctiva, NOS\nLocalized, NOS", "VALUE:T1", "VALUE:L" ], [ "200", "CLINICAL assessment only\nNoncaruncular tumor \n- AND less than or equal to 1 quadrant of nonbulbar conjunctiva involved\n\nPATHOLOGICAL assessment only\nNonbulbar conjunctiva tumor with invasion of substantia propria, less than or equal to 2.0 mm in thickness\n- WITH or WITHOUT involvement of caruncle", "VALUE:T2a", "VALUE:L" ], [ "250", "CLINICAL assessment only\nNoncaruncular tumor \n- AND greater than 1 quadrant of nonbulbar conjunctiva (forniceal, palpebral, tarsal) involved\n\nPATHOLOGICAL assessment only\nNonbulbar conjunctiva tumor with invasion of substantia propria, greater than 2.0 mm in thickness\n- WITH or WITHOUT involvement of caruncle", "VALUE:T2b", "VALUE:L" ], [ "300", "CLINICAL assessment only\nCaruncular tumor \n- AND less than or equal to 1 quadrant of nonbulbar conjunctiva  (forniceal, palpebral, tarsal) involved", "VALUE:T2c", "VALUE:L" ], [ "350", "CLINICAL assessment only\nCaruncular tumor \n- AND greater than 1 quadrant of nonbulbar conjunctiva (forniceal, palpebral, tarsal)  involved", "VALUE:T2d", "VALUE:L" ], [ "400", "CLINICAL assessment only\nTumor(s) of nonbulbar (forniceal, palpebral, tarsal) involved,  NOS WITH corneal extension\n\nPATHOLOGICAL assessment only\nInvolvement of caruncle WITH extension to cornea", "VALUE:T2", "VALUE:L" ], [ "450", "Invasion of globe", "VALUE:T3a", "VALUE:RE" ], [ "500", "Invasion of eyelid", "VALUE:T3b", "VALUE:RE" ], [ "550", "Invasion of orbit", "VALUE:T3c", "VALUE:RE" ], [ "600", "Invasion of \n- Lacrimal sac\n- Nasolacrimal duct\n- Paranasal sinuses", "VALUE:T3d", "VALUE:RE" ], [ "650", "Invasion of sinus, NOS", "VALUE:T3d", "VALUE:D" ], [ "700", "Local invasion, NOS", "VALUE:T3", "VALUE:RE" ], [ "750", "Invasion of the central nervous system\n\nFurther contiguous extension", "VALUE:T4", "VALUE:RE" ], [ "800", "No evidence of primary tumor", "VALUE:T0", "VALUE:U" ], [ "999", "Unknown; extension note stated\nPrimary tumor cannot be assessed \nNot documented in patient record\n\nDeath Certificate Only", "VALUE:TX", "VALUE:U" ] ]
}