{
  "id" : "extension_bfm",
  "algorithm" : "eod_public",
  "version" : "1.0",
  "name" : "EOD Primary Tumor",
  "title" : "EOD Primary Tumor",
  "notes" : "**Note:** When both the Federation Internationale de Gynecologie et d'Obstetrique (FIGO) stage and extension information on the primary tumor are available, use the extension information to code primary tumor in preference to a statement of FIGO stage.",
  "footnotes" : "(1) Fritz AG, Ries LAG (eds). **SEER Extent of Disease 1988: Codes and Coding Instructions (3rd Edition, 1998)**, National Cancer Institute, NIH Pub. No. 98-2313, Bethesda, MD, 1998\n\n(2) Young JL Jr, Roffers SD, Ries LAG, Fritz AG, Hurlbut AA (eds.). **SEER Summary Staging Manual-2000: Codes and Coding Instructions**, National Cancer Institute, NIH Pub. No. 01-4969, Bethesda, MD, 2001.\n\n(3) Collaborative Stage Work Group of the American Joint Committee on Cancer. **Collaborative Stage Data Collection System User Documentation and Coding Instructions, version 02.05**. American Joint Committee on Cancer (Chicago, IL)\n\n(4) Gress, D.M., Edge, S.B., Gershenwald, J.E., et al. **Principles of Cancer Staging**. In: Amin, M.B., Edge, S.B., Greene, F.L., et al. (Eds.) AJCC Cancer Staging Manual. 8th Ed. New York: Springer; 2017: 3-30\n\n(5) **Introduction to Female Reproductive Organs**. In: Amin, M.B., Edge, S.B., Greene, F.L., et al. (Eds.) AJCC Cancer Staging Manual. 8th Ed. New York: Springer; 2017: 631\n\n(6) Dizon, D.S., Olawaiye, A.B., Mutch, D.G., et al. **Corpus Uteri – Sarcoma**. In: Amin, M.B., Edge, S.B., Greene, F.L., et al. (Eds.) AJCC Cancer Staging Manual. 8th Ed. New York: Springer; 2017: 671-680",
  "last_modified" : "2018-03-12T16:39:56.942Z",
  "definition" : [ {
    "key" : "eod_primary_tumor",
    "name" : "Code",
    "type" : "INPUT"
  }, {
    "key" : "description",
    "name" : "Description",
    "type" : "DESCRIPTION"
  }, {
    "key" : "eod_2018_t",
    "name" : "EOD 2018 T",
    "type" : "ENDPOINT"
  }, {
    "key" : "ss2018_t",
    "name" : "SS2018 T",
    "type" : "ENDPOINT"
  } ],
  "rows" : [ [ "100", "Confined to endometrium (stroma)\nInvasion of myometrium, NOS\nInvasive cancer tumor confined to corpus uteri\nTunica serosa of the visceral peritoneum (serosa covering the corpus)\n\nLimited to uterus, NOS\nLocalized, NOS\n\nFIGO Stage IA, IB, I [NOS]", "JUMP:tumor_size_with_primary_tumor_for_ajcc_t_5707", "JUMP:peritoneal_cytology_with_primary_tumor_for_ss2018_t_88427" ], [ "200", "Cervical stromal invasion\nCervix uteri, NOS, but not beyond the uterus\nEndocervical glandular involvement only", "JUMP:tumor_size_with_primary_tumor_for_ajcc_t_5707", "VALUE:RE" ], [ "400", "Extension or metastasis within true pelvis\n- Adnexa, NOS\n    + Fallopian tube(s)\n    + Ligaments (broad, round, uterosacral)\n    + Ovary(ies)\n - Parametrium\n - Visceral peritoneum of pelvic organs excluding serosa of corpus uteri\n\nFIGO Stage IIA", "VALUE:T2a", "VALUE:RE" ], [ "450", "Parietal serosa of pelvic cavity\nPelvic wall(s)\nUreter\nVagina\nVulva\n\nDescribed clinically as \"frozen pelvis\", NOS\n\nFIGO Stage IIB", "VALUE:T2b", "VALUE:RE" ], [ "500", "Extension beyond uterus, within pelvis, NOS\n\nFIGO Stage II [NOS]", "VALUE:T2", "VALUE:RE" ], [ "550", "Infiltration of abdominal tissues, one of the following sites\n- Abdominal serosa (visceral or parietal peritoneum of abdomen)\n- Sigmoid colon\n- Small intestine\n- Other abdominal structures\n\nFIGO Stage IIIA", "VALUE:T3a", "VALUE:D" ], [ "600", "Infiltration of abdominal tissues (code 550), more than one site\n\nFIGO Stage IIIB", "VALUE:T3b", "VALUE:D" ], [ "650", "Abdominal tissues involvement, NOS\n\nFIGO Stage III [NOS]", "VALUE:T3", "VALUE:D" ], [ "700", "Invasion of\n- Bladder wall\n- Bladder, NOS excluding mucosa\n- Rectal wall\n- Rectum, NOS excluding mucosa", "VALUE:T4", "VALUE:RE" ], [ "750", "Invasion of organs in code 700 plus infiltration of any abdominal tissues\n\nExtension to bowel mucosa or bladder (excluding bullous edema)\nCul de sac (rectouterine pouch)\n\nFIGO Stage IVA, IV [NOS]\n\nFurther contiguous extension", "VALUE:T4", "VALUE:D" ], [ "800", "No evidence of primary tumor", "VALUE:T0", "VALUE:U" ], [ "999", "Unknown; extension not stated\nPrimary tumor cannot be assessed\nNot documented in patient record\n\nDeath Certificate Only", "VALUE:TX", "VALUE:U" ] ]
}