{
  "id" : "extension_bcy",
  "algorithm" : "eod_public",
  "version" : "1.0",
  "name" : "EOD Primary Tumor",
  "title" : "EOD Primary Tumor",
  "notes" : "**Note:** If EOD Primary Tumor is 000, Behavior ICD-O-3 must be coded as 2. If EOD Primary Tumor is 100 or greater, Behavior ICD-O-3 must be coded as 3.",
  "footnotes" : "(1) Fritz AG, Ries LAG (eds). **SEER Extent of Disease 1988: Codes and Coding Instructions (3rd Edition, 1998)**, National Cancer Institute, NIH Pub. No. 98-2313, Bethesda, MD, 1998\n\n(2) Young JL Jr, Roffers SD, Ries LAG, Fritz AG, Hurlbut AA (eds.). **SEER Summary Staging Manual-2000: Codes and Coding Instructions**, National Cancer Institute, NIH Pub. No. 01-4969, Bethesda, MD, 2001.\n\n(3) Collaborative Stage Work Group of the American Joint Committee on Cancer. **Collaborative Stage Data Collection System User Documentation and Coding Instructions, version 02.05**. American Joint Committee on Cancer (Chicago, IL)",
  "last_modified" : "2018-03-12T16:39:56.441Z",
  "definition" : [ {
    "key" : "eod_primary_tumor",
    "name" : "Code",
    "type" : "INPUT"
  }, {
    "key" : "description",
    "name" : "Description",
    "type" : "DESCRIPTION"
  }, {
    "key" : "eod_2018_t",
    "name" : "EOD 2018 T",
    "type" : "ENDPOINT"
  }, {
    "key" : "ss2018_t",
    "name" : "SS2018 T",
    "type" : "ENDPOINT"
  } ],
  "rows" : [ [ "000", "In situ, intraepithelial, noninvasive (flat, sessile)\nNoninvasive papillary, polypoid or verrucous carcinoma", "VALUE:88", "VALUE:IS" ], [ "100", "Lamina propria\nMuscularis\nSubepithelial connective tissue\nSubmucosa\n\nLocalized, NOS", "VALUE:88", "VALUE:L" ], [ "200", "Beyond prostate capsule\nBladder neck\nCorpus cavernosum\nCorpus spongiosum\nPeriurethral muscle (sphincter)\nProstate\nVagina, anterior or NOS", "VALUE:88", "VALUE:RE" ], [ "700", "Other adjacent organ(s), including\n- Bladder (excluding bladder neck)\n- Seminal vesicle(s)\n\nFurther contiguous extension", "VALUE:88", "VALUE:D" ], [ "800", "No evidence of primary tumor", "VALUE:88", "VALUE:U" ], [ "999", "Unknown; extension not stated\nPrimary tumor cannot be assessed\nNot documented in patient record\n\nDeath Certificate Only", "VALUE:88", "VALUE:U" ] ]
}