{
  "id" : "extension_bbj",
  "algorithm" : "eod_public",
  "version" : "1.0",
  "name" : "EOD Primary Tumor",
  "title" : "EOD Primary Tumor",
  "footnotes" : "(1) Fritz AG, Ries LAG (eds). **SEER Extent of Disease 1988: Codes and Coding Instructions (3rd Edition, 1998)**, National Cancer Institute, NIH Pub. No. 98-2313, Bethesda, MD, 1998\n\n(2) Young JL Jr, Roffers SD, Ries LAG, Fritz AG, Hurlbut AA (eds.). **SEER Summary Staging Manual-2000: Codes and Coding Instructions**, National Cancer Institute, NIH Pub. No. 01-4969, Bethesda, MD, 2001.\n\n(3) Collaborative Stage Work Group of the American Joint Committee on Cancer. **Collaborative Stage Data Collection System User Documentation and Coding Instructions, version 02.05**. American Joint Committee on Cancer (Chicago, IL)\n\n(4) Gress, D.M., Edge, S.B., Gershenwald, J.E., et al. **Principles of Cancer Staging**. In: Amin, M.B., Edge, S.B., Greene, F.L., et al. (Eds.) AJCC Cancer Staging Manual. 8th Ed. New York: Springer; 2017: 3-30\n\n(5) Conway, R.M., Finger, P.T., et al. **Conjunctival Carcinoma**. In: Amin, M.B., Edge, S.B., Greene, F.L., et al. (Eds.) AJCC Cancer Staging Manual. 8th Ed. New York: Springer; 2017: 787-793",
  "last_modified" : "2018-03-12T16:39:58.601Z",
  "definition" : [ {
    "key" : "eod_primary_tumor",
    "name" : "Code",
    "type" : "INPUT"
  }, {
    "key" : "description",
    "name" : "Description",
    "type" : "DESCRIPTION"
  }, {
    "key" : "eod_2018_t",
    "name" : "EOD 2018 T",
    "type" : "ENDPOINT"
  }, {
    "key" : "ss2018_t",
    "name" : "SS2018 T",
    "type" : "ENDPOINT"
  } ],
  "rows" : [ [ "000", "In situ, intraepithelial, noninvasive\nCIN III (conjunctival intraepithelial neoplasia III)\nSIN III (squamous intraepithelial neoplasia III)", "VALUE:Tis", "VALUE:IS" ], [ "100", "Tumor confined to one subsite of conjunctiva\n- Bulbar conjunctiva\n- Forniceal conjunctiva\n- Palpebral conjunctiva\n- Tarsal conjunctiva\n\nTumor confined to conjunctiva, NOS\n- WITHOUT invasion of adjacent structures\n\nLocalized, NOS", "JUMP:tumor_size_with_primary_tumor_for_ajcc_t_54623", "VALUE:L" ], [ "200", "Cornea (3, 6, 9, or 12 o'clock hours)\nIntraocular compartments\nIntraocular extension", "VALUE:T3", "VALUE:L" ], [ "300", "More than one subsite of conjunctiva involved\n\nAdjacent extraocular extension, excluding orbit\n- Anterior eyelid lamella \n- Caruncle \n- Eyelid margin (lower and/or upper)\n- Lacrimal punctum and canaliculi (lower and/or upper)\n- Plica\n- Posterior eyelid lamella", "VALUE:T3", "VALUE:RE" ], [ "400", "Orbital soft tissues WITHOUT bone invasion", "VALUE:T4a", "VALUE:RE" ], [ "500", "Bone\nBone of orbit", "VALUE:T4b", "VALUE:RE" ], [ "600", "Adjacent paranasal sinuses", "VALUE:T4c", "VALUE:RE" ], [ "650", "Brain\nSinus\n\nFurther contiguous extension", "VALUE:T4d", "VALUE:RE" ], [ "700", "Orbit, NOS", "VALUE:T4", "VALUE:RE" ], [ "800", "No evidence of primary tumor", "VALUE:T0", "VALUE:U" ], [ "999", "Unknown; extension not stated\nPrimary tumor cannot be assessed\nNot documented in patient record\n\nDeath Certificate Only", "VALUE:TX", "VALUE:U" ] ]
}