{
  "id" : "extension_bez",
  "algorithm" : "eod_public",
  "version" : "1.0",
  "name" : "EOD Primary Tumor",
  "title" : "EOD Primary Tumor",
  "footnotes" : "(1) Fritz AG, Ries LAG (eds). **SEER Extent of Disease 1988: Codes and Coding Instructions (3rd Edition, 1998)**, National Cancer Institute, NIH Pub. No. 98-2313, Bethesda, MD, 1998\n\n(2) Young JL Jr, Roffers SD, Ries LAG, Fritz AG, Hurlbut AA (eds.). **SEER Summary Staging Manual-2000: Codes and Coding Instructions**, National Cancer Institute, NIH Pub. No. 01-4969, Bethesda, MD, 2001.\n\n(3) Collaborative Stage Work Group of the American Joint Committee on Cancer. **Collaborative Stage Data Collection System User Documentation and Coding Instructions, version 02.05**. American Joint Committee on Cancer (Chicago, IL)\n\n(4) Gress, D.M., Edge, S.B., Gershenwald, J.E., et al. **Principles of Cancer Staging**. In: Amin, M.B., Edge, S.B., Greene, F.L., et al. (Eds.) AJCC Cancer Staging Manual. 8th Ed. New York: Springer; 2017: 3-30\n\n(5) Heegaard, S., Finger, P.T., et al. **Ocular Adnexal Lymphoma**. In: Amin, M.B., Edge, S.B., Greene, F.L., et al. (Eds.) AJCC Cancer Staging Manual. 8th Ed. New York: Springer; 2017: 849-854",
  "last_modified" : "2018-03-12T16:39:58.700Z",
  "definition" : [ {
    "key" : "eod_primary_tumor",
    "name" : "Code",
    "type" : "INPUT"
  }, {
    "key" : "description",
    "name" : "Description",
    "type" : "DESCRIPTION"
  }, {
    "key" : "eod_2018_t",
    "name" : "EOD 2018 T",
    "type" : "ENDPOINT"
  }, {
    "key" : "ss2018_t",
    "name" : "SS2018 T",
    "type" : "ENDPOINT"
  } ],
  "rows" : [ [ "100", "Lymphoma involving the conjunctiva alone \n- WITHOUT eyelid or orbital involvement", "VALUE:T1", "VALUE:L" ], [ "200", "Lymphoma involving the conjunctiva alone\n- UNKNOWN if eyelid or orbital involvement", "VALUE:T1", "VALUE:L" ], [ "300", "Lymphoma with orbital involvement \n- WITH or WITHOUT conjunctival involvement", "VALUE:T2", "VALUE:L" ], [ "400", "Lymphoma with preseptal eyelid involvement \n- WITH or WITHOUT orbital or conjunctival involvement", "VALUE:T3", "VALUE:L" ], [ "700", "Orbital adnexal lymphoma AND extraorbital lymphoma \nextending beyond the orbit to adjacent structures\n- Bone \n- Brain\n- Maxillofacial sinuses", "VALUE:T4", "VALUE:D" ], [ "800", "No evidence of primary tumor", "VALUE:T0", "VALUE:U" ], [ "999", "Unknown; extension not stated\nPrimary tumor cannot be assessed\nNot documented in patient record\n\nDeath Certificate Only", "VALUE:TX", "VALUE:U" ] ]
}