{
  "id" : "extension_bfl",
  "algorithm" : "eod_public",
  "version" : "1.0",
  "name" : "EOD Primary Tumor",
  "title" : "EOD Primary Tumor",
  "notes" : "**Note:** When both the Federation Internationale de Gynecologie et d'Obstetrique (FIGO) stage and extension information on the primary tumor are available, use the extension information to code primary tumor in preference to a statement of FIGO stage.",
  "footnotes" : "(1) Fritz AG, Ries LAG (eds). **SEER Extent of Disease 1988: Codes and Coding Instructions (3rd Edition, 1998)**, National Cancer Institute, NIH Pub. No. 98-2313, Bethesda, MD, 1998\n\n(2) Young JL Jr, Roffers SD, Ries LAG, Fritz AG, Hurlbut AA (eds.). **SEER Summary Staging Manual-2000: Codes and Coding Instructions**, National Cancer Institute, NIH Pub. No. 01-4969, Bethesda, MD, 2001.\n\n(3) Collaborative Stage Work Group of the American Joint Committee on Cancer. **Collaborative Stage Data Collection System User Documentation and Coding Instructions, version 02.05.** American Joint Committee on Cancer (Chicago, IL)\n\n(4) Gress, D.M., Edge, S.B., Gershenwald, J.E., et al. **Principles of Cancer Staging.** In: Amin, M.B., Edge, S.B., Greene, F.L., et al. (Eds.) AJCC Cancer Staging Manual. 8th Ed. New York: Springer; 2017: 3-30\n\n(5) **Introduction to Female Reproductive Organs**. In: Amin, M.B., Edge, S.B., Greene, F.L., et al. (Eds.) AJCC Cancer Staging Manual. 8th Ed. New York: Springer; 2017: 631\n\n(6) Dizon, D.S., Olawaiye, A.B., Mutch, D.G., et al. **Corpus Uteri – Sarcoma**. In: Amin, M.B., Edge, S.B., Greene, F.L., et al. (Eds.) AJCC Cancer Staging Manual. 8th Ed. New York: Springer; 2017: 671-680",
  "last_modified" : "2018-03-12T16:39:58.500Z",
  "definition" : [ {
    "key" : "eod_primary_tumor",
    "name" : "Code",
    "type" : "INPUT"
  }, {
    "key" : "description",
    "name" : "Description",
    "type" : "DESCRIPTION"
  }, {
    "key" : "eod_2018_t",
    "name" : "EOD 2018 T",
    "type" : "ENDPOINT"
  }, {
    "key" : "ss2018_t",
    "name" : "SS2018 T",
    "type" : "ENDPOINT"
  } ],
  "rows" : [ [ "100", "Confined to endometrium (stromal)\n\nFIGO Stage IA", "VALUE:T1a", "JUMP:peritoneal_cytology_with_primary_tumor_for_ss2018_t_19664" ], [ "125", "Confined to endometrium or endocervix (glandular, or glandular and stromal)", "VALUE:T1a", "VALUE:RE" ], [ "150", "Tumor invades less than one-half of myometrium\nInvasion of inner half of myometrium\n\nFIGO Stage IB", "VALUE:T1b", "JUMP:peritoneal_cytology_with_primary_tumor_for_ss2018_t_19664" ], [ "175", "Invasion of less than one-half of myometrium\nWITH involvement of endocervix", "VALUE:T1b", "VALUE:RE" ], [ "200", "Tumor invades one-half or more of myometrium\nInvasion of outer half of myometrium\n\nFIGO Stage IC", "VALUE:T1c", "JUMP:peritoneal_cytology_with_primary_tumor_for_ss2018_t_19664" ], [ "250", "Invasion of one-half or more of myometrium \nWITH involvement of endocervix", "VALUE:T1c", "VALUE:RE" ], [ "300", "Invasive cancer confined to corpus uteri\nInvasion of myometrium, NOS\nTunica serosa of visceral peritoneum (serosa covering the corpus)\n\nLocalized, NOS\n\nFIGO Stage I [NOS]", "VALUE:T1", "JUMP:peritoneal_cytology_with_primary_tumor_for_ss2018_t_19664" ], [ "350", "Invasion of myometrium, NOS WITH involvement of endocervix\n\nCervix uteri, NOS, but not beyond uterus", "VALUE:T1", "VALUE:RE" ], [ "400", "Extension or metastasis within true pelvis\n- Adnexa, NOS\n    + Fallopian tube(s)\n    + Ligaments (broad, round, uterosacral)\n    + Ovary(ies)\n - Parametrium\n - Visceral peritoneum of pelvic organs excluding serosa of corpus uteri\n\nFIGO Stage IIA", "VALUE:T2a", "VALUE:RE" ], [ "450", "Parietal serosa of pelvic cavity\nPelvic wall(s)\nUreter\nVagina\nVulva\n\nDescribed clinically as \"frozen pelvis\", NOS\n\nFIGO Stage IIB", "VALUE:T2b", "VALUE:RE" ], [ "500", "Extension beyond uterus, within pelvis, NOS\n\nFIGO Stage II [NOS]", "VALUE:T2", "VALUE:RE" ], [ "550", "Infiltration of abdominal tissues, one of the following sites\n- Abdominal serosa (visceral or parietal peritoneum of abdomen)\n- Sigmoid colon\n- Small intestine\n- Other abdominal structures\n\nFIGO Stage IIIA", "VALUE:T3a", "VALUE:D" ], [ "600", "Infiltration of abdominal tissues (see code 550), more than one site\n\nFIGO Stage IIIB", "VALUE:T3b", "VALUE:D" ], [ "650", "Abdominal tissues involvement, NOS\n\nFurther contiguous extension\n\nFIGO Stage III [NOS]", "VALUE:T3", "VALUE:D" ], [ "700", "Bladder wall\nBladder, NOS excluding mucosa\nRectal wall\nRectum, NOS excluding mucosa", "VALUE:T4", "VALUE:RE" ], [ "750", "Invasion of organs in code 700 plus infiltration of any abdominal tissues\n\nExtension to bowel mucosa or bladder (excluding bullous edema)\nCul de sac\n\nFIGO Stage IVA, IV [NOS]", "VALUE:T4", "VALUE:D" ], [ "800", "No evidence of primary tumor", "VALUE:T0", "VALUE:U" ], [ "999", "Unknown; extension not stated\nPrimary tumor cannot be assessed\nNot documented in patient record\n\nDeath Certificate Only", "VALUE:TX", "VALUE:U" ] ]
}