{
  "id" : "extension_bcj",
  "algorithm" : "eod_public",
  "version" : "1.0",
  "name" : "EOD Primary Tumor",
  "title" : "EOD Primary Tumor",
  "notes" : "**Note 1:** In the United States and Canada, Kaposi sarcoma is usually an illness related to Acquired Immunodeficiency Syndrome (AIDS) which affects primarily the skin; however, lesions may also form in the connective tissue, mucosa (e.g. oral cavity) or visceral organs (e.g. lungs).  For connective tissue tumors (C49._), use extension codes for skin.\n\n**Note 2:** Choice of Summary Stage for Kaposi sarcoma depends on number and location of lesions.  For example, code100 (Localized)  for a single or multiple lesions involving skin.  Code 200 (Regional) for any number of lesions involving both skin and viscera.",
  "footnotes" : "1. Fritz AG, Ries LAG (eds). **SEER Extent of Disease 1988: Codes and Coding Instructions (3rd Edition, 1998)**, National Cancer Institute, NIH Pub. No. 98-2313, Bethesda, MD, 1998\n\n2. Young JL Jr, Roffers SD, Ries LAG, Fritz AG, Hurlbut AA (eds.). **SEER Summary Staging Manual-2000: Codes and Coding Instructions,** National Cancer Institute, NIH Pub. No. 01-4969, Bethesda, MD, 2001.\n\n3. Collaborative Stage Work Group of the American Joint Committee on Cancer. **Collaborative Stage Data Collection System User Documentation and Coding Instructions, version 02.05.** American Joint Committee on Cancer (Chicago, IL)\n\n4. Gress, D.M., Edge, S.B., Gershenwald, J.E., et al. **Principles of Cancer Staging**. In: Amin, M.B., Edge, S.B., Greene, F.L., et al. (Eds.) AJCC Cancer Staging Manual. 8th Ed. New York: Springer; 2017: 3-30\n\n5. Pollock, R.E., Maki, R.G. **Introduction to Soft Tissue Sarcoma** In: Amin, M.B., Edge, S.B., Greene, F.L., et al. (Eds.) AJCC Cancer Staging Manual. 8th Ed. New York: Springer; 2017: 489-497\n\n6. Maki, R.G., Pollock, R.E., et al. **Soft Tissue Sarcoma – Unusual Histologies and Sites**. In: Amin, M.B., Edge, S.B., Greene, F.L., et al. (Eds.) AJCC Cancer Staging Manual. 8th Ed. New York: Springer; 2017: 539-545",
  "last_modified" : "2018-03-12T16:39:58.680Z",
  "definition" : [ {
    "key" : "eod_primary_tumor",
    "name" : "Code",
    "type" : "INPUT"
  }, {
    "key" : "description",
    "name" : "Description",
    "type" : "DESCRIPTION"
  }, {
    "key" : "eod_2018_t",
    "name" : "EOD 2018 T",
    "type" : "ENDPOINT"
  }, {
    "key" : "ss2018_t",
    "name" : "SS2018 T",
    "type" : "ENDPOINT"
  } ],
  "rows" : [ [ "100", "Single lesion\n- Mucosa (e.g., oral cavity, anus, rectum, vagina, vulva)\n- Skin and/or connective tissue\n- Viscera (e.g., pulmonary, gastrointestinal tract, spleen, other)", "VALUE:88", "VALUE:L" ], [ "200", "Multiple lesions\n- Mucosa (e.g., oral cavity, anus, rectum, vagina, vulva)\n- Skin and/or connective tissue\n- Viscera (e.g., pulmonary, gastrointestinal tract, spleen, other)", "VALUE:88", "VALUE:L" ], [ "300", "Multiple lesions\n- Mucosa plus skin and/or connective tissue\n - Viscera plus mucosa    \n - Viscera plus skin and/or connective tissue", "VALUE:88", "VALUE:RE" ], [ "600", "Multiple lesions, visceral plus mucosa plus skin and/or connective tissue", "VALUE:88", "VALUE:D" ], [ "700", "Multiple lesions, NOS", "VALUE:88", "VALUE:U" ], [ "800", "No evidence of primary tumor", "VALUE:88", "VALUE:U" ], [ "999", "Unknown; extension not stated\nMultiple lesions, NOS\nPrimary tumor cannot be assessed \nNot documented in patient record\n\nDeath Certificate Only", "VALUE:88", "VALUE:U" ] ]
}