{
  "id" : "extension_bfg",
  "algorithm" : "eod_public",
  "version" : "1.0",
  "name" : "EOD Primary Tumor",
  "title" : "EOD Primary Tumor",
  "footnotes" : "(1) Fritz AG, Ries LAG (eds). **SEER Extent of Disease 1988: Codes and Coding Instructions (3rd Edition, 1998)**, National Cancer Institute, NIH Pub. No. 98-2313, Bethesda, MD, 1998\n\n(2) Young JL Jr, Roffers SD, Ries LAG, Fritz AG, Hurlbut AA (eds.). **SEER Summary Staging Manual-2000: Codes and Coding Instructions**, National Cancer Institute, NIH Pub. No. 01-4969, Bethesda, MD, 2001.\n\n(3) Collaborative Stage Work Group of the American Joint Committee on Cancer. **Collaborative Stage Data Collection System User Documentation and Coding Instructions, version 02.05**. American Joint Committee on Cancer (Chicago, IL)\n\n(4) Gress, D.M., Edge, S.B., Gershenwald, J.E., et al. **Principles of Cancer Staging**. In: Amin, M.B., Edge, S.B., Greene, F.L., et al. (Eds.) AJCC Cancer Staging Manual. 8th Ed. New York: Springer; 2017: 3-30\n\n(5) Overman, M.J., Jessup, J.M., et al. **Appendix – Carcinoma**. In: Amin, M.B., Edge, S.B., Greene, F.L., et al. (Eds.) AJCC Cancer Staging Manual. 8th Ed. New York: Springer; 2017: 237-250",
  "last_modified" : "2018-03-12T16:39:53.575Z",
  "definition" : [ {
    "key" : "eod_primary_tumor",
    "name" : "Code",
    "type" : "INPUT"
  }, {
    "key" : "description",
    "name" : "Description",
    "type" : "DESCRIPTION"
  }, {
    "key" : "eod_2018_t",
    "name" : "EOD 2018 T",
    "type" : "ENDPOINT"
  }, {
    "key" : "ss2018_t",
    "name" : "SS2018 T",
    "type" : "ENDPOINT"
  } ],
  "rows" : [ [ "000", "In situ, intraepithelial, noninvasive\n(Adeno) carcinoma, noninvasive, in a polyp or adenoma", "VALUE:Tis", "VALUE:IS" ], [ "050", "Low-grade appendiceal mucinous neoplasm confined by the muscularis propria (LAMN)\n\nAcellular mucin or mucinous epithelium may invade into muscularis propria", "VALUE:Tis(LAMN)", "VALUE:IS" ], [ "070", "Lamina propria\nMucosa (intramucosal, NOS)\nMuscularis mucosae", "VALUE:Tis", "VALUE:L" ], [ "100", "Submucosa\n\nConfined to appendix, NOS\nConfined to polyp, NOS\nLocalized, NOS", "VALUE:T1", "VALUE:L" ], [ "200", "Muscularis propria", "VALUE:T2", "VALUE:L" ], [ "300", "Extension through wall, NOS\nInvasion through muscularis propria\nNon-peritonealized pericolic tissues invaded\nPerimuscular tissue invaded\nSubserosa \nTransmural, NOS\nWall, NOS", "VALUE:T3", "VALUE:L" ], [ "400", "Adjacent tissue(s), NOS\nConnective tissue\nFat, NOS\nMesenteric fat\nMesentery \nMesoappendix\nPericolic fat", "VALUE:T3", "VALUE:RE" ], [ "500", "Invasion of/through serosa (mesothelium) (visceral peritoneum)", "VALUE:T4a", "VALUE:RE" ], [ "600", "For mucinous tumor only\n- Peritoneal involvement confined within right lower quadrant \n  + WITH or WITHOUT further local extension", "VALUE:T4a", "VALUE:D" ], [ "700", "Abdominal wall\nAdherent to other organs or structures\nGreater omentum\nRetroperitoneum (excluding fat)\nSmall intestine\n\nTumor found in adhesion(s) if microscopic examination performed", "VALUE:T4b", "VALUE:RE" ], [ "750", "Adrenal (suprarenal) gland\nBladder\nDiaphragm\nFallopian tube\nFistula to skin\nGallbladder\nKidney\nLiver\nOther segment(s) of colon/rectum via serosa\nOvary\nUreter\nUterus\n\nFurther contiguous extension", "VALUE:T4b", "VALUE:D" ], [ "800", "No evidence of primary tumor", "VALUE:T0", "VALUE:U" ], [ "999", "Unknown; extension not stated\nPrimary tumor cannot be assessed\nNot documented in patient record\n\nDeath Certificate Only", "VALUE:TX", "VALUE:U" ] ]
}