{
  "id" : "extension_bcv",
  "algorithm" : "eod_public",
  "version" : "1.0",
  "name" : "EOD Primary Tumor",
  "title" : "EOD Primary Tumor",
  "notes" : "**Note 1:** Periosteum is a fibrous membrane that wraps the outer surface of bones. Mucoperiosteum is a compound structure of mucous membrane and periosteum. Cortical bone is the dense compact outer layer of bone.\n\n**Note 2:** Macroscopic extraparenchymal extension (code 300) is based on clinical evaluation or macroscopic evidence of extraparenchymal extension at the time of surgery.",
  "footnotes" : "(1) Fritz AG, Ries LAG (eds). **SEER Extent of Disease 1988: Codes and Coding Instructions (3rd Edition, 1998)**, National Cancer Institute, NIH Pub. No. 98-2313, Bethesda, MD, 1998\n\n(2) Young JL Jr, Roffers SD, Ries LAG, Fritz AG, Hurlbut AA (eds.). **SEER Summary Staging Manual-2000: Codes and Coding Instructions**, National Cancer Institute, NIH Pub. No. 01-4969, Bethesda, MD, 2001.\n\n(3) Collaborative Stage Work Group of the American Joint Committee on Cancer. **Collaborative Stage Data Collection System User Documentation and Coding Instructions, version 02.05**. American Joint Committee on Cancer (Chicago, IL)\n\n(4) Gress, D.M., Edge, S.B., Gershenwald, J.E., et al. **Principles of Cancer Staging**. In: Amin, M.B., Edge, S.B., Greene, F.L., et al. (Eds.) AJCC Cancer Staging Manual. 8th Ed. New York: Springer; 2017: 3-30\n\n(5) Lydiatt, W.M., Patel, S.G., Shah, J.P., et al.  **Staging Head and Neck Cancers**. In: Amin, M.B., Edge, S.B., Greene, F.L., et al. (Eds.) AJCC Cancer Staging Manual. 8th Ed. New York: Springer; 2017: 55-65\n\n(6) Lydiatt, W.M., Shah, J.P., et al. **Major Salivary Glands**. In: Amin, M.B., Edge, S.B., Greene, F.L., et al. (Eds.) AJCC Cancer Staging Manual. 8th Ed. New York: Springer; 2017: 95-101",
  "last_modified" : "2018-03-12T16:39:58.625Z",
  "definition" : [ {
    "key" : "eod_primary_tumor",
    "name" : "Code",
    "type" : "INPUT"
  }, {
    "key" : "description",
    "name" : "Description",
    "type" : "DESCRIPTION"
  }, {
    "key" : "eod_2018_t",
    "name" : "EOD 2018 T",
    "type" : "ENDPOINT"
  }, {
    "key" : "ss2018_t",
    "name" : "SS2018 T",
    "type" : "ENDPOINT"
  } ],
  "rows" : [ [ "000", "In situ, intraepithelial, noninvasive", "VALUE:Tis", "VALUE:IS" ], [ "100", "Any size tumor\n- Invasive tumor confined to gland/duct of origin\n- Multiple foci confined to substance of parotid gland\n- Confined to parotid gland, NOS\n- Confined to salivary gland, NOS\n- Confined to submandibular gland, NOS\n- Localized, NOS", "JUMP:tumor_size_with_primary_tumor_for_ajcc_t_36381", "VALUE:L" ], [ "200", "Any size tumor\n- Extraparenchymal extension, NOS\n- Microscopic extraparenchymal extension ONLY to periglandular soft/connective tissue", "JUMP:tumor_size_with_primary_tumor_for_ajcc_t_36381", "VALUE:RE" ], [ "300", "Macroscopic extraparenchymal extension to periglandular soft/connective tissue\n\nExtension to another major salivary gland (parotid, sublingual, submandibular, submaxillary)\n\nDeep extrinsic muscles (submandibular gland only)\n- Genioglossus\n- Geniohyoid\n- Hyoglossus\n- Mylohyoid    \n- Styloglossus\n\nFacial artery or vein\nMaxillary artery\nPharyngeal mucosa (parotid gland only)\nSkeletal muscle\n- Digastric\n- Masseter (parotid gland only)\n- Pterygoid\n- Sternocleidomastoid (parotid gland only)\n- Stylohyoid", "VALUE:T3", "VALUE:RE" ], [ "350", "Spinal accessory nerve", "VALUE:T3", "VALUE:D" ], [ "400", "Ear canal\nExternal auditory meatus (parotid gland only)\nMandible\nMastoid/mastoid process (parotid gland only)\nNerves \n- Auricular (parotid gland only)\n- Facial (7th nerve) (submandibular and salivary gland only)\n- Lingual (submandibular and salivary gland only)\n\nPeriosteum of mandible \nSkin overlying gland (parotid gland only)", "VALUE:T4a", "VALUE:RE" ], [ "500", "External auditory meatus (submandibular and salivary gland only)\nNerves\n- Facial (7th nerve) (parotid gland only)\n- Lingual (parotid gland only)\n\nSkin overlying gland (submandibular and salivary gland only)", "VALUE:T4a", "VALUE:D" ], [ "600", "Internal carotid artery (encased)\nJugular vein (parotid gland only)", "VALUE:T4b", "VALUE:RE" ], [ "700", "Pterygoid plates\nSkull (base, NOS)\n\nFurther contiguous extension", "VALUE:T4b", "VALUE:D" ], [ "800", "No evidence of primary tumor", "VALUE:T0", "VALUE:U" ], [ "999", "Unknown; extension not stated\nPrimary tumor cannot be assessed\nNot documented in patient record\n\nDeath Certificate Only", "VALUE:TX", "VALUE:U" ] ]
}