{
  "id" : "extension_bbi",
  "algorithm" : "eod_public",
  "version" : "1.0",
  "name" : "EOD Primary Tumor",
  "title" : "EOD Primary Tumor",
  "notes" : "**Note:** When both the Federation Internationale de Gynecologie et d'Obstetrique (FIGO) stage and extension information on the primary tumor are available, use the extension information to code primary tumor in preference to a statement of FIGO stage.",
  "footnotes" : "(1) Fritz AG, Ries LAG (eds). **SEER Extent of Disease 1988: Codes and Coding Instructions (3rd Edition, 1998)**, National Cancer Institute, NIH Pub. No. 98-2313, Bethesda, MD, 1998\n\n(2) Young JL Jr, Roffers SD, Ries LAG, Fritz AG, Hurlbut AA (eds.). **SEER Summary Staging Manual-2000: Codes and Coding Instructions**, National Cancer Institute, NIH Pub. No. 01-4969, Bethesda, MD, 2001.\n\n(3) Collaborative Stage Work Group of the American Joint Committee on Cancer. **Collaborative Stage Data Collection System User Documentation and Coding Instructions, version 02.05**. American Joint Committee on Cancer (Chicago, IL)\n\n(4) Gress, D.M., Edge, S.B., Gershenwald, J.E., et al. **Principles of Cancer Staging**. In: Amin, M.B., Edge, S.B., Greene, F.L., et al. (Eds.) AJCC Cancer Staging Manual. 8th Ed. New York: Springer; 2017: 3-30\n\n(5) **Introduction to Female Reproductive Organs**. In: Amin, M.B., Edge, S.B., Greene, F.L., et al. (Eds.) AJCC Cancer Staging Manual. 8th Ed. New York: Springer; 2017: 631\n\n(6) Gibb, R.K., Olawaiye, A.B., Mutch, D.G., et al. **Vulva**. In: Amin, M.B., Edge, S.B., Greene, F.L., et al. (Eds.) AJCC Cancer Staging Manual. 8th Ed. New York: Springer; 2017: 633-640",
  "last_modified" : "2018-03-12T16:39:58.574Z",
  "definition" : [ {
    "key" : "eod_primary_tumor",
    "name" : "Code",
    "type" : "INPUT"
  }, {
    "key" : "description",
    "name" : "Description",
    "type" : "DESCRIPTION"
  }, {
    "key" : "eod_2018_t",
    "name" : "EOD 2018 T",
    "type" : "ENDPOINT"
  }, {
    "key" : "ss2018_t",
    "name" : "SS2018 T",
    "type" : "ENDPOINT"
  } ],
  "rows" : [ [ "000", "In situ, intraepidermal, intraepithelial, preinvasive, noninvasive\nBowen disease", "VALUE:88", "VALUE:IS" ], [ "100", "Vulva only: Stromal invasion less than or equal to 1 mm OR unknown\n\nFIGO Stage IA", "JUMP:tumor_size_with_primary_tumor_for_ajcc_t_34262", "VALUE:L" ], [ "150", "Vulva only: Stromal invasion not known\n\nInvasive carcinoma confined to\n- Musculature\n- Submucosa\n- Vulva including skin\n\nLocalized, NOS\n\nFIGO Stage I [NOS]", "JUMP:tumor_size_with_primary_tumor_for_ajcc_t_34262", "VALUE:L" ], [ "200", "Vulva and perineum:  Stromal invasion less than or equal to 1mm", "JUMP:tumor_size_with_primary_tumor_for_ajcc_t_34262", "VALUE:RE" ], [ "250", "Vulva and perineum:  Stromal invasion not known", "JUMP:tumor_size_with_primary_tumor_for_ajcc_t_34262", "VALUE:RE" ], [ "300", "Vulva only: Stromal invasion  greater than 1 mm\n\nConfined to\n- Musculature\n- Submucosa\n- Vulva including skin\n\nFIGO Stage IB", "VALUE:T1b", "VALUE:L" ], [ "400", "Vulva and perineum only: Stromal invasion greater than 1 mm", "VALUE:T1b", "VALUE:RE" ], [ "500", "Adjacent perineal structures\n- Lower/distal third of urethra\n- Lower/distal third of vagina\n\nAnus\nPerianal skin\nUrethra, NOS \nVagina, NOS\n\nFIGO Stage II", "VALUE:T2", "VALUE:RE" ], [ "600", "Bladder wall or bladder, NOS excluding mucosa\nRectal wall or rectum, NOS excluding mucosa\nVagina\n- Upper/proximal two-thirds", "VALUE:T3", "VALUE:RE" ], [ "700", "Bladder mucosa\nFixed to pubic bone (pelvic bone)\nPerineal body\nRectal mucosa\nUrethra:\n- Upper/proximal two-thirds\n\nFurther contiguous extension\n\nFIGO Stage IVA based on extension", "VALUE:T3", "VALUE:D" ], [ "800", "No evidence of primary tumor", "VALUE:T0", "VALUE:U" ], [ "999", "Unknown; extension not stated\nPrimary tumor cannot be assessed\nNot documented in patient record\n\nDeath Certificate Only", "VALUE:TX", "VALUE:U" ] ]
}