{
  "id" : "extension_bdk",
  "algorithm" : "eod_public",
  "version" : "1.0",
  "name" : "EOD Primary Tumor",
  "title" : "EOD Primary Tumor",
  "notes" : "**Note:** Involvement of or extension to bone includes any type of tumor extension to the bone, such as erosion, invasion, extension, penetration, or destruction.",
  "footnotes" : "(1) Fritz AG, Ries LAG (eds). **SEER Extent of Disease 1988: Codes and Coding Instructions (3rd Edition, 1998)**, National Cancer Institute, NIH Pub. No. 98-2313, Bethesda, MD, 1998\n\n(2) Young JL Jr, Roffers SD, Ries LAG, Fritz AG, Hurlbut AA (eds.). **SEER Summary Staging Manual-2000: Codes and Coding Instructions**, National Cancer Institute, NIH Pub. No. 01-4969, Bethesda, MD, 2001.\n\n(3) Collaborative Stage Work Group of the American Joint Committee on Cancer. **Collaborative Stage Data Collection System User Documentation and Coding Instructions, version 02.05**. American Joint Committee on Cancer (Chicago, IL)",
  "last_modified" : "2018-03-12T16:39:56.833Z",
  "definition" : [ {
    "key" : "eod_primary_tumor",
    "name" : "Code",
    "type" : "INPUT"
  }, {
    "key" : "description",
    "name" : "Description",
    "type" : "DESCRIPTION"
  }, {
    "key" : "eod_2018_t",
    "name" : "EOD 2018 T",
    "type" : "ENDPOINT"
  }, {
    "key" : "ss2018_t",
    "name" : "SS2018 T",
    "type" : "ENDPOINT"
  } ],
  "rows" : [ [ "000", "In situ, intraepithelial, noninvasive", "VALUE:88", "VALUE:IS" ], [ "100", "Invasive tumor confined to mucosa of one of the following:\n- Frontal sinus\n- Sphenoid sinus\n\nLocalized, NOS", "VALUE:88", "VALUE:L" ], [ "200", "More than one accessory sinus invaded\nDestruction of bony wall of sinus\n\nBone, cartilage\n- Facial bones\n- Maxilla\n- Orbital structure(s)\n- Pterygoid fossa\n- Zygoma\n\nBrain\nCranial nerves\nHard palate\nMuscles\n- Masseter\n- Pterygoid \n\nNasal cavity\n- Floor\n- Lateral wall\n- Nasal cavity, NOS\n- Septum\n- Turbinates\n\nNasopharynx\nOrbital contents, including eye\nSoft tissue\nSkin", "VALUE:88", "VALUE:RE" ], [ "700", "Further contiguous extension", "VALUE:88", "VALUE:D" ], [ "800", "No evidence of primary tumor", "VALUE:88", "VALUE:U" ], [ "999", "Unknown; extension not stated\nPrimary tumor cannot be assessed\nNot documented in patient record\n\nDeath Certificate Only", "VALUE:88", "VALUE:U" ] ]
}