{
  "id" : "extension_bfr",
  "algorithm" : "eod_public",
  "version" : "1.0",
  "name" : "EOD Primary Tumor",
  "title" : "EOD Primary Tumor",
  "footnotes" : "(1) Fritz AG, Ries LAG (eds). **SEER Extent of Disease 1988: Codes and Coding Instructions (3rd Edition, 1998)**, National Cancer Institute, NIH Pub. No. 98-2313, Bethesda, MD, 1998\n\n(2) Young JL Jr, Roffers SD, Ries LAG, Fritz AG, Hurlbut AA (eds.). **SEER Summary Staging Manual-2000: Codes and Coding Instructions**, National Cancer Institute, NIH Pub. No. 01-4969, Bethesda, MD, 2001.\n\n(3) Collaborative Stage Work Group of the American Joint Committee on Cancer. **Collaborative Stage Data Collection System User Documentation and Coding Instructions, version 02.05**. American Joint Committee on Cancer (Chicago, IL)\n\n(4) Gress, D.M., Edge, S.B., Gershenwald, J.E., et al. **Principles of Cancer Staging**. In: Amin, M.B., Edge, S.B., Greene, F.L., et al. (Eds.) AJCC Cancer Staging Manual. 8th Ed. New York: Springer; 2017: 3-30\n\n(5) Kivelä, T., Finger, P.T., et al. **Uveal Melanoma**. In: Amin, M.B., Edge, S.B., Greene, F.L., et al. (Eds.) AJCC Cancer Staging Manual. 8th Ed. New York: Springer; 2017: 805-817",
  "last_modified" : "2018-03-12T16:39:56.746Z",
  "definition" : [ {
    "key" : "eod_primary_tumor",
    "name" : "Code",
    "type" : "INPUT"
  }, {
    "key" : "description",
    "name" : "Description",
    "type" : "DESCRIPTION"
  }, {
    "key" : "eod_2018_t",
    "name" : "EOD 2018 T",
    "type" : "ENDPOINT"
  }, {
    "key" : "ss2018_t",
    "name" : "SS2018 T",
    "type" : "ENDPOINT"
  } ],
  "rows" : [ [ "000", "In situ, intraepithelial, noninvasive", "VALUE:88", "VALUE:IS" ], [ "100", "Limited to iris not more than 3 clock hours in size", "VALUE:T1a", "VALUE:L" ], [ "150", "Limited to iris more than 3 clock hours in size", "VALUE:T1b", "VALUE:L" ], [ "200", "Limited to iris WITH melanomalytic (secondary) glaucoma", "VALUE:T1c", "VALUE:L" ], [ "250", "Limited to iris, NOS\n\nLocalized, NOS", "VALUE:T1", "VALUE:L" ], [ "300", "Tumor confluent with or extending into ciliary body\n- WITHOUT secondary glaucoma", "VALUE:T2a", "VALUE:L" ], [ "350", "Tumor confluent with or extending into ciliary body AND choroid \n- WITHOUT secondary glaucoma", "VALUE:T2b", "VALUE:L" ], [ "400", "Tumor confluent with or extending into ciliary body, choroid or both\n- WITH secondary glaucoma", "VALUE:T2c", "VALUE:L" ], [ "450", "Tumor confluent with or extending into ciliary body, choroid or both\n-Presence of secondary glaucoma unknown", "VALUE:T2", "VALUE:L" ], [ "500", "Tumor confluent with or extending into ciliary body, choroid or both \n- WITH scleral extension", "VALUE:T3", "VALUE:L" ], [ "550", "Tumor WITH extrascleral extension \n- LESS than or equal to 5 mm in diameter", "VALUE:T4a", "VALUE:RE" ], [ "600", "Tumor WITH extrascleral extension\n- MORE than 5 mm in diameter", "VALUE:T4b", "VALUE:RE" ], [ "650", "Tumor WITH extrascleral extension\n- Measurement of diameter not specified\n\nAdjacent extraocular extension", "VALUE:T4", "VALUE:RE" ], [ "700", "Further contiguous extension", "VALUE:T4", "VALUE:D" ], [ "800", "No evidence of primary tumor", "VALUE:T0", "VALUE:U" ], [ "999", "Unknown; extension not stated\nPrimary tumor cannot be assessed\nNot documented in patient record\n\nDeath Certificate Only", "VALUE:TX", "VALUE:U" ] ]
}