{
  "id" : "extension_bfi",
  "algorithm" : "eod_public",
  "version" : "1.0",
  "name" : "EOD Primary Tumor",
  "title" : "EOD Primary Tumor",
  "footnotes" : "(1) Fritz AG, Ries LAG (eds). **SEER Extent of Disease 1988: Codes and Coding Instructions (3rd Edition, 1998)**, National Cancer Institute, NIH Pub. No. 98-2313, Bethesda, MD, 1998\n\n(2) Young JL Jr, Roffers SD, Ries LAG, Fritz AG, Hurlbut AA (eds.). **SEER Summary Staging Manual-2000: Codes and Coding Instructions**, National Cancer Institute, NIH Pub. No. 01-4969, Bethesda, MD, 2001.\n\n(3) Collaborative Stage Work Group of the American Joint Committee on Cancer. **Collaborative Stage Data Collection System User Documentation and Coding Instructions, version 02.05**. American Joint Committee on Cancer (Chicago, IL)\n\n(4) Gress, D.M., Edge, S.B., Gershenwald, J.E., et al. **Principles of Cancer Staging**. In: Amin, M.B., Edge, S.B., Greene, F.L., et al. (Eds.) AJCC Cancer Staging Manual. 8th Ed. New York: Springer; 2017: 3-30\n\n(5) Shi, C., Woltering, E.A., Washington, M.K., et al. **Neuroendocrine Tumors of the Colon and Rectum**. In: Amin, M.B., Edge, S.B., Greene, F.L., et al. (Eds.) AJCC Cancer Staging Manual. 8th Ed. New York: Springer; 2017: 395-406",
  "last_modified" : "2018-03-12T16:39:58.585Z",
  "definition" : [ {
    "key" : "eod_primary_tumor",
    "name" : "Code",
    "type" : "INPUT"
  }, {
    "key" : "description",
    "name" : "Description",
    "type" : "DESCRIPTION"
  }, {
    "key" : "eod_2018_t",
    "name" : "EOD 2018 T",
    "type" : "ENDPOINT"
  }, {
    "key" : "ss2018_t",
    "name" : "SS2018 T",
    "type" : "ENDPOINT"
  } ],
  "rows" : [ [ "000", "In situ, intraepithelial, noninvasive", "VALUE:88", "VALUE:IS" ], [ "100", "Any size tumor with invasion of\n- Intramucosa, NOS\n- Lamina propria \n- Mucosa, NOS\n- Muscularis mucosae \n- Submucosa (superficial invasion) \n\nConfined to colon, NOS\nLocalized, NOS", "JUMP:tumor_size_with_primary_tumor_for_ajcc_t_38905", "VALUE:L" ], [ "200", "Muscularis propria \n- WITH invasion of lamina propria or submucosa", "VALUE:T2", "VALUE:L" ], [ "300", "Extension through wall, NOS\nInvasion through muscularis propria or muscularis, NOS\n- Rectum: WITH intraluminal extension to colon and/or anal canal/anus\n\nNon-peritonealized pericolic tissues invaded\nPerimuscular tissue invaded\nSubserosal tissue/(sub)serosal fat invaded WITHOUT penetration overlying serosa\nTransmural, NOS\nWall, NOS", "VALUE:T3", "VALUE:L" ], [ "400", "Adjacent (connective) tissue(s), NOS\nFat, NOS\nGastrocolic ligament (transverse colon and flexures)\nGreater omentum (transverse colon and flexures)\nMesentery  (including mesenteric fat, mesocolon)\nPericolic fat\nPerirectal fat\nRectovaginal septum (rectum)\nRetroperitoneal fat (ascending and descending colon)", "VALUE:T3", "VALUE:RE" ], [ "600", "Invasion of/through\n- Mesothelium\n- Serosa\n- Tunica serosa\n- Visceral peritoneum\n\nColon subsites\n- Abdominal wall\n- Adrenal (suprarenal) gland\n- Bladder\n- Diaphragm\n- Fallopian tube\n- Fistula to skin\n- Gallbladder\n- Other segment(s) of colon via serosa\n- Ovary(ies)\n- Retroperitoneum (excluding fat)\n- Small intestine\n- Uterus\n\nCecum (C180)\n- Greater omentum\n- Kidney\n- Liver\n- Ureter\n\nAscending colon (C182)\n- Greater omentum\n- Kidney, right\n- Liver, right lobe\n- Ureter, right\n\nTransverse colon and flexures (C183, C184, C185)\n- Bile ducts\n- Gallbladder\n- Kidney\n- Liver\n- Pancreas\n- Spleen\n- Stomach\n\nDescending colon (C186)\n- Greater omentum\n- Kidney, left\n- Pelvic wall\n- Retroperitoneal fat\n- Spleen\n- Ureter, left\n\nSigmoid colon (C187)\n- Greater omentum\n- Pelvic wall\n\nRectosigmoid (C199)\n- Cul de sac (rectouterine pouch)\n- Pelvic wall\n- Small intestine\n\nRectum (C209)\n- Anus\n- Bladder (males only)\n- Cul de sac (rectouterine pouch)\n- Ductus deferens\n- Pelvic wall\n- Prostate\n- Rectovaginal septum\n- Rectovesical fat (males only)\n- Seminal vesicle(s)\n- Skeletal muscle(s) of pelvic floor\n- Vagina", "VALUE:T4", "VALUE:RE" ], [ "700", "Colon subsites\n- Ovary(ies)\n- Uterus\n\nTransverse colon and flexures\n- Ureter\n\nSigmoid colon\n- Cul de sac (rectouterine pouch)\n- Ureter\n\nRectosigmoid\n- Bladder\n- Colon via serosa\n- Fallopian tube(s)\n- Ovary(ies)\n- Prostate\n- Skeletal muscle(s) of pelvic floor\n- Ureter(s)\n- Vagina\n\nRectum\n- Bladder (females only)\n- Bone(s) of pelvis\n- Cervix\n- Perineum, perianal skin\n- Sacrum\n- Sacral plexus\n- Urethra\n\nFurther contiguous extension", "VALUE:T4", "VALUE:D" ], [ "800", "No evidence of primary tumor", "VALUE:T0", "VALUE:U" ], [ "999", "Unknown; extension not stated\nPrimary tumor cannot be assessed\nNot documented in patient record\n\nDeath Certificate Only", "VALUE:TX", "VALUE:U" ] ]
}