{
  "id" : "extension_bfa",
  "algorithm" : "eod_public",
  "version" : "1.0",
  "name" : "EOD Primary Tumor",
  "title" : "EOD Primary Tumor",
  "notes" : "**Note 1:** Multiple tumors include satellitosis, multifocal tumors, and intrahepatic metastasis.\n\n**Note 2:**  Intrahepatic vascular invasion (codes 200 and 300) includes the following\n* Major hepatic vessel invasion \n    * First and second-order branches of the portal veins or hepatic arteries\n* Hepatic veins (right, middle, or left)\n* Microscopic invasion of smaller intraparenchymal vascular structures (identified on histopathological examination)",
  "footnotes" : "(1) Fritz AG, Ries LAG (eds). **SEER Extent of Disease 1988: Codes and Coding Instructions (3rd Edition, 1998)**, National Cancer Institute, NIH Pub. No. 98-2313, Bethesda, MD, 1998\n\n(2) Young JL Jr, Roffers SD, Ries LAG, Fritz AG, Hurlbut AA (eds.). **SEER Summary Staging Manual-2000: Codes and Coding Instructions**, National Cancer Institute, NIH Pub. No. 01-4969, Bethesda, MD, 2001.\n\n(3) Collaborative Stage Work Group of the American Joint Committee on Cancer. **Collaborative Stage Data Collection System User Documentation and Coding Instructions, version 02.05**. American Joint Committee on Cancer (Chicago, IL)\n\n(4) Gress, D.M., Edge, S.B., Gershenwald, J.E., et al. **Principles of Cancer Staging**. In: Amin, M.B., Edge, S.B., Greene, F.L., et al. (Eds.) AJCC Cancer Staging Manual. 8th Ed. New York: Springer; 2017: 3-30\n\n(5) Aloia, T., Pawlik, T.M., Vauthey, J.N., et al. **Intrahepatic Bile Ducts**. In: Amin, M.B., Edge, S.B., Greene, F.L., et al. (Eds.) AJCC Cancer Staging Manual. 8th Ed. New York: Springer; 2017: 295-302",
  "last_modified" : "2018-03-12T16:39:58.596Z",
  "definition" : [ {
    "key" : "eod_primary_tumor",
    "name" : "Code",
    "type" : "INPUT"
  }, {
    "key" : "description",
    "name" : "Description",
    "type" : "DESCRIPTION"
  }, {
    "key" : "eod_2018_t",
    "name" : "EOD 2018 T",
    "type" : "ENDPOINT"
  }, {
    "key" : "ss2018_t",
    "name" : "SS2018 T",
    "type" : "ENDPOINT"
  } ],
  "rows" : [ [ "000", "In situ, intraepithelial, noninvasive \nIntraductal tumor\nBiliary intraepithelial neoplasia grade 3 (BiIIN-3)", "VALUE:Tis", "VALUE:IS" ], [ "100", "Any size tumor\n\nSolitary tumor\nWITHOUT or UNKNOWN intrahepatic vascular invasion\n\nConfined to intrahepatic bile duct, NOS\nLocalized, NOS", "JUMP:tumor_size_with_primary_tumor_for_ajcc_t_76336", "VALUE:L" ], [ "200", "Code 100 WITH intrahepatic vascular invasion", "VALUE:T2", "VALUE:L" ], [ "300", "Multiple tumors\nWITH or WITHOUT intrahepatic vascular invasion", "VALUE:T2", "VALUE:L" ], [ "500", "Invasion beyond visceral peritoneum into adjacent connective tissues \nWITHOUT invasion of extrahepatic structures/organs", "VALUE:T3", "VALUE:RE" ], [ "600", "Extrahepatic bile ducts PLUS satellite nodules in more than one lobe \nOR multiple tumors with extrahepatic major vascular invasion\n\nAbdominal wall\nColon\nCommon bile duct\nDiaphragm \nDuodenum\nExtrahepatic structures, NOS\n- Retrohepatic vena cava\n- Vena cava \n\nHepatic artery (proper)\nGallbladder\nLesser omentum \nLigament(s)\n- Coronary \n- Falciform \n- Hepatoduodenal \n- Hepatogastric \n- Round (of liver) \n- Triangular \n\nPeritoneum (parietal, NOS)\nRetrohepatic vena cava", "VALUE:T4", "VALUE:RE" ], [ "700", "Multiple (satellite) nodules on surface of liver parenchyma\n\nPancreas\nPleura\nStomach\n\nFurther contiguous extension", "VALUE:T4", "VALUE:D" ], [ "800", "No evidence of primary tumor", "VALUE:T0", "VALUE:U" ], [ "999", "Unknown; extension not stated\nPrimary tumor cannot be assessed\nNot documented in patient record\n\nDeath Certificate Only", "VALUE:TX", "VALUE:U" ] ]
}