{
  "id" : "extension_bar",
  "algorithm" : "eod_public",
  "version" : "1.0",
  "name" : "EOD Primary Tumor",
  "title" : "EOD Primary Tumor",
  "notes" : "**Note:** Code 300 If there is fixation of hemilarynx or larynx.",
  "footnotes" : "(1) Fritz AG, Ries LAG (eds). **SEER Extent of Disease 1988: Codes and Coding Instructions (3rd Edition, 1998)**, National Cancer Institute, NIH Pub. No. 98-2313, Bethesda, MD, 1998\n\n(2) Young JL Jr, Roffers SD, Ries LAG, Fritz AG, Hurlbut AA (eds.). **SEER Summary Staging Manual-2000: Codes and Coding Instructions**, National Cancer Institute, NIH Pub. No. 01-4969, Bethesda, MD, 2001.\n\n(3) Collaborative Stage Work Group of the American Joint Committee on Cancer. **Collaborative Stage Data Collection System User Documentation and Coding Instructions, version 02.05**. American Joint Committee on Cancer (Chicago, IL)\n\n(4) Gress, D.M., Edge, S.B., Gershenwald, J.E., et al. **Principles of Cancer Staging**. In: Amin, M.B., Edge, S.B., Greene, F.L., et al. (Eds.) AJCC Cancer Staging Manual. 8th Ed. New York: Springer; 2017: 3-30\n\n(5) Lydiatt, W.M., Patel, S.G., Shah, J.P., et al.  **Staging Head and Neck Cancers**. In: Amin, M.B., Edge, S.B., Greene, F.L., et al. (Eds.) AJCC Cancer Staging Manual. 8th Ed. New York: Springer; 2017: 55-65\n\n(6) Lydiatt, W.M., Ridge, J.A., Shah, J.P., et al. **Oropharynx (p16-) and Hypopharynx**. In: Amin, M.B., Edge, S.B., Greene, F.L., et al. (Eds.) AJCC Cancer Staging Manual. 8th Ed. New York: Springer; 2017: 123-135",
  "last_modified" : "2018-03-12T16:39:57.849Z",
  "definition" : [ {
    "key" : "eod_primary_tumor",
    "name" : "Code",
    "type" : "INPUT"
  }, {
    "key" : "description",
    "name" : "Description",
    "type" : "DESCRIPTION"
  }, {
    "key" : "eod_2018_t",
    "name" : "EOD 2018 T",
    "type" : "ENDPOINT"
  }, {
    "key" : "ss2018_t",
    "name" : "SS2018 T",
    "type" : "ENDPOINT"
  } ],
  "rows" : [ [ "000", "In situ, intraepithelial, noninvasive", "VALUE:Tis", "VALUE:IS" ], [ "100", "Any size tumor confined to one site WITHOUT fixation\n- Laryngopharynx\n- Postcricoid area\n- Posterior pharyngeal wall\n- Pyriform sinus\n\nConfined to hypopharynx\nLocalized, NOS", "JUMP:tumor_size_with_primary_tumor_for_ajcc_t_55901", "VALUE:L" ], [ "150", "Any size tumor confined to more than one subsite in code 100\n- WITHOUT fixation", "JUMP:tumor_size_with_primary_tumor_for_ajcc_t_55901", "VALUE:L" ], [ "200", "Any size tumor with extension to\n- Hemilarynx WITHOUT fixation\n- Oropharynx WITH or WITHOUT fixation\n\nAny structure listed in code 100 with fixation", "JUMP:tumor_size_with_primary_tumor_for_ajcc_t_55901", "VALUE:RE" ], [ "300", "Esophagus\nHemilarynx WITH fixation", "VALUE:T3", "VALUE:RE" ], [ "400", "Central compartment soft tissues of neck including\n- Prelaryngeal strap muscle(s)\n- Subcutaneous fat\n\nCricoid cartilage\nEsophagus\nExtrinsic muscle of tongue\t\nFixation of hemilarynx, larynx or oropharynx\nHard palate\nHemilarynx\nMandible \nMedial pterygoid\nOropharynx\nPrevertebral fascia/muscle(s)\nSoft tissues of neck\nThyroid cartilage/gland", "VALUE:T4a", "VALUE:RE" ], [ "500", "Hyoid bone", "VALUE:T4a", "VALUE:D" ], [ "600", "Carotid artery (encased)", "VALUE:T4b", "VALUE:RE" ], [ "700", "Base of tongue\nFloor of tongue\nMediastinal structure(s)\nNasopharynx\n\nFurther contiguous extension", "VALUE:T4b", "VALUE:D" ], [ "800", "No evidence of primary tumor", "VALUE:T0", "VALUE:U" ], [ "999", "Unknown; extension not stated\nPrimary tumor cannot be assessed\nNot documented in patient record\n\nDeath Certificate Only", "VALUE:TX", "VALUE:U" ] ]
}