{
  "id" : "extension_bfv",
  "algorithm" : "eod_public",
  "version" : "1.0",
  "name" : "EOD Primary Tumor",
  "title" : "EOD Primary Tumor",
  "footnotes" : "(1) Fritz AG, Ries LAG (eds). **SEER Extent of Disease 1988: Codes and Coding Instructions (3rd Edition, 1998)**, National Cancer Institute, NIH Pub. No. 98-2313, Bethesda, MD, 1998\n\n(2) Young JL Jr, Roffers SD, Ries LAG, Fritz AG, Hurlbut AA (eds.). **SEER Summary Staging Manual-2000: Codes and Coding Instructions**, National Cancer Institute, NIH Pub. No. 01-4969, Bethesda, MD, 2001.\n\n(3) Collaborative Stage Work Group of the American Joint Committee on Cancer. **Collaborative Stage Data Collection System User Documentation and Coding Instructions, version 02.05**. American Joint Committee on Cancer (Chicago, IL)\n\n(4) Gress, D.M., Edge, S.B., Gershenwald, J.E., et al. **Principles of Cancer Staging**. In: Amin, M.B., Edge, S.B., Greene, F.L., et al. (Eds.) AJCC Cancer Staging Manual. 8th Ed. New York: Springer; 2017: 3-30\n\n(5) Pollock, R.E., Maki, R.G. **Introduction to Soft Tissue Sarcoma**. In: Amin, M.B., Edge, S.B., Greene, F.L., et al. (Eds.) AJCC Cancer Staging Manual. 8th Ed. New York: Springer; 2017: 489-497\n\n(6) Pollock, R.E., Maki, R.G., et al. **Soft Tissue Sarcoma of the Retroperitoneum**. In: Amin, M.B., Edge, S.B., Greene, F.L., et al. (Eds.) AJCC Cancer Staging Manual. 8th Ed. New York: Springer; 2017: 531-537",
  "last_modified" : "2018-03-12T16:39:58.685Z",
  "definition" : [ {
    "key" : "eod_primary_tumor",
    "name" : "Code",
    "type" : "INPUT"
  }, {
    "key" : "description",
    "name" : "Description",
    "type" : "DESCRIPTION"
  }, {
    "key" : "eod_2018_t",
    "name" : "EOD 2018 T",
    "type" : "ENDPOINT"
  }, {
    "key" : "ss2018_t",
    "name" : "SS2018 T",
    "type" : "ENDPOINT"
  } ],
  "rows" : [ [ "100", "Any size tumor\n- Confined to site of origin\n- Localized, NOS", "JUMP:tumor_size_with_primary_tumor_for_ajcc_t_84996", "VALUE:L" ], [ "200", "Any size tumor with extension to\n\nAll sites\n- Adjacent connective tissue, NOS\n- Adjacent organs/structures, NOS\n- Bone/cartilage \n\nRetroperitoneum (C480)\n- Adrenal(s) (suprarenal gland(s))\n- Aorta\n- Colon (ascending and descending)\n- Kidney(s)\n- Pancreas\n- Vena cava\n- Vertebra\n\nPeritoneum (C481, C482, C488)\n- Colon (except ascending and descending colon)\n- Esophagus\n- Gallbladder\n- Liver\n- Small intestine\n- Spleen\n- Stomach", "JUMP:tumor_size_with_primary_tumor_for_ajcc_t_84996", "VALUE:RE" ], [ "700", "Peritoneum (C481, C482, C488)\n- Colon (ascending and descending colon) \n\nFurther contiguous extension", "JUMP:tumor_size_with_primary_tumor_for_ajcc_t_84996", "VALUE:D" ], [ "800", "No evidence of primary tumor", "VALUE:T0", "VALUE:U" ], [ "999", "Unknown; extension not stated\nPrimary tumor cannot be assessed \nNot documented in patient record\n\nDeath Certificate Only", "VALUE:TX", "VALUE:U" ] ]
}