{
  "id" : "extension_bau",
  "algorithm" : "eod_public",
  "version" : "1.0",
  "name" : "EOD Primary Tumor",
  "title" : "EOD Primary Tumor",
  "notes" : "**Note 1:** Impaired vocal cord mobility, also described as vocal cord paresis, may suggest invasion of intrinsic laryngeal muscle. Fixation of the vocal cord may be described as immobility of the arytenoids noted on endoscopy, vocal cord paralysis, or deviation of larynx to fixed side.\n\n**Note 2:** Code 100 for localized tumor only if no information is available to identify further extension.\n\n**Note 3:** Tumor limited to the larynx (code 200) includes tumor involving, but limited to, the supraglottis, glottis and subglottis.",
  "footnotes" : "(1) Fritz AG, Ries LAG (eds). **SEER Extent of Disease 1988: Codes and Coding Instructions (3rd Edition, 1998)**, National Cancer Institute, NIH Pub. No. 98-2313, Bethesda, MD, 1998\n\n(2) Young JL Jr, Roffers SD, Ries LAG, Fritz AG, Hurlbut AA (eds.). **SEER Summary Staging Manual-2000: Codes and Coding Instructions**, National Cancer Institute, NIH Pub. No. 01-4969, Bethesda, MD, 2001.\n\n(3) Collaborative Stage Work Group of the American Joint Committee on Cancer. **Collaborative Stage Data Collection System User Documentation and Coding Instructions, version 02.05**. American Joint Committee on Cancer (Chicago, IL)\n\n(4) Gress, D.M., Edge, S.B., Gershenwald, J.E., et al. **Principles of Cancer Staging**. In: Amin, M.B., Edge, S.B., Greene, F.L., et al. (Eds.) AJCC Cancer Staging Manual. 8th Ed. New York: Springer; 2017: 3-30\n\n(5) Lydiatt, W.M., Patel, S.G., Shah, J.P., et al.  **Staging Head and Neck Cancers**. In: Amin, M.B., Edge, S.B., Greene, F.L., et al. (Eds.) AJCC Cancer Staging Manual. 8th Ed. New York: Springer; 2017: 55-65\n\n(6) Patel, S.G., Lydiatt, W.M., Shah, J.P., et al. **Larynx**. In: Amin, M.B., Edge, S.B., Greene, F.L., et al. (Eds.) AJCC Cancer Staging Manual. 8th Ed. New York: Springer; 2017: 149-161",
  "last_modified" : "2018-03-12T16:39:57.840Z",
  "definition" : [ {
    "key" : "eod_primary_tumor",
    "name" : "Code",
    "type" : "INPUT"
  }, {
    "key" : "description",
    "name" : "Description",
    "type" : "DESCRIPTION"
  }, {
    "key" : "eod_2018_t",
    "name" : "EOD 2018 T",
    "type" : "ENDPOINT"
  }, {
    "key" : "ss2018_t",
    "name" : "SS2018 T",
    "type" : "ENDPOINT"
  } ],
  "rows" : [ [ "000", "In situ, intraepithelial, noninvasive", "VALUE:Tis", "VALUE:IS" ], [ "100", "Invasive tumor confined to one subsite with normal vocal cord mobility\n\nSupraglottis \n- Aryepiglottic fold\n- Cartilage (arytenoid, corniculate, cuneiform, laryngeal, NOS)\n- Epiglottis (infrahyoid, laryngeal [posterior] surface of epiglottis)\n- Epiglottis (suprahyoid) (including tip, lingual (anterior) and laryngeal surfaces)\n- Epilarynx, NOS\n- False cords: ventricular bands/cavity/vestibular fold\n\nConfined to epiglottis, NOS\nConfined to supraglottis, NOS\nLocalized, NOS", "VALUE:T1", "VALUE:L" ], [ "200", "Mucosa of more than one subsite of supraglottis listed in code 100\nand/or glottis\n\nLimited to larynx, NOS", "VALUE:T2", "VALUE:L" ], [ "250", "Mucosa of\n- Base of tongue\n- Pyriform sinus (medial wall)\n- Vallecula", "VALUE:T2", "VALUE:RE" ], [ "300", "Tumor limited to larynx with vocal cord fixation", "VALUE:T3", "VALUE:L" ], [ "400", "Vocal cord fixation of larynx with extension to structures listed in code 250 OR\n\nInvasion of \n- Cricoid cartilage \n- Hypopharynx, NOS\n- Paraglottic space\n- Postcricoid area\n- Pre-epiglottic space\n- Pre-epiglottic tissues", "VALUE:T3", "VALUE:RE" ], [ "450", "Thyroid cartilage (inner cortex) (minor erosion)", "VALUE:T3", "VALUE:D" ], [ "500", "For epiglottis (anterior surface, NOS) primaries only\n\nBuccal mucosa\nFloor of mouth\nGum (gingiva)\nNasopharynx\nPterygoid muscle\nSoft palate", "VALUE:T4a", "VALUE:RE" ], [ "600", "Esophagus\nExtrinsic muscle(s) of tongue\n- Genioglossus\n- Geniohyoid\n- Hyoglossus\n- Mylohyoid\n- Palatoglossus\n- Styloglossus\n\nOropharynx, NOS\nStrap muscle(s)\n- Omohyoid\n- Sternohyoid\n- Sternothyroid\n- Thyrohyoid\n\nSkin\nSoft tissues of neck\nThyroid cartilage (outer cortex, NOS)\nThyroid gland\nTrachea", "VALUE:T4a", "VALUE:D" ], [ "700", "Anterior 2/3 of tongue \nBone\nCarotid artery (encased)\nMandible \nMediastinal structure(s)\nParotid gland \nPrevertebral space\n\nFurther contiguous extension", "VALUE:T4b", "VALUE:D" ], [ "999", "Unknown; extension not stated\nPrimary tumor cannot be assessed\nNot documented in patient record\n\nDeath Certificate Only", "VALUE:TX", "VALUE:U" ] ]
}