{
  "id" : "extension_bct",
  "algorithm" : "eod_public",
  "version" : "1.0",
  "name" : "EOD Primary Tumor",
  "title" : "EOD Primary Tumor",
  "footnotes" : "(1) Fritz AG, Ries LAG (eds). **SEER Extent of Disease 1988: Codes and Coding Instructions (3rd Edition, 1998)**, National Cancer Institute, NIH Pub. No. 98-2313, Bethesda, MD, 1998\n\n(2) Young JL Jr, Roffers SD, Ries LAG, Fritz AG, Hurlbut AA (eds.). **SEER Summary Staging Manual-2000: Codes and Coding Instructions**, National Cancer Institute, NIH Pub. No. 01-4969, Bethesda, MD, 2001.\n\n(3) Collaborative Stage Work Group of the American Joint Committee on Cancer. **Collaborative Stage Data Collection System User Documentation and Coding Instructions, version 02.05**. American Joint Committee on Cancer (Chicago, IL)\n\n(4) Gress, D.M., Edge, S.B., Gershenwald, J.E., et al. **Principles of Cancer Staging**. In: Amin, M.B., Edge, S.B., Greene, F.L., et al. (Eds.) AJCC Cancer Staging Manual. 8th Ed. New York: Springer; 2017: 3-30\n\n(5) White, V.A., Finger, P.T., et al. **Lacrimal Gland Carcinoma**. In: Amin, M.B., Edge, S.B., Greene, F.L., et al. (Eds.) AJCC Cancer Staging Manual. 8th Ed. New York: Springer; 2017: 833-839",
  "last_modified" : "2018-03-12T16:39:57.831Z",
  "definition" : [ {
    "key" : "eod_primary_tumor",
    "name" : "Code",
    "type" : "INPUT"
  }, {
    "key" : "description",
    "name" : "Description",
    "type" : "DESCRIPTION"
  }, {
    "key" : "eod_2018_t",
    "name" : "EOD 2018 T",
    "type" : "ENDPOINT"
  }, {
    "key" : "ss2018_t",
    "name" : "SS2018 T",
    "type" : "ENDPOINT"
  } ],
  "rows" : [ [ "000", "In situ, intraepithelial, noninvasive", "VALUE:88", "VALUE:IS" ], [ "100", "Tumor of any size \n- WITH or WITHOUT extraglandular extension into the orbital soft tissue\n- No periosteal or orbital bone involvement or UNKNOWN if involved\n\nLocalized, NOS", "JUMP:tumor_size_with_primary_tumor_for_ajcc_t_19887", "VALUE:L" ], [ "200", "Tumor of any size\n- Periosteal involvement only", "JUMP:tumor_size_with_primary_tumor_for_ajcc_t_19887", "VALUE:RE" ], [ "300", "Tumor of any size\n- Periosteal and bone involvement", "JUMP:tumor_size_with_primary_tumor_for_ajcc_t_19887", "VALUE:RE" ], [ "700", "Involvement of adjacent structures, including \n- Brain\n- Cavernous sinus\n- Orbital bone\n- Periosteum\n- Pterygoid fossa\n- Sinuses\n- Superior orbital fissure\n- Temporal fossa", "JUMP:tumor_size_with_primary_tumor_for_ajcc_t_19887", "VALUE:D" ], [ "800", "No evidence of primary tumor", "VALUE:T0", "VALUE:U" ], [ "999", "Unknown; extension not stated\nPrimary tumor cannot be assessed \nNot documented in patient record\n\nDeath Certificate Only", "VALUE:TX", "VALUE:U" ] ]
}