{
  "id" : "extension_baw",
  "algorithm" : "eod_public",
  "version" : "1.0",
  "name" : "EOD Primary Tumor",
  "title" : "EOD Primary Tumor",
  "notes" : "**Note 1:** Impaired vocal cord mobility may be described as vocal cord paresis, and may suggest invasion of intrinsic laryngeal muscle.  Fixation of the vocal cord maybe described as immobility of the arytenoids noted on endoscopy, paralysis of the vocal cords, or deviation of larynx to the fixed side.\n\n**Note 2:** Code 100 for localized tumor only if no information is available to identify further extension.",
  "footnotes" : "(1) Fritz AG, Ries LAG (eds). **SEER Extent of Disease 1988: Codes and Coding Instructions (3rd Edition, 1998)**, National Cancer Institute, NIH Pub. No. 98-2313, Bethesda, MD, 1998\n\n(2) Young JL Jr, Roffers SD, Ries LAG, Fritz AG, Hurlbut AA (eds.). **SEER Summary Staging Manual-2000: Codes and Coding Instructions**, National Cancer Institute, NIH Pub. No. 01-4969, Bethesda, MD, 2001.\n\n(3) Collaborative Stage Work Group of the American Joint Committee on Cancer. **Collaborative Stage Data Collection System User Documentation and Coding Instructions, version 02.05**. American Joint Committee on Cancer (Chicago, IL)\n\n(4) Gress, D.M., Edge, S.B., Gershenwald, J.E., et al. **Principles of Cancer Staging**. In: Amin, M.B., Edge, S.B., Greene, F.L., et al. (Eds.) AJCC Cancer Staging Manual. 8th Ed. New York: Springer; 2017: 3-30\n\n(5) Lydiatt, W.M., Patel, S.G., Shah, J.P., et al.  **Staging Head and Neck Cancers**. In: Amin, M.B., Edge, S.B., Greene, F.L., et al. (Eds.) AJCC Cancer Staging Manual. 8th Ed. New York: Springer; 2017: 55-65\n\n(6) Patel, S.G., Lydiatt, W.M., Shah, J.P., et al. **Larynx**. In: Amin, M.B., Edge, S.B., Greene, F.L., et al. (Eds.) AJCC Cancer Staging Manual. 8th Ed. New York: Springer; 2017: 149-161",
  "last_modified" : "2018-03-12T16:39:57.741Z",
  "definition" : [ {
    "key" : "eod_primary_tumor",
    "name" : "Code",
    "type" : "INPUT"
  }, {
    "key" : "description",
    "name" : "Description",
    "type" : "DESCRIPTION"
  }, {
    "key" : "eod_2018_t",
    "name" : "EOD 2018 T",
    "type" : "ENDPOINT"
  }, {
    "key" : "ss2018_t",
    "name" : "SS2018 T",
    "type" : "ENDPOINT"
  } ],
  "rows" : [ [ "000", "In situ, intraepithelial, noninvasive", "VALUE:88", "VALUE:IS" ], [ "100", "Involvement adjacent regions(s) of larynx\n- WITH normal or impaired mobility\n  + Glottis \n  + Supraglottis\n\nTumor limited to larynx with vocal cord fixation \n\nConfined to larynx, NOS\nLocalized, NOS", "VALUE:88", "VALUE:L" ], [ "200", "Base of tongue\nHypopharynx, NOS\nParaglottic space\nPostcricoid area\nPre-epiglottic tissues\nPyriform sinus (pyriform fossa)\nThyroid cartilage (inner cortex)\nVallecula", "VALUE:88", "VALUE:RE" ], [ "700", "Carotid artery (encased)\nCricoid cartilage \nEsophagus\nExtrinsic muscle(s) of tongue\n- Genioglossus\n- Geniohyoid\n- Hyoglossus\n- Mylohyoid\n- Palatoglossus\n- Styloglossus\n\nMediastinal structure(s)\nOropharynx \nPrevertebral space\n\nSkin\nSoft tissues of neck\nStrap muscle(s)\n- Omohyoid\n- Sternohyoid\n- Sternothyroid\n- Thyrohyoid\n\nThyroid cartilage (outer cortex, NOS)\nThyroid gland\nTrachea\n\nFurther contiguous extension", "VALUE:88", "VALUE:D" ], [ "800", "No evidence of primary tumor", "VALUE:88", "VALUE:U" ], [ "999", "Unknown; extension not stated\nPrimary tumor cannot be assessed\nNot documented in patient record\n\nDeath Certificate Only", "VALUE:88", "VALUE:U" ] ]
}