{
  "id" : "extension_bfy",
  "algorithm" : "eod_public",
  "version" : "1.0",
  "name" : "EOD Primary Tumor",
  "title" : "EOD Primary Tumor",
  "footnotes" : "(1) Fritz AG, Ries LAG (eds). **SEER Extent of Disease 1988: Codes and Coding Instructions (3rd Edition, 1998)**, National Cancer Institute, NIH Pub. No. 98-2313, Bethesda, MD, 1998\n\n(2) Young JL Jr, Roffers SD, Ries LAG, Fritz AG, Hurlbut AA (eds.). **SEER Summary Staging Manual-2000: Codes and Coding Instructions**, National Cancer Institute, NIH Pub. No. 01-4969, Bethesda, MD, 2001.\n\n(3) Collaborative Stage Work Group of the American Joint Committee on Cancer. **Collaborative Stage Data Collection System User Documentation and Coding Instructions, version 02.05.** American Joint Committee on Cancer (Chicago, IL)\n\n(4) Laws, E.R., Curran, W.J., et al. **Brain and Spinal Cord**. In: Amin, M.B., Edge, S.B., Greene, F.L., et al. (Eds.) AJCC Cancer Staging Manual. 8th Ed. New York: Springer; 2017: 857-869",
  "last_modified" : "2018-03-12T16:39:56.507Z",
  "definition" : [ {
    "key" : "eod_primary_tumor",
    "name" : "Code",
    "type" : "INPUT"
  }, {
    "key" : "description",
    "name" : "Description",
    "type" : "DESCRIPTION"
  }, {
    "key" : "eod_2018_t",
    "name" : "EOD 2018 T",
    "type" : "ENDPOINT"
  }, {
    "key" : "ss2018_t",
    "name" : "SS2018 T",
    "type" : "ENDPOINT"
  } ],
  "rows" : [ [ "000", "In situ, intraepithelial, noninvasive", "VALUE:88", "VALUE:IS" ], [ "050", "Benign or borderline tumor", "VALUE:88", "VALUE:B" ], [ "100", "Invasive tumor confined to gland of origin\n\nLocalized, NOS", "VALUE:88", "VALUE:L" ], [ "200", "Adjacent connective/soft tissue\nAdjacent organ(s)/structure(s) for   pituitary and craniopharyngeal duct\n- Cavernous sinus\n- Infundibulum\n- Pons\n- Sphenoid body and sinuses\n- Adjacent organ(s)/structure(s) for pineal\n- Infratentorial and central brain", "VALUE:88", "VALUE:RE" ], [ "700", "Further contiguous extension", "VALUE:88", "VALUE:D" ], [ "800", "No evidence of primary tumor", "VALUE:88", "VALUE:U" ], [ "999", "Unknown; extension not stated\nPrimary tumor cannot be assessed \nNot documented in patient record\n\nDeath Certificate Only", "VALUE:88", "VALUE:U" ] ]
}