{
  "id" : "extension_bad",
  "algorithm" : "eod_public",
  "version" : "1.0",
  "name" : "EOD Primary Tumor",
  "title" : "EOD Primary Tumor",
  "notes" : "**Note:** When both the Federation Internationale de Gynecologie et d'Obstetrique (FIGO) stage and extension information on the primary tumor are available, use the extension information to code primary tumor in preference to a statement of FIGO stage.",
  "footnotes" : "(1) Fritz AG, Ries LAG (eds). **SEER Extent of Disease 1988: Codes and Coding Instructions (3rd Edition, 1998)**, National Cancer Institute, NIH Pub. No. 98-2313, Bethesda, MD, 1998\n\n(2) Young JL Jr, Roffers SD, Ries LAG, Fritz AG, Hurlbut AA (eds.). **SEER Summary Staging Manual-2000: Codes and Coding Instructions**, National Cancer Institute, NIH Pub. No. 01-4969, Bethesda, MD, 2001.\n\n(3) Collaborative Stage Work Group of the American Joint Committee on Cancer. **Collaborative Stage Data Collection System User Documentation and Coding Instructions, version 02.05.** American Joint Committee on Cancer (Chicago, IL)\n\n(4) Gress, D.M., Edge, S.B., Gershenwald, J.E., et al. **Principles of Cancer Staging.** In: Amin, M.B., Edge, S.B., Greene, F.L., et al. (Eds.) AJCC Cancer Staging Manual. 8th Ed. New York: Springer; 2017: 3-30\n\n(5) **Introduction to Female Reproductive Organs**. In: Amin, M.B., Edge, S.B., Greene, F.L., et al. (Eds.) AJCC Cancer Staging Manual. 8th Ed. New York: Springer; 2017: 631\n\n(6) Gibb, R.K., Olawaiye, A.B., Mutch, D.G., et al. **Vagina**. In: Amin, M.B., Edge, S.B., Greene, F.L., et al. (Eds.) AJCC Cancer Staging Manual. 8th Ed. New York: Springer; 2017: 641-647",
  "last_modified" : "2018-03-12T16:39:58.613Z",
  "definition" : [ {
    "key" : "eod_primary_tumor",
    "name" : "Code",
    "type" : "INPUT"
  }, {
    "key" : "description",
    "name" : "Description",
    "type" : "DESCRIPTION"
  }, {
    "key" : "eod_2018_t",
    "name" : "EOD 2018 T",
    "type" : "ENDPOINT"
  }, {
    "key" : "ss2018_t",
    "name" : "SS2018 T",
    "type" : "ENDPOINT"
  } ],
  "rows" : [ [ "000", "In situ, intraepidermal, intraepithelial, noninvasive", "VALUE:88", "VALUE:IS" ], [ "100", "Any size tumor confined to vagina\n- Musculature involved\n- Submucosa (stroma) (vagina)\n\nLocalized, NOS\n\nFIGO Stage I", "JUMP:tumor_size_with_primary_tumor_for_ajcc_t_52324", "VALUE:L" ], [ "300", "Any size tumor invading \n- Cervix\n- Cul de sac (rectouterine pouch)\n- Parametrium\n- Paravaginal soft tissue\n- Rectovaginal septum\n- Vesicovaginal septum\n- Vulva", "JUMP:tumor_size_with_primary_tumor_for_ajcc_t_52324", "VALUE:RE" ], [ "400", "Tumor invading paravaginal soft tissues, NOS (size unknown)\n\nFIGO Stage II", "VALUE:T2", "VALUE:RE" ], [ "500", "Extension to lower third of the vagina (from proximal vagina)\n\nBladder wall or bladder, NOS (excluding mucosa)\n“Frozen pelvis” (clinically diagnosed)\nHydronephrosis or nonfunctioning kidney\nPelvic sidewall \n- Fascia \n- Muscle\n- Neurovascular structures\n- Skeletal portions of bony pelvis\n\nRectal wall or rectum, NOS excluding mucosa", "VALUE:T3", "VALUE:RE" ], [ "600", "FIGO Stage III [NOS]", "VALUE:T3", "VALUE:RE" ], [ "700", "Bladder mucosa (excluding bullous edema)\nRectal mucosa\nUrethra\n\nExtension beyond true pelvis\n\nFurther contiguous extension\n\nFIGO Stage IVA", "VALUE:T4", "VALUE:D" ], [ "800", "No evidence of primary tumor", "VALUE:T0", "VALUE:U" ], [ "999", "Unknown; extension not stated\nPrimary tumor cannot be assessed \nNot documented in patient record\n\nDeath Certificate Only", "VALUE:TX", "VALUE:U" ] ]
}