{
  "id" : "extension_bfq",
  "algorithm" : "eod_public",
  "version" : "1.0",
  "name" : "EOD Primary Tumor",
  "title" : "EOD Primary Tumor",
  "notes" : "**Note 1:** Uveal melanomas arise most commonly in the choroid, less frequently in the ciliary body, and least often in the iris. Melanomas of the iris tend to be small, and those arising from or extending to the ciliary body typically are large.\n\n**Note 2:** Primary ciliary body and choroidal melanomas are classified according to four tumor size categories. The tumor size categories are based on the largest basal and thickness.\n* Basal diameter is collected in data item *Measured Basal Diameter*\n* Thickness is collected in the data item *Measured Thickness*",
  "footnotes" : "(1) Fritz AG, Ries LAG (eds). **SEER Extent of Disease 1988: Codes and Coding Instructions (3rd Edition, 1998)**, National Cancer Institute, NIH Pub. No. 98-2313, Bethesda, MD, 1998\n\n(2) Young JL Jr, Roffers SD, Ries LAG, Fritz AG, Hurlbut AA (eds.). **SEER Summary Staging Manual-2000: Codes and Coding Instructions**, National Cancer Institute, NIH Pub. No. 01-4969, Bethesda, MD, 2001.\n\n(3) Collaborative Stage Work Group of the American Joint Committee on Cancer. **Collaborative Stage Data Collection System User Documentation and Coding Instructions, version 02.05**. American Joint Committee on Cancer (Chicago, IL)\n\n(4) Gress, D.M., Edge, S.B., Gershenwald, J.E., et al. **Principles of Cancer Staging**. In: Amin, M.B., Edge, S.B., Greene, F.L., et al. (Eds.) AJCC Cancer Staging Manual. 8th Ed. New York: Springer; 2017: 3-30\n\n(5) Kivelä, T., Finger, P.T., et al. **Uveal Melanoma**. In: Amin, M.B., Edge, S.B., Greene, F.L., et al. (Eds.) AJCC Cancer Staging Manual. 8th Ed. New York: Springer; 2017: 805-817",
  "last_modified" : "2018-03-12T16:39:58.550Z",
  "definition" : [ {
    "key" : "eod_primary_tumor",
    "name" : "Code",
    "type" : "INPUT"
  }, {
    "key" : "description",
    "name" : "Description",
    "type" : "DESCRIPTION"
  }, {
    "key" : "eod_2018_t",
    "name" : "EOD 2018 T",
    "type" : "ENDPOINT"
  }, {
    "key" : "ss2018_t",
    "name" : "SS2018 T",
    "type" : "ENDPOINT"
  } ],
  "rows" : [ [ "000", "In situ: intraepithelial, noninvasive", "VALUE:88", "VALUE:IS" ], [ "100", "Any tumor size category\n- UNKNOWN if ciliary body involvement OR extraocular extension\n\nLocalized, NOS", "JUMP:tumor_size_category_with_primary_tumor_for_t_63342", "VALUE:L" ], [ "200", "Any tumor size category \n- WITHOUT ciliary body involvement AND extraocular extension", "JUMP:tumor_size_category_with_primary_tumor_for_t_63342", "VALUE:L" ], [ "300", "Any tumor size category\n- WITH ciliary body involvement", "JUMP:tumor_size_category_with_primary_tumor_for_t_63342", "VALUE:L" ], [ "400", "Any tumor size category\n- WITH extraocular extension less than or equal to 5 mm in largest diameter\n- NONE or UNKNOWN if ciliary body involvement", "JUMP:tumor_size_category_with_primary_tumor_for_t_63342", "VALUE:RE" ], [ "500", "Any tumor size category\n- WITH ciliary body involvement \n- AND extraocular extension less than or equal to 5 mm in largest diameter", "JUMP:tumor_size_category_with_primary_tumor_for_t_63342", "VALUE:RE" ], [ "600", "Extraocular extension GREATER than 5 mm", "VALUE:T4e", "VALUE:RE" ], [ "700", "Further contiguous extension", "VALUE:T4", "VALUE:D" ], [ "800", "No evidence of primary tumor", "VALUE:T0", "VALUE:U" ], [ "999", "Unknown; extension not stated\nPrimary tumor cannot be assessed\nNot documented in patient record\n\nDeath Certificate Only", "VALUE:TX", "VALUE:U" ] ]
}