{
  "id" : "extension_bcp",
  "algorithm" : "eod_public",
  "version" : "1.0",
  "name" : "EOD Primary Tumor",
  "title" : "EOD Primary Tumor",
  "notes" : "**Note 1:** For skin, patch indicates any size skin lesion without significant elevation or induration.\n\n**Note 2:** For skin, plaque indicates any size skin lesion that is elevated or indurated.\n\n**Note 3:** For skin, tumor indicates at least one 1 cm diameter solid or nodular lesion with evidence of depth and/or vertical growth.\n\n**Note 4:** Sezary syndrome is the leukemic form of Mycosis Fungoides. EOD Primary Tumor for Sezary syndrome is still coded based on the amount/type of skin involvement. Peripheral blood involvement, which is indicative of the leukemic variant, is coded in Peripheral Blood Involvement [NAACCR Data Item #3910]",
  "footnotes" : "(1) Fritz AG, Ries LAG (eds). **SEER Extent of Disease 1988: Codes and Coding Instructions (3rd Edition, 1998)**, National Cancer Institute, NIH Pub. No. 98-2313, Bethesda, MD, 1998\n\n(2) Young JL Jr, Roffers SD, Ries LAG, Fritz AG, Hurlbut AA (eds.). **SEER Summary Staging Manual-2000: Codes and Coding Instructions**, National Cancer Institute, NIH Pub. No. 01-4969, Bethesda, MD, 2001.\n\n(3) Collaborative Stage Work Group of the American Joint Committee on Cancer. **Collaborative Stage Data Collection System User Documentation and Coding Instructions, version 02.05**. American Joint Committee on Cancer (Chicago, IL)\n\n(4) Gress, D.M., Edge, S.B., Gershenwald, J.E., et al. **Principles of Cancer Staging**. In: Amin, M.B., Edge, S.B., Greene, F.L., et al. (Eds.) AJCC Cancer Staging Manual. 8th Ed. New York: Springer; 2017: 3-30\n\n(5) **Introduction to Hematologic Malignancies**. In: Amin, M.B., Edge, S.B., Greene, F.L., et al. (Eds.) AJCC Cancer Staging Manual. 8th Ed. New York: Springer; 2017: 931-935\n\n(6) Rosen, S.T., Jaffe, E.S., Leonard, J.P., et al. **Primary Cutaneous Lymphomas**. In: Amin, M.B., Edge, S.B., Greene, F.L., et al. (Eds.) AJCC Cancer Staging Manual. 8th Ed. New York: Springer; 2017: 967-972",
  "last_modified" : "2018-03-12T16:39:58.325Z",
  "definition" : [ {
    "key" : "eod_primary_tumor",
    "name" : "Code",
    "type" : "INPUT"
  }, {
    "key" : "description",
    "name" : "Description",
    "type" : "DESCRIPTION"
  }, {
    "key" : "eod_2018_t",
    "name" : "EOD 2018 T",
    "type" : "ENDPOINT"
  }, {
    "key" : "ss2018_t",
    "name" : "SS2018 T",
    "type" : "ENDPOINT"
  } ],
  "rows" : [ [ "100", "Less than 10% of skin surface, no tumors\n- Patches only", "VALUE:T1a", "VALUE:L" ], [ "150", "Less than 10% of skin surface, no tumors\n- Papules or plaques WITH or WITHOUT patches", "VALUE:T1b", "VALUE:L" ], [ "200", "Skin involvement less than 10% OR unknown % of skin involvement\n- AND not stated whether patches, papules or plaques\n- AND no tumors\n\nLimited skin involvement\nLocalized, NOS\nMFCG Stage I", "VALUE:T1", "VALUE:L" ], [ "250", "Greater than or equal to 10% of skin surface, no tumors\n- Patches only", "VALUE:T2a", "VALUE:L" ], [ "300", "Greater than or equal to 10% of skin surface, no tumors\n- Plaques or papules WITH or WITHOUT patches", "VALUE:T2b", "VALUE:L" ], [ "400", "Skin involvement greater than or equal to 10%\nGeneralized plaques/patches OR \nNot stated whether patches, papules or plaques\nNo tumors\n\nMFCG Stage II", "VALUE:T2", "VALUE:L" ], [ "450", "Generalized erythroderma (confluence of erythemia)\n(Greater than 50% less than 80% body surface involved with diffuse redness)", "VALUE:T2", "VALUE:RE" ], [ "500", "Skin lesion described as tumor less than 1 cm", "VALUE:T2", "VALUE:RE" ], [ "600", "One or more tumors equal to 1 cm or greater\nCutaneous tumor, size not stated\n\nMFCG Stage III", "VALUE:T3", "VALUE:RE" ], [ "700", "Generalized erythroderma (confluence of erythemia)\n(Equal to or greater than or equal to 80% body surface involved with diffuse redness)", "VALUE:T4", "VALUE:RE" ], [ "800", "No evidence of primary tumor", "VALUE:T0", "VALUE:U" ], [ "999", "Unknown; extension not stated\nPrimary tumor cannot be assessed\nNot documented in patient record\n\nDeath Certificate Only", "VALUE:TX", "VALUE:U" ] ]
}