{
  "id" : "extension_bcq",
  "algorithm" : "eod_public",
  "version" : "1.0",
  "name" : "EOD Primary Tumor",
  "title" : "EOD Primary Tumor",
  "notes" : "**Note 1:** The bones of the lateral wall of the nasal cavity include the maxilla, the perpendicular plate of the palatine bone, the medial pterygoid plate, the labyrinth and inferior concha of the ethmoid. The roof of the nasal cavity is formed by the nasal bone. The floor of the nasal cavity, which forms the roof of the mouth, is composed of the bones of the hard palate: the horizontal plate of the palatine bone posteriorly and the palatine process of the maxilla anteriorly.\n\n**Note 2:** Involvement of or extension to bone includes any type of tumor extension to the bone, such as erosion, invasion, extension, penetration, or destruction.\n\n**Note 3:** \"Bony invasion\" does not include extension to palate, cribriform plate, or pterygoid plates. Extension to these structures is coded separately.\n\n**Note 4:** “Bony invasion” does include involvement of perpendicular plate of ethmoid bone or ethmoid air cells.\n\n**Note 5:** Code 300 for base of skull, NOS when there is no information available for more specific bony structures in the skull.\n\n**Note 6:** Minimal extension to anterior cranial fossa implies tumor pushing through the cribriform plate, but without invasion of the dura or brain.",
  "footnotes" : "(1) Fritz AG, Ries LAG (eds). **SEER Extent of Disease 1988: Codes and Coding Instructions (3rd Edition, 1998)**, National Cancer Institute, NIH Pub. No. 98-2313, Bethesda, MD, 1998\n\n(2) Young JL Jr, Roffers SD, Ries LAG, Fritz AG, Hurlbut AA (eds.). **SEER Summary Staging Manual-2000: Codes and Coding Instructions**, National Cancer Institute, NIH Pub. No. 01-4969, Bethesda, MD, 2001.\n\n(3) Collaborative Stage Work Group of the American Joint Committee on Cancer. **Collaborative Stage Data Collection System User Documentation and Coding Instructions, version 02.05**. American Joint Committee on Cancer (Chicago, IL)\n\n(4) Gress, D.M., Edge, S.B., Gershenwald, J.E., et al. **Principles of Cancer Staging**. In: Amin, M.B., Edge, S.B., Greene, F.L., et al. (Eds.) AJCC Cancer Staging Manual. 8th Ed. New York: Springer; 2017: 3-30\n\n(5) Lydiatt, W.M., Patel, S.G., Shah, J.P., et al.  **Staging Head and Neck Cancers**. In: Amin, M.B., Edge, S.B., Greene, F.L., et al. (Eds.) AJCC Cancer Staging Manual. 8th Ed. New York: Springer; 2017: 55-65\n\n(6) Kraus, D.H., Lydiatt, W.M., Shah, J.P., et al. **Nasal Cavity and Paranasal Sinuses**. In: Amin, M.B., Edge, S.B., Greene, F.L., et al. (Eds.) AJCC Cancer Staging Manual. 8th Ed. New York: Springer; 2017: 137-147",
  "last_modified" : "2018-03-12T16:39:58.745Z",
  "definition" : [ {
    "key" : "eod_primary_tumor",
    "name" : "Code",
    "type" : "INPUT"
  }, {
    "key" : "description",
    "name" : "Description",
    "type" : "DESCRIPTION"
  }, {
    "key" : "eod_2018_t",
    "name" : "EOD 2018 T",
    "type" : "ENDPOINT"
  }, {
    "key" : "ss2018_t",
    "name" : "SS2018 T",
    "type" : "ENDPOINT"
  } ],
  "rows" : [ [ "000", "In situ, intraepithelial, noninvasive", "VALUE:Tis", "VALUE:IS" ], [ "100", "All sites\n- Localized, NOS\n\nNasal Cavity (C300)\n- Invasive tumor confined to one of the following subsites WITHOUT bony invasion\n   + Floor\n   + Lateral wall, including\n       * Meatus (superior, middle, inferior) \n       * Nasal conchae (superior, middle, inferior)\n   + Septum\n   + Vestibule (edge of naris to mucocutaneous junction)\n- Confined to nasal cavity, NOS\n\nEthmoid Sinus (C311)\n- Confined to ethmoid sinus  \n  + WITH or WITHOUT bony invasion (involvement of perpendicular plate of ethmoid bone or ethmoid air cells)\n- Confined to ethmoid sinus, NOS", "VALUE:T1", "VALUE:L" ], [ "150", "Nasal Cavity (C300)\n- Confined to one subsite listed in code 100\n  + WITH bony invasion", "VALUE:T1", "VALUE:RE" ], [ "175", "Nasal Cavity (C300)\n- Confined to two or more subsites listed in code 100\n  + WITHOUT bony invasion", "VALUE:T2", "VALUE:L" ], [ "200", "Nasal Cavity (C300)\n- Confined to two or more subsites listed in code 100 WITH bony invasion\n    + Choana\n    + Ethmoid sinus\n- Nasolacrimal duct\n\nEthmoid Sinus (C311)\n- Confined to both ethmoid sinuses \n  + WITH or WITHOUT bony invasion (involvement of perpendicular plate of ethmoid bone or ethmoid air cells)\n- Nasal cavity WITH or WITHOUT bony invasion, one or more subsites\n    + Floor\n    + Lateral wall, including\n        * Meatus (superior, middle, inferior)\n        * Nasal conchae (superior, middle, inferior)\n    + Septum\n    + Turbinates\n    + Vestibule (edge of naris to mucocutaneous junction)", "VALUE:T2", "VALUE:RE" ], [ "300", "All sites\n- Base of skull, NOS\n- Cribriform plate\n\nNasal Cavity (C300)\n- Adjacent organs/structures, NOS\n- Hard palate\n\nEthmoid Sinus (C311)\n- Orbital plate\n- Maxillary sinus\n- Medial wall or floor of orbit", "VALUE:T3", "VALUE:RE" ], [ "400", "Nasal Cavity (C300)\n- Maxillary sinus\n- Medial wall or floor of orbit\n- Orbital plate\n\nEthmoid Sinus (C311)\n- Hard palate", "VALUE:T3", "VALUE:D" ], [ "500", "All sites\n- Frontal sinus\n- Pterygoid plates\n\nEthmoid Sinus (C311)\n - Anterior cranial fossa (minimal extension)\n - Anterior orbital contents\n - Skin of cheek\n - Skin of nose\n - Sphenoid sinus", "VALUE:T4a", "VALUE:RE" ], [ "550", "Nasal Cavity (C300)\n- Anterior cranial fossa (minimal extension)\n- Anterior orbital contents\n- Skin of cheek\n- Skin of nose\n- Sphenoid sinus\n\nEthmoid Sinus (C311)\n- Any structure in code 500 + hard palate", "VALUE:T4a", "VALUE:D" ], [ "600", "All sites\n- Nasopharynx\n\nEthmoid Sinus (C311)\n- Brain\n- Clivus\n- Cranial nerves (other than V2, maxillary division of trigeminal nerve)\n- Dura\n- Middle cranial fossa\n- Orbital apex", "VALUE:T4b", "VALUE:RE" ], [ "700", "All sites\n- Further contiguous extension\n\nNasal Cavity (C300)\n- Brain\n- Clivus\n- Cranial nerves (other than V2, maxillary division of trigeminal nerve)\n- Dura\n- Middle cranial fossa\n- Orbital apex\n\nEthmoid Sinus (C311)\n- Any structure in code 600 + hard palate", "VALUE:T4b", "VALUE:D" ], [ "800", "No evidence of primary tumor", "VALUE:T0", "VALUE:U" ], [ "999", "Unknown; extension not stated\nPrimary tumor cannot be assessed \nNot documented in patient record\n\nDeath Certificate Only", "VALUE:TX", "VALUE:U" ] ]
}