{
  "id" : "extension_bbs",
  "algorithm" : "eod_public",
  "version" : "1.0",
  "name" : "EOD Primary Tumor",
  "title" : "EOD Primary Tumor",
  "notes" : "**Note 1:** Over 90% of penile cancers are squamous cell carcinomas arising in the skin. Other cancers arising in the skin include adenocarcinomas (5%) arising in sweat glands, melanomas (2%, included in the Melanoma schema), and basal cell carcinoma (2%). About 1% of penile cancers are sarcomas, arising in subcutaneous connective tissues.\n\n**Note 2:** If verrucous carcinoma is described as noninvasive or as having a broad pushing border or penetration, assign code 050. If verrucous carcinoma is not so characterized, assign code 070, Verrucous carcinoma, NOS. If there is destructive invasion of verrucous carcinoma into structures in code 100 or greater, assign the appropriate higher code.\n\n**Note 3:** Tumors limited to the penis (see codes 100, 200, 300) include\n* Dartos fascia (foreskin)\n* Dermis (foreskin)\n* Lamina propria (glans and foreskin)\n* Subepithelial connective tissue (shaft)",
  "footnotes" : "(1) Fritz AG, Ries LAG (eds). **SEER Extent of Disease 1988: Codes and Coding Instructions (3rd Edition, 1998)**, National Cancer Institute, NIH Pub. No. 98-2313, Bethesda, MD, 1998\n\n(2) Young JL Jr, Roffers SD, Ries LAG, Fritz AG, Hurlbut AA (eds.). **SEER Summary Staging Manual-2000: Codes and Coding Instructions**, National Cancer Institute, NIH Pub. No. 01-4969, Bethesda, MD, 2001.\n\n(3) Collaborative Stage Work Group of the American Joint Committee on Cancer. **Collaborative Stage Data Collection System User Documentation and Coding Instructions, version 02.05**. American Joint Committee on Cancer (Chicago, IL)\n\n(4) Gress, D.M., Edge, S.B., Gershenwald, J.E., et al. **Principles of Cancer Staging**. In: Amin, M.B., Edge, S.B., Greene, F.L., et al. (Eds.) AJCC Cancer Staging Manual. 8th Ed. New York: Springer; 2017: 3-30\n\n(5) Pettaway, C.A., Srigley, J.R., Amin, M.B., et al. **Penis**. In: Amin, M.B., Edge, S.B., Greene, F.L., et al. (Eds.) AJCC Cancer Staging Manual. 8th Ed. New York: Springer; 2017: 701-714",
  "last_modified" : "2018-03-12T16:39:58.587Z",
  "definition" : [ {
    "key" : "eod_primary_tumor",
    "name" : "Code",
    "type" : "INPUT"
  }, {
    "key" : "description",
    "name" : "Description",
    "type" : "DESCRIPTION"
  }, {
    "key" : "eod_2018_t",
    "name" : "EOD 2018 T",
    "type" : "ENDPOINT"
  }, {
    "key" : "ss2018_t",
    "name" : "SS2018 T",
    "type" : "ENDPOINT"
  } ],
  "rows" : [ [ "000", "In situ, intraepidermal, intraepithelial, noninvasive\nBowen disease\nCarcinoma in situ (Penile intraepithelial neoplasia III [PeIN III])\nErythroplasia of Queyrat", "VALUE:Tis", "VALUE:IS" ], [ "050", "Noninvasive localized squamous cell carcinoma\nNoninvasive verrucous carcinoma", "VALUE:Ta", "VALUE:IS" ], [ "070", "Verrucous carcinoma, NOS", "VALUE:Ta", "VALUE:L" ], [ "100", "Limited to penis\n- WITHOUT perineural and/or lymphovascular invasion\n- WITH low grade (i.e., grade 1-2) or UNKNOWN grade", "VALUE:T1a", "VALUE:L" ], [ "150", "Code 100 with high grade (i.e., grade 3 or sarcomatoid)", "VALUE:T1b", "VALUE:L" ], [ "200", "Limited to penis\n- WITH perineural and/or lymphovascular invasion\n- WITH or WITHOUT high grade (i.e., grade 3 or sarcomatoid)", "VALUE:T1b", "VALUE:L" ], [ "300", "Limited to penis\n- UNKNOWN perineural and/or lymphovascular invasion\n\nConfined to penis, NOS\nLocalized, NOS", "VALUE:T1", "VALUE:L" ], [ "400", "Corpus spongiosum (including tunica albuginea) \n- WITHOUT urethral invasion or UNKNOWN if urethral invasion", "VALUE:T2", "VALUE:RE" ], [ "450", "Code 400 WITH urethral invasion", "VALUE:T2", "VALUE:RE" ], [ "500", "Corpus cavernosum (including tunica albuginea) \n- WITHOUT urethral invasion OR UNKNOWN if urethral invasion", "VALUE:T3", "VALUE:RE" ], [ "550", "Code 500 WITH urethral invasion", "VALUE:T3", "VALUE:RE" ], [ "600", "Muscle, NOS\n- Bulbospongiosus\n- Ischiocavernosus\n- Superficial transverse perineal\n\nProstate\nPubic bone\nScrotum\nSkin (abdominal, perineum)", "VALUE:T4", "VALUE:RE" ], [ "700", "Further contiguous extension\n- Testis", "VALUE:T4", "VALUE:D" ], [ "800", "No evidence of primary tumor", "VALUE:T0", "VALUE:U" ], [ "999", "Unknown extension\nPrimary tumor cannot be assessed \nNot documented in patient record\n\nDeath Certificate Only", "VALUE:TX", "VALUE:U" ] ]
}