{
  "id" : "extension_bbe",
  "algorithm" : "eod_public",
  "version" : "1.0",
  "name" : "EOD Primary Tumor",
  "title" : "EOD Primary Tumor",
  "notes" : "**Note 1:** High grade dysplasia and severe dysplasia of the small intestine are generally not reportable in cancer registries.\n* Code 000 if your registry collects these tumors\n\n**Note 2:** Code depth of invasion in preference to intraluminal spread or lateral extension to adjacent segment(s) of small intestine or cecum.",
  "footnotes" : "(1) Fritz AG, Ries LAG (eds). **SEER Extent of Disease 1988: Codes and Coding Instructions (3rd Edition, 1998)**, National Cancer Institute, NIH Pub. No. 98-2313, Bethesda, MD, 1998\n\n(2) Young JL Jr, Roffers SD, Ries LAG, Fritz AG, Hurlbut AA (eds.). **SEER Summary Staging Manual-2000: Codes and Coding Instructions**, National Cancer Institute, NIH Pub. No. 01-4969, Bethesda, MD, 2001.\n\n(3) Collaborative Stage Work Group of the American Joint Committee on Cancer. **Collaborative Stage Data Collection System User Documentation and Coding Instructions, version 02.05**. American Joint Committee on Cancer (Chicago, IL)\n\n(4) Gress, D.M., Edge, S.B., Gershenwald, J.E., et al. **Principles of Cancer Staging**. In: Amin, M.B., Edge, S.B., Greene, F.L., et al. (Eds.) AJCC Cancer Staging Manual. 8th Ed. New York: Springer; 2017: 3-30\n\n(5) Coit, D.G., Kelsen, D., Hofstetter, W.L., et al. **Small Intestine**. In: Amin, M.B., Edge, S.B., Greene, F.L., et al. (Eds.) AJCC Cancer Staging Manual. 8th Ed. New York: Springer; 2017: 221-234",
  "last_modified" : "2018-03-12T16:39:53.363Z",
  "definition" : [ {
    "key" : "eod_primary_tumor",
    "name" : "Code",
    "type" : "INPUT"
  }, {
    "key" : "description",
    "name" : "Description",
    "type" : "DESCRIPTION"
  }, {
    "key" : "eod_2018_t",
    "name" : "EOD 2018 T",
    "type" : "ENDPOINT"
  }, {
    "key" : "ss2018_t",
    "name" : "SS2018 T",
    "type" : "ENDPOINT"
  } ],
  "rows" : [ [ "000", "In situ, intraepithelial, noninvasive\n(Adeno)carcinoma, noninvasive, in a polyp or adenoma", "VALUE:Tis", "VALUE:IS" ], [ "100", "Intramucosa, NOS\nLamina propria\nMucosa, NOS\nMuscularis mucosae", "VALUE:T1a", "VALUE:L" ], [ "200", "Submucosa (superficial invasion)", "VALUE:T1b", "VALUE:L" ], [ "250", "Confined to polyp (head, stalk, NOS)\nIntraluminal spread to other segments of small intestine or cecum\n\nConfined to small intestine, NOS\nLocalized, NOS", "VALUE:T1", "VALUE:L" ], [ "300", "Muscularis propria", "VALUE:T2", "VALUE:L" ], [ "400", "Extension through wall, NOS\nSubserosal tissue/(sub)serosal fat invaded\nThrough muscularis propria or muscularis, NOS\nTransmural, NOS \nWall, NOS", "VALUE:T3", "VALUE:L" ], [ "500", "Adjacent (connective) tissue(s), NOS (without serosal penetration)\nFat, NOS\nMesenteric fat\nMesentery (adjacent loops of bowel)\nNonperitonealized perimuscular tissue\nRetroperitoneum", "VALUE:T3", "VALUE:RE" ], [ "600", "Abdominal wall (via serosa)\nAdjacent organ(s)/structure(s)\nMesothelium\nOther loops of small intestine\nOther segments of small intestine (via serosa)\nSerosa\nTunica serosa\nVisceral peritoneum\n\nDuodenum (C170)\n- Ampulla of Vater \n- Blood vessel(s), major\n    + Aorta\n    + Gastroduodenal artery\n    + Portal vein\n    + Renal vein\n    + Superior mesenteric artery or vein\n    + Vena cava\n- Diaphragm\n- Extrahepatic bile duct(s)\n- Gallbladder\n- Hepatic flexure\n- Kidney (right or NOS)\n- Liver (quadrate lobe, right lobe or NOS)\n- Omentum\n- Pancreas (pancreatic duct)\n- Stomach\n- Transverse colon\n- Ureter, right\n\nJejunum and Ileum (C171, C172)\n- Colon including appendix", "VALUE:T4", "VALUE:RE" ], [ "700", "Jejunum and Ileum (C171, C172)\n- Bladder\n- Fallopian tube(s)\n- Ovary(ies)\n- Uterus\n\nFurther contiguous extension", "VALUE:T4", "VALUE:D" ], [ "800", "No evidence of primary tumor", "VALUE:T0", "VALUE:U" ], [ "999", "Unknown; extension not stated\nPrimary tumor cannot be assessed\nNot documented in patient record\n\nDeath Certificate Only", "VALUE:TX", "VALUE:U" ] ]
}