{
  "id" : "extension_bcx",
  "algorithm" : "eod_public",
  "version" : "1.0",
  "name" : "EOD Primary Tumor",
  "title" : "EOD Primary Tumor",
  "footnotes" : "(1) Fritz AG, Ries LAG (eds). **SEER Extent of Disease 1988: Codes and Coding Instructions (3rd Edition, 1998)**, National Cancer Institute, NIH Pub. No. 98-2313, Bethesda, MD, 1998\n\n(2) Young JL Jr, Roffers SD, Ries LAG, Fritz AG, Hurlbut AA (eds.). **SEER Summary Staging Manual-2000: Codes and Coding Instructions**, National Cancer Institute, NIH Pub. No. 01-4969, Bethesda, MD, 2001.\n\n(3) Collaborative Stage Work Group of the American Joint Committee on Cancer. **Collaborative Stage Data Collection System User Documentation and Coding Instructions, version 02.05**. American Joint Committee on Cancer (Chicago, IL)",
  "last_modified" : "2018-03-12T16:39:56.907Z",
  "definition" : [ {
    "key" : "eod_primary_tumor",
    "name" : "Code",
    "type" : "INPUT"
  }, {
    "key" : "description",
    "name" : "Description",
    "type" : "DESCRIPTION"
  }, {
    "key" : "eod_2018_t",
    "name" : "EOD 2018 T",
    "type" : "ENDPOINT"
  }, {
    "key" : "ss2018_t",
    "name" : "SS2018 T",
    "type" : "ENDPOINT"
  } ],
  "rows" : [ [ "000", "In situ: Noninvasive; intraepithelial", "VALUE:88", "VALUE:IS" ], [ "100", "Lamina propria\nMucosa, NOS\nMuscularis propria\nSubmucosa (superficial invasion)\n\nConfined to bile duct, NOS\n\nLocalized, NOS", "VALUE:88", "VALUE:L" ], [ "200", "Ampulla of Vater\nBeyond wall of bile duct\nDuodenum\nGallbladder\n- Unilateral branches of the right or left hepatic artery OR portal vein\n\nLiver, less than or equal to 2 cm or UNKNOWN\nOmentum (greater or lesser)\nPancreas\nPerimuscular connective tissue\nSmall intestine\n\nInvasion of/through serosa", "VALUE:88", "VALUE:RE" ], [ "700", "Abdominal wall\nColon\nCommon hepatic artery\nCystic artery/vein\nHepatic artery, NOS\nLiver greater than 2 cm\nPortal vein or its branches bilaterally\nPortal vein, NOS\nStomach    \n\nFurther contiguous extension", "VALUE:88", "VALUE:D" ], [ "800", "No evidence of primary tumor", "VALUE:88", "VALUE:U" ], [ "999", "Unknown; extension not stated\nPrimary tumor cannot be assessed \nNot documented in patient record\n\nDeath Certificate Only", "VALUE:88", "VALUE:U" ] ]
}