{
  "id" : "extension_bax",
  "algorithm" : "eod_public",
  "version" : "1.0",
  "name" : "EOD Primary Tumor",
  "title" : "EOD Primary Tumor",
  "notes" : "**Note 1:** Involvement of or extension to bone includes any type of tumor extension to the bone, such as erosion, invasion, extension, penetration, or destruction.\n\n**Note 2:** Code 400 for base of skull, NOS when there is no information available for more specific bony structures in the skull.",
  "footnotes" : "(1) Fritz AG, Ries LAG (eds). **SEER Extent of Disease 1988: Codes and Coding Instructions (3rd Edition, 1998)**, National Cancer Institute, NIH Pub. No. 98-2313, Bethesda, MD, 1998\n\n(2) Young JL Jr, Roffers SD, Ries LAG, Fritz AG, Hurlbut AA (eds.). **SEER Summary Staging Manual-2000: Codes and Coding Instructions**, National Cancer Institute, NIH Pub. No. 01-4969, Bethesda, MD, 2001.\n\n(3) Collaborative Stage Work Group of the American Joint Committee on Cancer. **Collaborative Stage Data Collection System User Documentation and Coding Instructions, version 02.05**. American Joint Committee on Cancer (Chicago, IL)\n\n(4) Gress, D.M., Edge, S.B., Gershenwald, J.E., et al. **Principles of Cancer Staging**. In: Amin, M.B., Edge, S.B., Greene, F.L., et al. (Eds.) AJCC Cancer Staging Manual. 8th Ed. New York: Springer; 2017: 3-30\n\n(5) Lydiatt, W.M., Patel, S.G., Shah, J.P., et al.  **Staging Head and Neck Cancers**. In: Amin, M.B., Edge, S.B., Greene, F.L., et al. (Eds.) AJCC Cancer Staging Manual. 8th Ed. New York: Springer; 2017: 55-65\n\n(6) Kraus, D.H., Lydiatt, W.M., Shah, J.P., et al. **Nasal Cavity and Paranasal Sinuses**. In: Amin, M.B., Edge, S.B., Greene, F.L., et al. (Eds.) AJCC Cancer Staging Manual. 8th Ed. New York: Springer; 2017: 137-147",
  "last_modified" : "2018-03-12T16:39:57.851Z",
  "definition" : [ {
    "key" : "eod_primary_tumor",
    "name" : "Code",
    "type" : "INPUT"
  }, {
    "key" : "description",
    "name" : "Description",
    "type" : "DESCRIPTION"
  }, {
    "key" : "eod_2018_t",
    "name" : "EOD 2018 T",
    "type" : "ENDPOINT"
  }, {
    "key" : "ss2018_t",
    "name" : "SS2018 T",
    "type" : "ENDPOINT"
  } ],
  "rows" : [ [ "000", "In situ, intraepithelial, noninvasive", "VALUE:Tis", "VALUE:IS" ], [ "100", "Confined to \n- Mucosa of maxillary sinus (antrum) \n- WITHOUT erosion or destruction of bone\n\nConfined to maxillary sinus, NOS\nLocalized, NOS", "VALUE:T1", "VALUE:L" ], [ "200", "Bone erosion or destruction\nHard palate\nMiddle nasal meatus\nNasal cavity\n- Floor\n- Lateral wall\n- Septum\n- Turbinates\n\nPalatine bone", "VALUE:T2", "VALUE:RE" ], [ "300", "Bone of posterior wall of maxillary sinus\nEthmoid sinuses (anterior, posterior, NOS)\nFloor or medial wall of orbit\nFloor or posterior wall of maxillary sinus\nMaxilla, NOS\nPterygoid fossa\nSubcutaneous tissues", "VALUE:T3", "VALUE:RE" ], [ "400", "Anterior orbital contents\nBase of skull, NOS\nCribriform plate\nFrontal sinus\nInfratemporal fossa\nOrbital contents including eye\nPterygoid plates\nSkin of cheek\nSphenoid sinus", "VALUE:T4a", "VALUE:RE" ], [ "600", "Brain\nClivus\nCranial nerves (other than V2, maxillary division of trigeminal nerve)\nDura\nMiddle cranial fossa\nNasopharynx\nOrbital apex\nPterygomaxillary fossa\nTemporal fossa\nSoft palate", "VALUE:T4b", "VALUE:RE" ], [ "700", "Further contiguous extension", "VALUE:T4b", "VALUE:D" ], [ "800", "No evidence of primary tumor", "VALUE:T0", "VALUE:U" ], [ "999", "Unknown; extension not stated\nPrimary tumor cannot be assessed\nNot documented in patient record\n\nDeath Certificate Only", "VALUE:TX", "VALUE:U" ] ]
}