{
  "id" : "extension_bag",
  "algorithm" : "eod_public",
  "version" : "1.0",
  "name" : "EOD Primary Tumor",
  "title" : "EOD Primary Tumor",
  "notes" : "**Note 1:** The orbital tissues are the support systems of the globe, confined to the space within the surrounding bony structure. The tissues include fat, striated and smooth muscle, fibroconnective, vascular, lymphoid, peripheral nerve, and optic nerve tissue.\n\n**Note 2:** In situ (code 000) may be used only for non-sarcoma histologies coded to this site. Sarcomas do not present as in situ or noninvasive tumors.",
  "footnotes" : "(1) Fritz AG, Ries LAG (eds). **SEER Extent of Disease 1988: Codes and Coding Instructions (3rd Edition, 1998)**, National Cancer Institute, NIH Pub. No. 98-2313, Bethesda, MD, 1998\n\n(2) Young JL Jr, Roffers SD, Ries LAG, Fritz AG, Hurlbut AA (eds.). **SEER Summary Staging Manual-2000: Codes and Coding Instructions**, National Cancer Institute, NIH Pub. No. 01-4969, Bethesda, MD, 2001.\n\n(3) Collaborative Stage Work Group of the American Joint Committee on Cancer. **Collaborative Stage Data Collection System User Documentation and Coding Instructions, version 02.05**. American Joint Committee on Cancer (Chicago, IL)\n\n(4) Gress, D.M., Edge, S.B., Gershenwald, J.E., et al. **Principles of Cancer Staging**. In: Amin, M.B., Edge, S.B., Greene, F.L., et al. (Eds.) AJCC Cancer Staging Manual. 8th Ed. New York: Springer; 2017: 3-30\n\n(5) Dutton, J.J., Finger, P.T., et al. **Orbital Sarcoma**. In: Amin, M.B., Edge, S.B., Greene, F.L., et al. (Eds.) AJCC Cancer Staging Manual. 8th Ed. New York: Springer; 2017: 841-848",
  "last_modified" : "2018-03-12T16:39:58.705Z",
  "definition" : [ {
    "key" : "eod_primary_tumor",
    "name" : "Code",
    "type" : "INPUT"
  }, {
    "key" : "description",
    "name" : "Description",
    "type" : "DESCRIPTION"
  }, {
    "key" : "eod_2018_t",
    "name" : "EOD 2018 T",
    "type" : "ENDPOINT"
  }, {
    "key" : "ss2018_t",
    "name" : "SS2018 T",
    "type" : "ENDPOINT"
  } ],
  "rows" : [ [ "000", "In situ: Noninvasive; intraepithelial", "VALUE:88", "VALUE:IS" ], [ "100", "Any size tumor confined to orbit\n- No invasion of bony walls or globe\n- Confined to orbit (including soft tissues)\n- Localized, NOS", "JUMP:tumor_size_with_primary_tumor_for_ajcc_t_17589", "VALUE:L" ], [ "300", "Invasion of\n- Bony walls\n- Orbital tissues (excluding orbit primary site)\n\nDiffuse invasion of orbital tissue and bony walls", "VALUE:T3", "VALUE:RE" ], [ "400", "Invasion of globe or periorbital structures, including:\n- Adjacent paranasal sinuses\n- Conjunctiva\n- Cranium\n- Globe", "VALUE:T4", "VALUE:RE" ], [ "700", "Central nervous system\nEyelids\nNasal cavity\nTemporal fossa\n\nFurther contiguous extension", "VALUE:T4", "VALUE:D" ], [ "800", "No evidence of primary tumor", "VALUE:T0", "VALUE:U" ], [ "999", "Unknown; extension not stated\nPrimary tumor cannot be assessed\nNot documented in patient record\n\nDeath Certificate Only", "VALUE:TX", "VALUE:U" ] ]
}