{
  "id" : "extension_bbd",
  "algorithm" : "eod_public",
  "version" : "1.0",
  "name" : "EOD Primary Tumor",
  "title" : "EOD Primary Tumor",
  "footnotes" : "(1) Fritz AG, Ries LAG (eds). **SEER Extent of Disease 1988: Codes and Coding Instructions (3rd Edition, 1998)**, National Cancer Institute, NIH Pub. No. 98-2313, Bethesda, MD, 1998\n\n(2) Young JL Jr, Roffers SD, Ries LAG, Fritz AG, Hurlbut AA (eds.). **SEER Summary Staging Manual-2000: Codes and Coding Instructions**, National Cancer Institute, NIH Pub. No. 01-4969, Bethesda, MD, 2001.\n\n(3) Collaborative Stage Work Group of the American Joint Committee on Cancer. **Collaborative Stage Data Collection System User Documentation and Coding Instructions, version 02.05**. American Joint Committee on Cancer (Chicago, IL)\n\n(4) Gress, D.M., Edge, S.B., Gershenwald, J.E., et al. **Principles of Cancer Staging**. In: Amin, M.B., Edge, S.B., Greene, F.L., et al. (Eds.) AJCC Cancer Staging Manual. 8th Ed. New York: Springer; 2017: 3-30\n\n(5) Zhu, A.X., Pawlik, T.M., Vauthey, J.N., et al. **Gallbladder**. In: Amin, M.B., Edge, S.B., Greene, F.L., et al. (Eds.) AJCC Cancer Staging Manual. 8th Ed. New York: Springer; 2017: 303-309",
  "last_modified" : "2018-03-12T16:39:58.615Z",
  "definition" : [ {
    "key" : "eod_primary_tumor",
    "name" : "Code",
    "type" : "INPUT"
  }, {
    "key" : "description",
    "name" : "Description",
    "type" : "DESCRIPTION"
  }, {
    "key" : "eod_2018_t",
    "name" : "EOD 2018 T",
    "type" : "ENDPOINT"
  }, {
    "key" : "ss2018_t",
    "name" : "SS2018 T",
    "type" : "ENDPOINT"
  } ],
  "rows" : [ [ "000", "In situ, intraepithelial, noninvasive", "VALUE:Tis", "VALUE:IS" ], [ "100", "Invasive tumor confined to\n- Lamina propria\n- Mucosa, NOS\n- Submucosa (superficial invasion)", "VALUE:T1a", "VALUE:L" ], [ "200", "Muscularis propria (layer)", "VALUE:T1b", "VALUE:L" ], [ "300", "Confined to gallbladder, NOS\n\nLocalized, NOS", "VALUE:T1", "VALUE:L" ], [ "400", "Perimuscular connective tissue (peritoneal side)\n- WITHOUT involvement of serosa (visceral peritoneum)\n\nPeritoneal side of gallbladder", "VALUE:T2a", "VALUE:RE" ], [ "450", "Perimuscular connective tissue (hepatic side)\n- WITH no extension into liver\n\nHepatic side of gallbladder", "VALUE:T2b", "VALUE:RE" ], [ "500", "Perimuscular tissue, NOS\n- UNKNOWN if liver involved", "VALUE:T2", "VALUE:RE" ], [ "550", "Ampulla of Vater\nBranch(es) of hepatic artery (right or left)   \nBranch(es) of portal vein (right or left)\nDuodenum\nExtrahepatic bile duct(s)\nLiver, less than or equal to 2 cm OR distance not stated\nOmentum (greater, lesser, NOS)\nPancreas\nSerosa (visceral peritoneum)\nSmall intestine, NOS", "VALUE:T3", "VALUE:RE" ], [ "600", "Abdominal wall\nColon\nCystic artery/vein\nDiaphragm\nLiver, greater than 2 cm\nStomach", "VALUE:T3", "VALUE:D" ], [ "700", "Hepatic artery (common, NOS)\nPortal vein (main, NOS)\n\nTwo or more extrahepatic organs or structures\n\nFurther contiguous extension", "VALUE:T4", "VALUE:D" ], [ "800", "No evidence of primary tumor", "VALUE:T0", "VALUE:U" ], [ "999", "Unknown; extension not stated\nPrimary tumor cannot be assessed \nNot documented in patient record\n\nDeath Certificate Only", "VALUE:TX", "VALUE:U" ] ]
}