{
  "id" : "extension_bbl",
  "algorithm" : "eod_public",
  "version" : "1.0",
  "name" : "EOD Primary Tumor",
  "title" : "EOD Primary Tumor",
  "notes" : "**Note:** When both the Federation Internationale de Gynecologie et d'Obstetrique (FIGO) stage and extension information on the primary tumor are available, use the extension information to code primary tumor in preference to a statement of FIGO stage.",
  "footnotes" : "(1) Fritz AG, Ries LAG (eds). **SEER Extent of Disease 1988: Codes and Coding Instructions (3rd Edition, 1998)**, National Cancer Institute, NIH Pub. No. 98-2313, Bethesda, MD, 1998\n\n(2) Young JL Jr, Roffers SD, Ries LAG, Fritz AG, Hurlbut AA (eds.). **SEER Summary Staging Manual-2000: Codes and Coding Instructions**, National Cancer Institute, NIH Pub. No. 01-4969, Bethesda, MD, 2001.\n\n(3) Collaborative Stage Work Group of the American Joint Committee on Cancer. **Collaborative Stage Data Collection System User Documentation and Coding Instructions, version 02.05.** American Joint Committee on Cancer (Chicago, IL)\n\n(4) Gress, D.M., Edge, S.B., Gershenwald, J.E., et al. **Principles of Cancer Staging.** In: Amin, M.B., Edge, S.B., Greene, F.L., et al. (Eds.) AJCC Cancer Staging Manual. 8th Ed. New York: Springer; 2017: 3-30\n\n(5) **Introduction to Female Reproductive Organs**. In: Amin, M.B., Edge, S.B., Greene, F.L., et al. (Eds.) AJCC Cancer Staging Manual. 8th Ed. New York: Springer; 2017: 631\n\n(6) Powell, M.A., Olawaiye, A.B., Mutch, D.G., et al. **Corpus Uteri – Carcinoma and Carcinosarcoma**. In: Amin, M.B., Edge, S.B., Greene, F.L., et al. (Eds.) AJCC Cancer Staging Manual. 8th Ed. New York: Springer; 2017: 661-669",
  "last_modified" : "2018-03-12T16:39:56.945Z",
  "definition" : [ {
    "key" : "eod_primary_tumor",
    "name" : "Code",
    "type" : "INPUT"
  }, {
    "key" : "description",
    "name" : "Description",
    "type" : "DESCRIPTION"
  }, {
    "key" : "eod_2018_t",
    "name" : "EOD 2018 T",
    "type" : "ENDPOINT"
  }, {
    "key" : "ss2018_t",
    "name" : "SS2018 T",
    "type" : "ENDPOINT"
  } ],
  "rows" : [ [ "000", "In situ, intraepithelial, noninvasive, preinvasive", "VALUE:88", "VALUE:IS" ], [ "100", "Confined to endometrium (stroma)\n\nInvasion of inner half of myometrium\n\nFIGO Stage IA", "VALUE:T1a", "JUMP:peritoneal_cytology_with_primary_tumor_for_ss2018_t_66387" ], [ "150", "Code 100 + Endocervical glandular involvement", "VALUE:T1a", "VALUE:RE" ], [ "200", "Invasion of outer half of myometrium \n\nFIGO Stage IB", "VALUE:T1b", "JUMP:peritoneal_cytology_with_primary_tumor_for_ss2018_t_66387" ], [ "250", "Code 200 + Endocervical glandular involvement", "VALUE:T1b", "VALUE:RE" ], [ "300", "Invasion of myometrium, NOS\nInvasive cancer confined to corpus uteri\nLocalized, NOS\n\nFIGO Stage I [NOS]", "VALUE:T1", "JUMP:peritoneal_cytology_with_primary_tumor_for_ss2018_t_66387" ], [ "400", "Code 300 + Endocervical glandular involvement", "VALUE:T1", "VALUE:RE" ], [ "500", "Cervical stroma invasion\nCervix uteri, NOS\n\nTumor invading the stromal connective tissue of the cervix but not extending beyond the uterus\n\nFIGO Stage II", "VALUE:T2", "VALUE:RE" ], [ "550", "Adnexa (direct extension or metastasis)\n- Fallopian tube(s)\n- Ovary(ies)\n\nSerosa, NOS\nTunica serosa (visceral peritoneum of corpus, serosa covering the corpus) \nTunica serosa of corpus\n\nFIGO Stage IIIA", "VALUE:T3a", "VALUE:RE" ], [ "600", "Bladder, NOS (excluding mucosa)\nLigaments (broad, round, uterosacral)\nParametrium, NOS\nParietal serosa of pelvic wall\nPelvic wall(s)\nRectal wall\nRectum, NOS excluding mucosa\nUreter\nVagina (direct extension or metastasis) \nVisceral peritoneum of pelvic organs excluding serosa of corpus\nVulva\n\nDescribed clinically as \"frozen pelvis\", NOS\n\nFIGO Stage IIIB", "VALUE:T3b", "VALUE:RE" ], [ "650", "FIGO Stage III [NOS]", "VALUE:T3", "VALUE:RE" ], [ "700", "Abdominal serosa (visceral or parietal peritoneum of abdomen)\nBladder mucosa (excluding bullous edema)\nBowel mucosal\nCul de sac (rectouterine pouch or Pouch of Douglas)\nSigmoid colon\nSmall intestine\n\nFurther contiguous extension\n\nFIGO Stage IVA", "VALUE:T4", "VALUE:D" ], [ "750", "FIGO Stage IV [NOS]", "VALUE:T4", "VALUE:D" ], [ "800", "No evidence of primary tumor", "VALUE:T0", "VALUE:U" ], [ "999", "Unknown; extension not stated\nPrimary tumor cannot be assessed\nNot documented in patient record\n\nDeath Certificate Only", "VALUE:TX", "VALUE:U" ] ]
}