{
  "id" : "extension_bcb",
  "algorithm" : "eod_public",
  "version" : "1.0",
  "name" : "EOD Primary Tumor",
  "title" : "EOD Primary Tumor",
  "notes" : "**Note 1:** The two main types of bladder cancer are the flat (sessile) variety and the papillary type. The flat (sessile) variety is called in situ when tumor has not penetrated the basement membrane. Papillary tumor that has not penetrated the basement membrane is called noninvasive.\n\n**Note 2:**  Noninvasive papillary transitional carcinoma: Pathologists use many different descriptive terms for noninvasive papillary transitional cell carcinoma. Frequently, the pathology report does not contain a definite statement of non-invasion; however, non-invasion can be inferred from the microscopic description.  \n\n    A.  Definite statements of non-invasion for papillary transitional cell carcinomas (Ta) include\n         Noninfiltrating\n         Noninvasive\n         No evidence of invasion\n         No extension into lamina propria\n         No stromal invasion\n         No extension into underlying supporting tissue\n         Negative lamina propria and superficial muscle\n         Negative muscle and (subepithelial) connective tissue\n         No infiltrative behavior/component\n    B. Inferred descriptions of non-invasion for papillary transitional cell carcinomas include\n         No involvement of muscularis propria and no mention of subepithelium/submucosa\n         No statement of invasion (microscopic description present)\n         (Underlying) Tissue insufficient to judge depth of invasion\n         No invasion of bladder wall\n         No involvement of muscularis propria\n         Benign deeper tissue\n         Microscopic description problematic (non-invasion versus superficial invasion)\n         Frond surfaced by transitional cell\n         No mural infiltration\n         No evidence of invasion (no sampled stroma)\n         Confined to mucosa \n\n**Note 3:**  Noninvasive (in situ) flat transitional cell carcinoma:  Careful attention must be given to the use of the term \"confined to mucosa\" for flat bladder carcinomas. Historically, carcinomas described as \"confined to mucosa\" were coded as localized. However, pathologists use this designation for non-invasion as well.  Pathologists also vary in their use of the terms \"invasion of mucosa, grade 1\" and \"invasion of mucosa, grade 2\" to distinguish between noninvasive and invasive carcinomas.  In order to accurately code tumors described as \"confined to mucosa\", abstractors should determine  \n* If the tumor is confined to the epithelium:  then it is noninvasive (IS). \n * If the tumor has penetrated the basement membrane to invade the lamina propria:  then it is invasive and coded to 100 for localized. The lamina propria and submucosa tend to merge when there is no muscularis mucosa, so these terms may be used interchangeably, along with stroma and subepithelial connective tissue. \n* If the distinction between involvement of the epithelium and lamina propria cannot be made, then the tumor should be coded as \"confined to mucosa, NOS\" (IS).\n* Statements meaning confined to mucosa, NOS for flat transitional cell carcinomas include\n          * Confined to mucosal surface\n          * Limited to mucosa, no invasion of submucosa and muscularis\n          * No infiltration/invasion of fibromuscular and muscular stroma\n          * Superficial, NOS\n\n**Note 4:**  In case of multifocal noninvasive, code 000.\n\n**Note 5:**  Code 300 if the only description of extension is through full thickness of bladder wall, and there is no clear statement as to whether or not the cancer has extended into fat. \n\n**Note 6:**  An associated in situ component of tumor extending into the prostatic ducts, prostatic glands, or ureter without invasion is disregarded in staging classification.  Assign the code that best describes depth of bladder wall invasion. \n\n**Note 7:**  Direct invasion of the distal ureter is classified by the depth of greatest invasion in the bladder or ureter.  Code 100 if the distal ureter is defined as below the iliac vessel, within the pelvic brim is involved. \n\n**Note 8:**  Code 130 when there is extension from the bladder into the subepithelial tissue of prostatic urethra.",
  "footnotes" : "(1) Fritz AG, Ries LAG (eds). **SEER Extent of Disease 1988: Codes and Coding Instructions (3rd Edition, 1998)**, National Cancer Institute, NIH Pub. No. 98-2313, Bethesda, MD, 1998\n\n(2) Young JL Jr, Roffers SD, Ries LAG, Fritz AG, Hurlbut AA (eds.). **SEER Summary Staging Manual-2000: Codes and Coding Instructions**, National Cancer Institute, NIH Pub. No. 01-4969, Bethesda, MD, 2001.\n\n(3) Collaborative Stage Work Group of the American Joint Committee on Cancer. **Collaborative Stage Data Collection System User Documentation and Coding Instructions, version 02.05**. American Joint Committee on Cancer (Chicago, IL)\n\n(4) Gress, D.M., Edge, S.B., Gershenwald, J.E., et al. **Principles of Cancer Staging**. In: Amin, M.B., Edge, S.B., Greene, F.L., et al. (Eds.) AJCC Cancer Staging Manual. 8th Ed. New York: Springer; 2017: 3-30\n\n(5) Bochner, B.H., Hansel, D.E., Stadler, W.M., et al. **Urinary Bladder**. In: Amin, M.B., Edge, S.B., Greene, F.L., et al. (Eds.) AJCC Cancer Staging Manual. 8th Ed. New York: Springer; 2017: 757-765",
  "last_modified" : "2018-03-12T16:39:56.726Z",
  "definition" : [ {
    "key" : "eod_primary_tumor",
    "name" : "Code",
    "type" : "INPUT"
  }, {
    "key" : "description",
    "name" : "Description",
    "type" : "DESCRIPTION"
  }, {
    "key" : "eod_2018_t",
    "name" : "EOD 2018 T",
    "type" : "ENDPOINT"
  }, {
    "key" : "ss2018_t",
    "name" : "SS2018 T",
    "type" : "ENDPOINT"
  } ],
  "rows" : [ [ "000", "Papillary\n- Non-infiltrating\n- Transitional cell carcinoma, stated to be non-invasive\n- Transitional cell carcinoma, with inferred description of non-invasion", "VALUE:Ta", "VALUE:IS" ], [ "050", "Nonpapillary\n- Carcinoma in situ, NOS \n- Sessile (flat) (solid) carcinoma in situ   \n- Transitional cell carcinoma in situ", "VALUE:Tis", "VALUE:IS" ], [ "100", "Confined to mucosa, NOS", "VALUE:Tis", "VALUE:L" ], [ "130", "Lamina propria\nStroma\nSubepithelial connective tissue \nSubmucosa\nTunica propria", "VALUE:T1", "VALUE:L" ], [ "150", "Localized, NOS", "VALUE:T1", "VALUE:L" ], [ "170", "Extension to distal ureter\n- Subepithelial connective tissue of bladder and/or distal ureter", "VALUE:T1", "VALUE:RE" ], [ "200", "Muscle (muscularis propria) of bladder only\nSuperficial muscle - inner half", "VALUE:T2a", "VALUE:L" ], [ "250", "Extension to distal ureter\n- Superficial muscle of bladder and/or distal ureter", "VALUE:T2a", "VALUE:RE" ], [ "300", "Muscle (muscularis propria) of bladder only\n- Deep muscle--outer half\n\nExtension through full thickness of bladder wall \nBUT still contained within bladder wall", "VALUE:T2b", "VALUE:L" ], [ "350", "Extension to distal ureter\n- Deep muscle or extension through wall of bladder and/or distal ureter", "VALUE:T2b", "VALUE:RE" ], [ "370", "Muscle (muscularis propria) invaded, NOS of bladder only", "VALUE:T2", "VALUE:L" ], [ "400", "Extension to distal ureter\n- Muscle (muscularis propria) invaded, NOS of bladder and/or distal ureter", "VALUE:T2", "VALUE:RE" ], [ "450", "Extension to perivesical fat/tissues (MICROSCOPIC) including\n- Adventitia\n - Distal periureteral tissue\n - Periprostatic tissue\n - Peritoneum\n - Serosa (mesothelium) (to/through)\n - Tunica serosa (to/through)", "VALUE:T3a", "VALUE:RE" ], [ "500", "Extravesical mass\n\nExtension to perivesical fat/tissues (MACROSCOPIC) including\n- Adventitia\n- Distal periureteral tissue\n- Periprostatic tissue\n- Peritoneum\n- Serosa (mesothelium) (to/through)\n- Tunica serosa (to/through)", "VALUE:T3b", "VALUE:RE" ], [ "550", "Extension to perivesical fat/tissues, NOS, including\n- Adventitia\n- Distal periureteral tissue\n- Periprostatic tissue\n- Peritoneum\n- Serosa (mesothelium) (to/through)\n- Tunica serosa (to/through)", "VALUE:T3", "VALUE:RE" ], [ "600", "Extravesical tumor with extension to\n- Parametrium\n- Prostate, NOS \n- Prostatic stroma\n- Rectovesical/Denonvilliers' fascia\n- Seminal vesicle\n- Ureter (excluding distal ureter)\n- Urethra (including prostatic urethra) \n- Uterus\n- Vagina\n- Vas deferens", "VALUE:T4a", "VALUE:RE" ], [ "650", "Extravesical tumor with extension to\n- Large intestine \n- Rectum (male)\n- Small intestine", "VALUE:T4a", "VALUE:D" ], [ "700", "Bladder is \"fixed\"", "VALUE:T4b", "VALUE:RE" ], [ "720", "Extravesical tumor with extension to\n- Abdominal wall\n- Bone\n- Colon\n- Pelvic wall\n- Pubic bone\n- Rectum (female)\n\nFurther contiguous extension", "VALUE:T4b", "VALUE:D" ], [ "750", "Extravesical tumor, NOS", "VALUE:T4", "VALUE:RE" ], [ "800", "No evidence of primary tumor", "VALUE:T0", "VALUE:U" ], [ "999", "Unknown;  extension not stated\nPrimary tumor cannot be assessed\nNot documented in patient record\n\nDeath Certificate Only", "VALUE:TX", "VALUE:U" ] ]
}