{
  "id" : "extension_bbn",
  "algorithm" : "eod_public",
  "version" : "1.0",
  "name" : "EOD Primary Tumor",
  "title" : "EOD Primary Tumor",
  "notes" : "**Note 1:** In case of multifocal non-invasive and in situ tumors, code 050.\n\n**Note 2:** Tumor involving both renal pelvis and ureter (unifocal or multifocal) is classified by the depth of greatest invasion in either organ. \n\n**Note 3:** Direct invasion of the bladder by a ureteral tumor is classified by the depth of greatest invasion of the bladder or ureter.",
  "footnotes" : "(1) Fritz AG, Ries LAG (eds). **SEER Extent of Disease 1988: Codes and Coding Instructions (3rd Edition, 1998)**, National Cancer Institute, NIH Pub. No. 98-2313, Bethesda, MD, 1998\n\n(2) Young JL Jr, Roffers SD, Ries LAG, Fritz AG, Hurlbut AA (eds.). **SEER Summary Staging Manual-2000: Codes and Coding Instructions**, National Cancer Institute, NIH Pub. No. 01-4969, Bethesda, MD, 2001.\n\n(3) Collaborative Stage Work Group of the American Joint Committee on Cancer. **Collaborative Stage Data Collection System User Documentation and Coding Instructions, version 02.05**. American Joint Committee on Cancer (Chicago, IL)\n\n(4) Gress, D.M., Edge, S.B., Gershenwald, J.E., et al. **Principles of Cancer Staging**. In: Amin, M.B., Edge, S.B., Greene, F.L., et al. (Eds.) AJCC Cancer Staging Manual. 8th Ed. New York: Springer; 2017: 3-30\n\n(5) McKiernan, J.M., Hansel, D.E., Stadler, W.M., et al. **Renal Pelvis and Ureter**. In: Amin, M.B., Edge, S.B., Greene, F.L., et al. (Eds.) AJCC Cancer Staging Manual. 8th Ed. New York: Springer; 2017: 749-755",
  "last_modified" : "2018-03-12T16:39:58.581Z",
  "definition" : [ {
    "key" : "eod_primary_tumor",
    "name" : "Code",
    "type" : "INPUT"
  }, {
    "key" : "description",
    "name" : "Description",
    "type" : "DESCRIPTION"
  }, {
    "key" : "eod_2018_t",
    "name" : "EOD 2018 T",
    "type" : "ENDPOINT"
  }, {
    "key" : "ss2018_t",
    "name" : "SS2018 T",
    "type" : "ENDPOINT"
  } ],
  "rows" : [ [ "000", "Noninvasive papillary carcinoma", "VALUE:Ta", "VALUE:IS" ], [ "050", "In situ, intraepithelial, noninvasive (flat, sessile)", "VALUE:Tis", "VALUE:IS" ], [ "100", "Subepithelial connective tissue (lamina propria, submucosa) of renal pelvis only OR\n\nSubepithelial connective tissue (lamina propria, submucosa) of ureter only\n\nConfined to renal pelvis, NOS\nConfined to ureter, NOS\n\nLocalized, NOS", "VALUE:T1", "VALUE:L" ], [ "200", "Renal pelvis and ureter (unifocal or multifocal)\n- Subepithelial connective tissue\n    + Renal pelvis from ureter\n    + Ureter from renal pelvis\n    + Distal ureter from proximal ureter\n\nExtension to bladder from ureter\n- Subepithelial connective tissue of distal ureter and/or bladder", "VALUE:T1", "VALUE:RE" ], [ "300", "Muscularis of renal pelvis only OR\n\nMuscularis of ureter only", "VALUE:T2", "VALUE:L" ], [ "400", "Code 200 + 300\n\nRenal pelvis and ureter (unifocal or multifocal)\n- Muscularis\n    + Distal ureter from proximal ureter \n    + Renal pelvis from ureter\n    + Ureter from renal pelvis\n\nExtension to bladder from ureter\n- Muscularis of distal ureter and/or bladder", "VALUE:T2", "VALUE:RE" ], [ "500", "Invasion beyond muscularis into\n- Peripelvic fat (renal pelvis)\n- Periureteric fat (ureter)\n- Retroperitoneal soft/connective tissue\n\nFor renal pelvis only\n- Ipsilateral kidney parenchyma and kidney, NOS", "VALUE:T3", "VALUE:RE" ], [ "600", "Duodenum (from right renal pelvis or right ureter)\nIpsilateral adrenal (suprarenal) gland  \nMajor blood vessel(s)\n- Aorta\n- Renal artery/vein\n- Vena cava (inferior)\n\nPsoas muscle (ureter)\nTumor thrombus in a renal vein, NOS", "VALUE:T4", "VALUE:RE" ], [ "700", "Ascending colon (from right renal pelvis or right ureter)\nBladder (wall or mucosa) from renal pelvis\nColon, NOS\nDescending colon (from right renal pelvis or right ureter)\nIpsilateral kidney parenchyma from ureter\nLiver (from right renal pelvis or right ureter)\nPancreas\nPerirenal (perinephric) fat (via kidney)\nProstate (ureter)\nUterus (ureter)\nSpleen (from left renal pelvis or left ureter)\n\nFurther contiguous extension", "VALUE:T4", "VALUE:D" ], [ "800", "No evidence of primary tumor", "VALUE:T0", "VALUE:U" ], [ "999", "Unknown; extension not stated\nPrimary tumor cannot be assessed\nNot documented in patient record\n\nDeath Certificate Only", "VALUE:TX", "VALUE:U" ] ]
}