{
  "id" : "extension_bft",
  "algorithm" : "eod_public",
  "version" : "1.0",
  "name" : "EOD Primary Tumor",
  "title" : "EOD Primary Tumor",
  "notes" : "**Note 1:** The biliary radicals are the ducts or tubes that drain bile into the intestine as part of the digestive process. The second-order biliary radicals are the next largest branches or ducts of the biliary system which join to form or empty into the main hepatic bile duct.\n\n**Note 2:** Codes 400 and 500 are defined strictly in terms of invasion into specific large blood vessels and the biliary radicals within the liver. Code 500 when the specified vessels and/or the biliary radical within the liver plus other named organs are involved. \n\n**Note 3:** Involvement within the porta hepatis is coded according to the structures involved: portal vein, common hepatic artery, and common hepatic duct.",
  "footnotes" : "(1) Fritz AG, Ries LAG (eds). **SEER Extent of Disease 1988: Codes and Coding Instructions (3rd Edition, 1998)**, National Cancer Institute, NIH Pub. No. 98-2313, Bethesda, MD, 1998\n\n(2) Young JL Jr, Roffers SD, Ries LAG, Fritz AG, Hurlbut AA (eds.). **SEER Summary Staging Manual-2000: Codes and Coding Instructions**, National Cancer Institute, NIH Pub. No. 01-4969, Bethesda, MD, 2001.\n\n(3) Collaborative Stage Work Group of the American Joint Committee on Cancer. **Collaborative Stage Data Collection System User Documentation and Coding Instructions, version 02.05**. American Joint Committee on Cancer (Chicago, IL)\n\n(4) Gress, D.M., Edge, S.B., Gershenwald, J.E., et al. **Principles of Cancer Staging**. In: Amin, M.B., Edge, S.B., Greene, F.L., et al. (Eds.) AJCC Cancer Staging Manual. 8th Ed. New York: Springer; 2017: 3-30\n\n(5) Nagorney, D.M., Pawlik, T.M., Vauthey, J.N., et al. **Perihilar Bile Ducts**. In: Amin, M.B., Edge, S.B., Greene, F.L., et al. (Eds.) AJCC Cancer Staging Manual. 8th Ed. New York: Springer; 2017: 311-316",
  "last_modified" : "2018-03-12T16:39:58.620Z",
  "definition" : [ {
    "key" : "eod_primary_tumor",
    "name" : "Code",
    "type" : "INPUT"
  }, {
    "key" : "description",
    "name" : "Description",
    "type" : "DESCRIPTION"
  }, {
    "key" : "eod_2018_t",
    "name" : "EOD 2018 T",
    "type" : "ENDPOINT"
  }, {
    "key" : "ss2018_t",
    "name" : "SS2018 T",
    "type" : "ENDPOINT"
  } ],
  "rows" : [ [ "000", "In situ, intraepithelial, noninvasive\nHigh-grade biliary intraepithelial neoplasia (BilIn-3)", "VALUE:Tis", "VALUE:IS" ], [ "100", "Invasive tumor of perihilar (proximal) bile duct(s) confined to\n- Lamina propria\n- Mucosa, NOS \n- Muscle layer of fibrous tissue\n- Muscularis propria\n- Subepithelial connective tissue (tunica mucosa)\n- Submucosa (superficial invasion)\n\nConfined to perihilar bile duct, NOS\nLocalized, NOS", "VALUE:T1", "VALUE:L" ], [ "200", "Adipose tissue\nAdjacent (connective) tissue, NOS\nBeyond wall of bile duct\nPeriductal/fibromuscular connective tissue", "VALUE:T2a", "VALUE:RE" ], [ "250", "Adjacent hepatic parenchyma\nLiver", "VALUE:T2b", "VALUE:RE" ], [ "300", "Colon\nDuodenum\nGallbladder\nOmentum (greater, lesser, NOS)\nPancreas\nStomach", "VALUE:TX", "VALUE:RE" ], [ "400", "Unilateral branches of hepatic artery (right or left)\nUnilateral branches of portal vein (right or left)", "VALUE:T3", "VALUE:RE" ], [ "500", "Hepatic artery (common, NOS)\nMain portal vein or its branches bilaterally\nPortal vein, NOS\nSecond-order biliary radicals bilaterally\nUnilateral second-order biliary radicals with contralateral portal vein or hepatic artery involvement", "VALUE:T4", "VALUE:RE" ], [ "600", "Abdominal wall", "VALUE:TX", "VALUE:D" ], [ "700", "Further contiguous extension", "VALUE:T4", "VALUE:D" ], [ "800", "No evidence of primary tumor", "VALUE:T0", "VALUE:U" ], [ "999", "Unknown; extension not stated\nPrimary tumor cannot be assessed\nNot documented in patient record\n\nDeath Certificate Only", "VALUE:TX", "VALUE:U" ] ]
}