{
  "id" : "extension_bdu",
  "algorithm" : "eod_public",
  "version" : "1.0",
  "name" : "EOD Primary Tumor",
  "title" : "EOD Primary Tumor",
  "footnotes" : "(1) Fritz AG, Ries LAG (eds). **SEER Extent of Disease 1988: Codes and Coding Instructions (3rd Edition, 1998)**, National Cancer Institute, NIH Pub. No. 98-2313, Bethesda, MD, 1998\n\n(2) Young JL Jr, Roffers SD, Ries LAG, Fritz AG, Hurlbut AA (eds.). **SEER Summary Staging Manual-2000: Codes and Coding Instructions**, National Cancer Institute, NIH Pub. No. 01-4969, Bethesda, MD, 2001.\n\n(3) Collaborative Stage Work Group of the American Joint Committee on Cancer. **Collaborative Stage Data Collection System User Documentation and Coding Instructions, version 02.05**. American Joint Committee on Cancer (Chicago, IL)\n\n(4) Gress, D.M., Edge, S.B., Gershenwald, J.E., et al. **Principles of Cancer Staging**. In: Amin, M.B., Edge, S.B., Greene, F.L., et al. (Eds.) AJCC Cancer Staging Manual. 8th Ed. New York: Springer; 2017: 3-30\n\n(5) Woltering, E.A., Bergsland, E.K., et al. **Neuroendocrine Tumors of the Appendix**. In: Amin, M.B., Edge, S.B., Greene, F.L., et al. (Eds.) AJCC Cancer Staging Manual. 8th Ed. New York: Springer; 2017: 389-394",
  "last_modified" : "2018-03-12T16:39:56.685Z",
  "definition" : [ {
    "key" : "eod_primary_tumor",
    "name" : "Code",
    "type" : "INPUT"
  }, {
    "key" : "description",
    "name" : "Description",
    "type" : "DESCRIPTION"
  }, {
    "key" : "eod_2018_t",
    "name" : "EOD 2018 T",
    "type" : "ENDPOINT"
  }, {
    "key" : "ss2018_t",
    "name" : "SS2018 T",
    "type" : "ENDPOINT"
  } ],
  "rows" : [ [ "000", "In situ, intraepithelial,  noninvasive\n(Adeno)carcinoma, noninvasive, in a polyp or adenoma", "VALUE:88", "VALUE:IS" ], [ "100", "Any size tumor\n\nInvasive tumor confined to (including polyp [head, stalk, NOS])\n- Lamina propria\n- Mucosa (intramucosal, NOS)\n- Muscularis mucosae\n- Submucosa\n\nInvasion through\n- Muscularis propria or muscularis, NOS  \n- Non-peritonealized pericolic tissues\n- Perimuscular tissue\n- Transmural, NOS\n- Wall, NOS\n\nExtension to\n- Cecum\n\nConfined to appendix, NOS\nConfined to muscular wall\nPolyp, NOS\n\nLocalized, NOS", "JUMP:tumor_size_with_primary_tumor_for_ajcc_t_48691", "VALUE:L" ], [ "200", "Any size tumor with extension to\n- Adjacent tissue(s), NOS\n- Connective tissue\n- Fat, NOS\n- Ileum\n- Mesenteric fat\n- Mesentery \n- Mesoappendix\n- Mesocolon\n- Pericolic fat\n- Subserosa", "JUMP:tumor_size_with_primary_tumor_for_ajcc_t_48691", "VALUE:RE" ], [ "300", "Abdominal wall\nAdherent to other organs or structures, NOS\nGreater omentum\nRetroperitoneum (excluding fat)\nSmall intestine", "VALUE:T4", "VALUE:RE" ], [ "700", "Adrenal (suprarenal) gland\nBladder\nDiaphragm\nFallopian tube\nFistula to skin\nGallbladder\nKidney\nLiver\nOther segment(s) of colon/rectum via serosa\nOvary\nUreter\nUterus\n\nFurther contiguous extension", "VALUE:T4", "VALUE:D" ], [ "800", "No evidence of primary tumor", "VALUE:T0", "VALUE:U" ], [ "999", "Unknown; extension not stated\nPrimary tumor cannot be assessed\nNot documented in patient record\n\nDeath Certificate Only", "VALUE:TX", "VALUE:U" ] ]
}