{
  "id" : "extension_bbk",
  "algorithm" : "eod_public",
  "version" : "1.0",
  "name" : "EOD Primary Tumor",
  "title" : "EOD Primary Tumor",
  "notes" : "**Note:** When both the Federation Internationale de Gynecologie et d'Obstetrique (FIGO) stage and extension information on the primary tumor are available, use the extension information to code primary tumor in preference to a statement of FIGO stage.",
  "footnotes" : "(1) Fritz AG, Ries LAG (eds). **SEER Extent of Disease 1988: Codes and Coding Instructions (3rd Edition, 1998)**, National Cancer Institute, NIH Pub. No. 98-2313, Bethesda, MD, 1998\n\n(2) Young JL Jr, Roffers SD, Ries LAG, Fritz AG, Hurlbut AA (eds.). **SEER Summary Staging Manual-2000: Codes and Coding Instructions**, National Cancer Institute, NIH Pub. No. 01-4969, Bethesda, MD, 2001.\n\n(3) Collaborative Stage Work Group of the American Joint Committee on Cancer. **Collaborative Stage Data Collection System User Documentation and Coding Instructions, version 02.05**. American Joint Committee on Cancer (Chicago, IL)\n\n(4) Gress, D.M., Edge, S.B., Gershenwald, J.E., et al. **Principles of Cancer Staging**. In: Amin, M.B., Edge, S.B., Greene, F.L., et al. (Eds.) AJCC Cancer Staging Manual. 8th Ed. New York: Springer; 2017: 3-30\n\n(5) **Introduction to Female Reproductive Organs**. In: Amin, M.B., Edge, S.B., Greene, F.L., et al. (Eds.) AJCC Cancer Staging Manual. 8th Ed. New York: Springer; 2017: 631\n\n(6) Erickson, B.A., Olawaiye, A.B., Mutch, D.G., et al. **Cervix Uteri**. In: Amin, M.B., Edge, S.B., Greene, F.L., et al. (Eds.) AJCC Cancer Staging Manual. 8th Ed. New York: Springer; 2017: 649-659",
  "last_modified" : "2018-03-12T16:39:58.727Z",
  "definition" : [ {
    "key" : "eod_primary_tumor",
    "name" : "Code",
    "type" : "INPUT"
  }, {
    "key" : "description",
    "name" : "Description",
    "type" : "DESCRIPTION"
  }, {
    "key" : "eod_2018_t",
    "name" : "EOD 2018 T",
    "type" : "ENDPOINT"
  }, {
    "key" : "ss2018_t",
    "name" : "SS2018 T",
    "type" : "ENDPOINT"
  } ],
  "rows" : [ [ "000", "In situ, intraepithelial, noninvasive, preinvasive\nCancer in situ WITH endocervical gland involvement\n\nCervical intraepithelial neoplasia (CIN) Grade III", "VALUE:88", "VALUE:IS" ], [ "100", "Measured stromal invasion 3.0 mm or less \nAND horizontal spread of 7.0 mm or less\n\nFIGO Stage IA1", "VALUE:T1a1", "VALUE:L" ], [ "150", "Measured stromal invasion 3.1 mm to 5.0 mm \nAND horizontal spread of 7.0 mm or less\n\nFIGO Stage IA2", "VALUE:T1a2", "VALUE:L" ], [ "200", "Stromal invasion 5.0 mm or less measured from the base of the epithelium \nAND horizontal spread of 7.0 mm or less\n\nFIGO Stage IA [NOS]", "VALUE:T1a", "VALUE:L" ], [ "250", "Clinically visible lesion (macroscopic), including superficial invasion", "JUMP:tumor_size_with_primary_tumor_for_ajcc_t_59134", "VALUE:L" ], [ "300", "Localized, NOS\nConfined to cervix uteri or uterus, NOS, except corpus uteri, NOS\n(Not clinically visible or unknown if clinically visible)\n\nFIGO Stage IB", "JUMP:tumor_size_with_primary_tumor_for_ajcc_t_59134", "VALUE:L" ], [ "350", "Corpus uteri, NOS \nConfined to corpus uteri, size, depth and horizontal spread unknown\n\nFIGO Stage I [NOS]", "VALUE:T1", "VALUE:RE" ], [ "400", "Any size tumor WITHOUT parametrial (paracervical soft tissue) invasion\n- Cul de sac (rectouterine pouch)\n- Upper two-thirds of vagina including fornices\n- Vagina, NOS\n- Vaginal wall, NOS", "JUMP:tumor_size_with_primary_tumor_for_ajcc_t_59134", "VALUE:RE" ], [ "450", "Ligament(s) (broad, cardinal, uterosacral)\nParametrial (paracervical soft tissue) invasion\n\nFIGO Stage IIB", "VALUE:T2b", "VALUE:RE" ], [ "500", "Invasion beyond uterus, NOS\n\nFIGO Stage II [NOS]", "VALUE:T2", "VALUE:RE" ], [ "550", "Bladder wall\nBladder, NOS excluding mucosa\nBullous edema of bladder mucosa\nLower third of vagina\nRectal wall\nRectum, NOS excluding mucosa\nUreter, intra- and extramural\nVagina, lower third (not extending to pelvic wall)\nVulva\n\nFIGO Stage IIIA", "VALUE:T3a", "VALUE:RE" ], [ "600", "Described clinically as frozen pelvis\nHydronephrosis or nonfunctioning kidney\nPelvic wall(s)\n\nFIGO Stage IIIB", "VALUE:T3b", "VALUE:RE" ], [ "700", "Fallopian tube(s)\nOvary(ies)\nUrethra\n\nFIGO Stage III [NOS]", "VALUE:T3", "VALUE:RE" ], [ "750", "Bladder mucosa (for bullous edema of bladder mucosa, see code 550)\nRectal mucosa\nSigmoid colon\nSmall intestine\n\nFIGO Stage IVA\n\nFurther contiguous extension", "VALUE:T4", "VALUE:D" ], [ "800", "No evidence of primary tumor", "VALUE:T0", "VALUE:U" ], [ "999", "Unknown; extension not stated\nPrimary tumor cannot be assessed \nNot documented in patient record\n\nDeath Certificate Only", "VALUE:TX", "VALUE:U" ] ]
}