{
  "id" : "extension_bfs",
  "algorithm" : "eod_public",
  "version" : "1.0",
  "name" : "EOD Primary Tumor",
  "title" : "EOD Primary Tumor",
  "footnotes" : "(1) Fritz AG, Ries LAG (eds). **SEER Extent of Disease 1988: Codes and Coding Instructions (3rd Edition, 1998)**, National Cancer Institute, NIH Pub. No. 98-2313, Bethesda, MD, 1998\n\n(2) Young JL Jr, Roffers SD, Ries LAG, Fritz AG, Hurlbut AA (eds.). **SEER Summary Staging Manual-2000: Codes and Coding Instructions**, National Cancer Institute, NIH Pub. No. 01-4969, Bethesda, MD, 2001.\n\n(3) Collaborative Stage Work Group of the American Joint Committee on Cancer. **Collaborative Stage Data Collection System User Documentation and Coding Instructions, version 02.05**. American Joint Committee on Cancer (Chicago, IL)\n\n(4) Gress, D.M., Edge, S.B., Gershenwald, J.E., et al. **Principles of Cancer Staging**. In: Amin, M.B., Edge, S.B., Greene, F.L., et al. (Eds.) AJCC Cancer Staging Manual. 8th Ed. New York: Springer; 2017: 3-30\n\n(5) Krasinskas, A., Pawlik, T.M., Vauthey, J.N., et al. **Distal Bile Duct**. In: Amin, M.B., Edge, S.B., Greene, F.L., et al. (Eds.) AJCC Cancer Staging Manual. 8th Ed. New York: Springer; 2017: 317-325",
  "last_modified" : "2018-03-12T16:39:58.747Z",
  "definition" : [ {
    "key" : "eod_primary_tumor",
    "name" : "Code",
    "type" : "INPUT"
  }, {
    "key" : "description",
    "name" : "Description",
    "type" : "DESCRIPTION"
  }, {
    "key" : "eod_2018_t",
    "name" : "EOD 2018 T",
    "type" : "ENDPOINT"
  }, {
    "key" : "ss2018_t",
    "name" : "SS2018 T",
    "type" : "ENDPOINT"
  } ],
  "rows" : [ [ "000", "In situ, intraepithelial, noninvasive\nHigh-grade biliary intraepithelial neoplasia (BilIn-3)", "VALUE:Tis", "VALUE:IS" ], [ "100", "Invasive tumor confined to\n- Lamina propria\n- Mucosa, NOS\n- Muscularis propria\n- Submucosa (superficial invasion)\n\nConfined to distal bile duct, NOS\nLocalized, NOS", "JUMP:tumor_size_with_primary_tumor_for_ajcc_t_85997", "VALUE:L" ], [ "200", "Adjacent (connective) tissue, NOS\nAdipose tissue\nBeyond wall of bile duct\nDuodenum\nGallbladder\nLiver including porta hepatis\nPancreas\nPeriductal/fibromuscular connective tissue\nUnilateral branches of hepatic artery (right or left)\nUnilateral branches of portal vein (right or left)", "JUMP:tumor_size_with_primary_tumor_for_ajcc_t_85997", "VALUE:RE" ], [ "600", "Colon\nHepatic artery (common, NOS)\nMain portal vein or its branches bilaterally\nOmentum (greater, lesser, NOS)\nStomach (distal, proximal)", "VALUE:T4", "VALUE:RE" ], [ "700", "Abdominal wall\nCeliac (axis) artery\nSuperior mesenteric artery\n\nFurther contiguous extension", "VALUE:T4", "VALUE:D" ], [ "800", "No evidence of primary tumor", "VALUE:T0", "VALUE:U" ], [ "999", "Unknown; extension not stated\nPrimary tumor cannot be assessed\nNot documented in patient record\n\nDeath Certificate Only", "VALUE:TX", "VALUE:U" ] ]
}