{
  "id" : "extension_bfk",
  "algorithm" : "eod_public",
  "version" : "1.0",
  "name" : "EOD Primary Tumor",
  "title" : "EOD Primary Tumor",
  "footnotes" : "(1) Fritz AG, Ries LAG (eds). **SEER Extent of Disease 1988: Codes and Coding Instructions (3rd Edition, 1998)**, National Cancer Institute, NIH Pub. No. 98-2313, Bethesda, MD, 1998\n\n(2) Young JL Jr, Roffers SD, Ries LAG, Fritz AG, Hurlbut AA (eds.). **SEER Summary Staging Manual-2000: Codes and Coding Instructions**, National Cancer Institute, NIH Pub. No. 01-4969, Bethesda, MD, 2001.\n\n(3) Collaborative Stage Work Group of the American Joint Committee on Cancer. **Collaborative Stage Data Collection System User Documentation and Coding Instructions, version 02.05**. American Joint Committee on Cancer (Chicago, IL)\n\n(4) Gress, D.M., Edge, S.B., Gershenwald, J.E., et al. **Principles of Cancer Staging**. In: Amin, M.B., Edge, S.B., Greene, F.L., et al. (Eds.) AJCC Cancer Staging Manual. 8th Ed. New York: Springer; 2017: 3-30\n\n(5) Woltering, E.A., Bergsland, E.K., et al. **Neuroendocrine Tumors of the Stomach**. In: Amin, M.B., Edge, S.B., Greene, F.L., et al. (Eds.) AJCC Cancer Staging Manual. 8th Ed. New York: Springer; 2017: 351-359",
  "last_modified" : "2018-03-12T16:39:53.397Z",
  "definition" : [ {
    "key" : "eod_primary_tumor",
    "name" : "Code",
    "type" : "INPUT"
  }, {
    "key" : "description",
    "name" : "Description",
    "type" : "DESCRIPTION"
  }, {
    "key" : "eod_2018_t",
    "name" : "EOD 2018 T",
    "type" : "ENDPOINT"
  }, {
    "key" : "ss2018_t",
    "name" : "SS2018 T",
    "type" : "ENDPOINT"
  } ],
  "rows" : [ [ "000", "In situ, intraepithelial, noninvasive", "VALUE:88", "VALUE:IS" ], [ "100", "Any size tumor\n- Invasive tumor confined to\n  + Intramucosal, NOS\n  + Lamina propria (including in a polyp)\n  + Mucosa, NOS\n  + Muscularis mucosae (including in a polyp)\n  + Submucosa (superficial invasion) (including in a polyp)\n\nConfined to stomach, NOS\nLocalized, NOS", "JUMP:tumor_size_with_primary_tumor_for_ajcc_t_99631", "VALUE:L" ], [ "200", "Any size tumor\n- Invasion of muscularis propria", "JUMP:tumor_size_with_primary_tumor_for_ajcc_t_99631", "VALUE:L" ], [ "400", "Extension through wall, NOS\nInvasion through muscularis propria or muscularis, NOS\nPerimuscular tissue invaded\nSubserosal tissue/(sub)serosal fat invaded", "VALUE:T3", "VALUE:L" ], [ "500", "Extension to adjacent (connective) tissue \nWITHOUT perforation of visceral peritoneum covering these structures\n\nGastric artery\nLigament(s)   \n- Gastrocolic\n- Gastrohepatic\n- Gastrosplenic\n\nOmentum (greater, lesser, NOS)\nPerigastric fat", "VALUE:T3", "VALUE:RE" ], [ "600", "Invasion of/through\n- Mesothelium\n- Serosa\n- Tunica serosa\n- Visceral peritoneum\n\nColon/mesocolon (including transverse and flexures)\nDiaphragm\nDuodenum (via serosa)\nEsophagus (via serosa)\nIleum\nJejunum\nLiver\nPancreas\nSmall intestine, NOS\nSpleen", "VALUE:T4", "VALUE:RE" ], [ "700", "Aorta\nAbdominal wall\nAdrenal (suprarenal) gland\nCeliac (axis) artery\nKidney\nRetroperitoneum\n\nFurther contiguous extension", "VALUE:T4", "VALUE:D" ], [ "800", "No evidence of primary tumor", "VALUE:T0", "VALUE:U" ], [ "999", "Unknown; extension not stated\nPrimary tumor cannot be assessed\nNot documented in patient record\n\nDeath Certificate Only", "VALUE:TX", "VALUE:U" ] ]
}