{
  "id" : "grade_post_therapy_14871",
  "algorithm" : "eod_public",
  "version" : "1.0",
  "name" : "Grade Post Therapy",
  "title" : "Grade Post Therapy",
  "notes" : "**Note 1:** Leave post-therapy grade blank when\n* No neoadjuvant therapy\n* Clinical or pathological case only\n* There is only one grade available and it cannot be determined if it is clinical, pathological or post-therapy\n\n**Note 2:** Assign the highest grade from the resected primary tumor assessed after the completion of neoadjuvant therapy.\n\n**Note 3:** G3 includes undifferentiated and anaplastic.\n\n**Note 4:** Code 9 when \n* Surgical resection is done after neoadjuvant therapy and grade from the primary site is not documented\n* Grade checked “not applicable” on CAP Protocol (if available) and no other grade information is available",
  "last_modified" : "2018-03-12T16:39:56.405Z",
  "definition" : [ {
    "key" : "grade_post_therapy",
    "name" : "Code",
    "type" : "INPUT"
  }, {
    "key" : "description",
    "name" : "Description",
    "type" : "DESCRIPTION"
  } ],
  "rows" : [ [ "1", "G1: Well differentiated" ], [ "2", "G2: Moderately differentiated" ], [ "3", "G3: Poorly differentiated" ], [ "L", "LG: Low-grade" ], [ "H", "HG: High-grade" ], [ "9", "Grade cannot be assessed (GX); Unknown" ], [ "", "See Note 1" ] ]
}