{
  "id" : "grade_post_therapy_51269",
  "algorithm" : "eod_public",
  "version" : "1.0",
  "name" : "Grade Post Therapy",
  "title" : "Grade Post Therapy",
  "notes" : "**Note 1:** Leave post-therapy grade blank when\n* No neoadjuvant therapy\n* Clinical or pathological case only\n* There is only one grade available and it cannot be determined if it is clinical, pathological or post-therapy\n\n**Note 2:** Assign the highest grade from the resected primary tumor assessed after the completion of neoadjuvant therapy.\n\n**Note 3:** Codes 1-5 take priority over A-E. \n\n**Note 4:** Code 9 when \n* Surgical resection is done after neoadjuvant therapy and grade from the primary site is not documented\n* Grade checked “not applicable” on CAP Protocol (if available) and no other grade information is available\n\n**Note 5:** If you are assigning an AJCC 8th edition stage group\n* Grade is required to assign stage group\n* Codes A-E are treated as an unknown grade when assigning AJCC stage group \n* An unknown grade may result in an unknown stage group",
  "last_modified" : "2018-03-12T16:39:59.699Z",
  "definition" : [ {
    "key" : "grade_post_therapy",
    "name" : "Code",
    "type" : "INPUT"
  }, {
    "key" : "Description",
    "name" : "Description",
    "type" : "DESCRIPTION"
  } ],
  "rows" : [ [ "1", "Grade Group 1: Gleason score less than or equal to 6" ], [ "2", "Grade Group 2: Gleason score 7\nGleason pattern 3+4" ], [ "3", "Grade Group 3: Gleason score 7\nGleason pattern 4+3" ], [ "4", "Grade Group 4: Gleason score 8" ], [ "5", "Grade Group 5: Gleason score 9 or 10" ], [ "A", "Well differentiated" ], [ "B", "Moderately differentiated" ], [ "C", "Poorly differentiated" ], [ "D", "Undifferentiated, anaplastic" ], [ "E", "Stated as “Gleason score 7” with no patterns documented or \nAny Gleason patterns combination equal to 7 not specified in 2 or 3" ], [ "9", "Grade cannot be assessed; Unknown" ], [ "", "See Note 1" ] ]
}