{
  "id" : "grade_post_therapy_11647",
  "algorithm" : "eod_public",
  "version" : "1.0",
  "name" : "Grade Post Therapy",
  "title" : "Grade Post Therapy",
  "notes" : "**Note 1:** Leave post-therapy grade blank when\n* No neoadjuvant therapy\n* Clinical or pathological case only\n* There is only one grade available and it cannot be determined if it is clinical, pathological or post-therapy\n\n**Note 2:** Assign the highest grade from the resected primary tumor assessed after the completion of neoadjuvant therapy.\n\n**Note 3:** Code the appropriate grade from a resection done after neoadjuvant therapy.\n\n**Note 4:** Codes 1-3 take priority over H.\n\n**Note 5:** Code 1 for stated as “low grade” only.\n\n**Note 6:** G3 includes undifferentiated and anaplastic.\n\n**Note 7:** Code 9 when \n* Surgical resection is done after neoadjuvant therapy and grade from the primary site is not documented\n* Grade checked “not applicable” on CAP Protocol (if available) and no other grade information is available\n\n**Note 8:** If you are assigning an AJCC 8th edition stage group\n* Grade is required to assign stage group\n* Code H is treated as a G3 when assigning AJCC stage group \n* An unknown grade may result in an unknown stage group",
  "last_modified" : "2018-03-12T16:39:59.691Z",
  "definition" : [ {
    "key" : "grade_post_therapy",
    "name" : "Code",
    "type" : "INPUT"
  }, {
    "key" : "description",
    "name" : "Description",
    "type" : "DESCRIPTION"
  } ],
  "rows" : [ [ "1", "G1: Well differentiated, low grade" ], [ "2", "G2: Moderately differentiated, high grade " ], [ "3", "G3: Poorly differentiated, high grade " ], [ "H", "Stated as “high grade” only" ], [ "9", "Grade cannot be assessed (GX); Unknown" ], [ "", "See Note 1" ] ]
}