{
  "id" : "grade_clinical_18831",
  "algorithm" : "eod_public",
  "version" : "1.0",
  "name" : "Grade Clinical",
  "title" : "Grade Clinical",
  "notes" : "**Note 1:** Clinical grade must not be blank.\n\n**Note 2:** Assign the highest grade from the primary tumor assessed during the clinical time frame.\n\n**Note 3:** Codes 1-4 take priority over codes A-D.\n\n**Note 4:** The Fuhrman grade is no longer used for coding grade for Kidney cancers. The WHO/ISUP grade is now used. If the Fuhrman grade is documented, code 9.\n\n**Note 5:** Code 9 when\n* Grade from primary site is not documented\n* Clinical workup is not done (for example, cancer is an incidental finding during surgery for another condition)\n* Grade checked “not applicable” on CAP Protocol (if available) and no other grade information is available\n\n**Note 6:** If there is only one grade available and it cannot be determined if it is clinical, pathological, or after neo-adjuvant therapy, assign as a clinical grade and code unknown (9) for pathological grade, and blank for post-therapy grade.",
  "last_modified" : "2018-03-12T16:39:59.033Z",
  "definition" : [ {
    "key" : "grade_clin",
    "name" : "Code",
    "type" : "INPUT"
  }, {
    "key" : "description",
    "name" : "Description",
    "type" : "DESCRIPTION"
  } ],
  "rows" : [ [ "1", "G1: Nucleoli absent or inconspicuous and basophilic at 400x magnification" ], [ "2", "G2: Nucleoli conspicuous and eosinophilic at 400x magnification, visible but not prominent at 100x magnification" ], [ "3", "G3: Nucleoli conspicuous and eosinophilic at 100x magnification" ], [ "4", "G4: Marked nuclear pleomorphism and/or multinucleate giant cells and/or rhabdoid and/or sarcomatoid differentiation" ], [ "A", "Well differentiated" ], [ "B", "Moderately differentiated" ], [ "C", "Poorly differentiated" ], [ "D", "Undifferentiated, anaplastic" ], [ "9", "Grade cannot be assessed (GX); Unknown" ] ]
}