{
  "id" : "grade_pathological_73388",
  "algorithm" : "eod_public",
  "version" : "1.0",
  "name" : "Grade Pathological",
  "title" : "Grade Pathological",
  "notes" : "**Note:** Grade (cell indicator) is no longer applicable for this hematopoietic neoplasm.",
  "last_modified" : "2018-03-12T16:40:03.120Z",
  "definition" : [ {
    "key" : "grade_path",
    "name" : "Code",
    "type" : "INPUT"
  }, {
    "key" : "description",
    "name" : "Description",
    "type" : "DESCRIPTION"
  } ],
  "rows" : [ [ "8", "Not applicable" ] ]
}