{
  "id" : "grade_pathological_42127",
  "algorithm" : "eod_public",
  "version" : "1.0",
  "name" : "Grade Pathological",
  "title" : "Grade Pathological",
  "notes" : "**Note 1:** Pathological grade must not be blank.\n\n**Note 2:** Assign the highest grade from the primary tumor. If the clinical grade is higher than the grade determined during the pathological time frame, use the grade that was identified during the clinical time frame for both the clinical grade and the pathological grade.\n\n**Note 3:** The grading system for this chapter is based on histology\n* Immature teratomas and serous carcinomas, codes L and H\n* All other histologies: Code 1-3 if a nuclear grade is documented, otherwise code 9.\n* If your registry collects ovarian borderline tumors (/1), code “B” for grade.\n\n**Note 4:** G3 includes anaplastic.\n\n**Note 5:** Code 9 when\n* Grade from primary site is not documented\n* No resection of the primary site\n* Neo-adjuvant therapy is followed by a resection (see post-therapy grade)\n* Clinical case only (see clinical grade)\n* There is only one grade available and it cannot be determined if it is clinical, pathological, or after neo-adjuvant therapy\n* Grade checked “not applicable” on CAP Protocol (if available) and no other grade information is available",
  "last_modified" : "2018-03-12T16:39:59.029Z",
  "definition" : [ {
    "key" : "grade_path",
    "name" : "Code",
    "type" : "INPUT"
  }, {
    "key" : "description",
    "name" : "Description",
    "type" : "DESCRIPTION"
  } ],
  "rows" : [ [ "1", "G1: Well differentiated" ], [ "2", "G2: Moderately differentiated" ], [ "3", "G3: Poorly differentiated, undifferentiated  " ], [ "B", "GB: Borderline Tumor" ], [ "L", "Low grade" ], [ "H", "High grade" ], [ "9", "Grade cannot be assessed (GX); Unknown" ] ]
}