{
  "id" : "grade_post_therapy_1561",
  "algorithm" : "eod_public",
  "version" : "1.0",
  "name" : "Grade Post Therapy",
  "title" : "Grade Post Therapy",
  "notes" : "**Note 1:** Leave post-therapy grade blank when\n* No neoadjuvant therapy\n* Clinical or pathological case only\n* There is only one grade available and it cannot be determined if it is clinical, pathological or post-therapy\n\n**Note 2:** Assign the highest grade from the resected primary tumor assessed after the completion of neoadjuvant therapy.\n\n**Note 3:** Codes L and H take priority over A-D.\n\n**Note 4:** Record the mitotic rate as Low or High as indicated on the pathology report or CAP protocol. Assume the denominator is 5 square mm if not specified.\n* Low: 5 or fewer mitoses per 5 square mm (L)\n* High: Over 5 mitoses per 5 square mm (H)\n\n**Note 5:** Code 9 when \n* Surgical resection is done after neoadjuvant therapy and grade from the primary site is not documented\n* Grade checked “not applicable” on CAP Protocol (if available) and no other grade information is available\n\n**Note 6:** If you are assigning an AJCC 8th edition stage group\n* Grade is required to assign stage group\n* Codes A-D are treated as an unknown grade when assigning AJCC stage group \n* An unknown grade may result in an unknown stage group",
  "last_modified" : "2018-03-12T16:39:59.685Z",
  "definition" : [ {
    "key" : "grade_post_therapy",
    "name" : "Code",
    "type" : "INPUT"
  }, {
    "key" : "description",
    "name" : "Description",
    "type" : "DESCRIPTION"
  } ],
  "rows" : [ [ "L", "Low: 5 or fewer mitoses per 5 square mm" ], [ "H", "High: Over 5 mitoses per 5 square mm" ], [ "A", "Well differentiated" ], [ "B", "Moderately differentiated" ], [ "C", "Poorly differentiated" ], [ "D", "Undifferentiated, anaplastic" ], [ "9", "Grade cannot be assessed; Unknown" ], [ "", "See Note 1" ] ]
}