{
  "id" : "grade_clinical_26293",
  "algorithm" : "eod_public",
  "version" : "1.0",
  "name" : "Grade Clinical",
  "title" : "Grade Clinical",
  "notes" : "**Note 1:** Clinical grade must not be blank.\n\n**Note 2:** Assign the highest grade from the primary tumor assessed during the clinical time frame. \n\n**Note 3:** Codes L, H and M take priority over A-D. \n\n**Note 4:** Code 9 when\n* Grade from primary site is not documented\n* Clinical workup is not done (for example, cancer is an incidental finding during surgery for another condition)\n* Grade checked “not applicable” on CAP Protocol (if available) and no other grade information is available\n\n**Note 5:** If there is only one grade available and it cannot be determined if it is clinical, pathological, or after neo-adjuvant therapy, assign as a clinical grade and code unknown (9) for pathological grade, and blank for post-therapy grade.",
  "last_modified" : "2018-03-12T16:39:59.068Z",
  "definition" : [ {
    "key" : "grade_clin",
    "name" : "Code",
    "type" : "INPUT"
  }, {
    "key" : "description",
    "name" : "Description",
    "type" : "DESCRIPTION"
  } ],
  "rows" : [ [ "L", "LG: Low grade (≤20 mitoses per 50 HPF)" ], [ "H", "HG: High grade (>20 mitosis per 50 HPF) " ], [ "M", "TP53 or CTNNB Mutation  " ], [ "A", "Well differentiated" ], [ "B", "Moderately differentiated" ], [ "C", "Poorly differentiated" ], [ "D", "Undifferentiated, anaplastic" ], [ "9", "Grade cannot be assessed (GX); Unknown" ] ]
}