{
  "id" : "cervical_lymph_nodes_occult_head_neck",
  "algorithm" : "eod_public",
  "version" : "1.0",
  "name" : "Cervical Lymph Nodes and Unknown Primary",
  "title" : "Cervical Lymph Nodes and Unknown Primary Tumor of the Head and Neck",
  "notes" : "C760 Head, face & neck, NOS\n\n**Note 1:** The following sources were used in the development of this schema\n* SEER Extent of Disease 1988: Codes and Coding Instructions (3rd Edition, 1998) (https://seer.cancer.gov/archive/manuals/EOD10Dig.3rd.pdf)\n* SEER Summary Staging Manual-2000: Codes and Coding Instructions (https://seer.cancer.gov/tools/ssm/)\n* Collaborative Stage Data Collection System, version 02.05:  https://cancerstaging.org/cstage/Pages/default.aspx \n* Chapter 6 *Cervical Lymph Nodes and Unknown Primary Tumors of the Head and Neck*, in the AJCC Cancer Staging Manual, Eighth Edition (2017) published by Springer International Publishing. Used with permission of the American College of Surgeons, Chicago, Illinois.\n\n**Note 2:** This schema applies when cervical lymph nodes are involved with cancer and the primary site is not known but is suspected to be in the head and neck, i.e., in one or more of the sites listed below. Cancer registry standard setters have agreed that such cancers should be coded to primary site code C760 to accommodate staging recommended by AJCC.\n\n* Lip: C003-C005, C008-C009\n* Base of Tongue: C019\n* Other and Unspecified Parts of Tongue: C020-C024, C028, C029\n* Gum: C030-C031, C039\n* Floor of Mouth: C040-C041, C048-C049\n* Palate: C050-C052, C058-C059\n* Other and Unspecified Parts of Mouth: C060-C062, C068-C069\n* Parotid gland: C079\n* Major Salivary Glands: C080-C81, C088-C089\n* Tonsil: C090-C91, C098-C099\n* Oropharynx: C100-C104, C108-C109\n* Nasopharynx: C110-C113, C118-C119\n* Pyriform sin: C129\n* Hypopharynx: C130-C132. C138-C139\n* Other and Ill-defined Sites in Lip, Oral Cavity and Pharynx: C140, C142, C148\n* Nasal cavity: C300\n* Middle ear: C301\n* Accessory Sinuses: C310-C313, C318-C319\n* Larynx: C320-C323, C328-C329\n* Skin of lip: C440\n* Skin of ear & external auricular canal: C442\n* Skin of other & unspecified parts of face: C443\n* Skin of scalp & neck: C444\n\n**Note 3:** If the physician indicates that the metastatic cervical lymph node is most likely from a head and neck primary, then code primary site as C760. If the differential diagnosis includes non-head and neck sites, for example, the path report states metastasis to the cervical lymph node could be from a head and neck primary, lung primary, or gynecologic primary OR if there is no information indicating origin of primary tumor, then code primary site as C809 (Ill Defined Other)",
  "schema_selection_table" : "schema_selection_cervical_lymph_nodes_occult_head_and_neck",
  "schema_discriminators" : [ "discriminator_1" ],
  "inputs" : [ {
    "key" : "year_dx",
    "name" : "Year of Diagnosis",
    "naaccr_item" : 390,
    "table" : "year_dx_validation",
    "used_for_staging" : false
  }, {
    "key" : "site",
    "name" : "Primary Site",
    "naaccr_item" : 400,
    "table" : "primary_site",
    "used_for_staging" : true
  }, {
    "key" : "hist",
    "name" : "Histology",
    "naaccr_item" : 522,
    "table" : "histology",
    "used_for_staging" : true
  }, {
    "key" : "behavior",
    "name" : "Behavior",
    "naaccr_item" : 523,
    "table" : "behavior",
    "used_for_staging" : true
  }, {
    "key" : "discriminator_1",
    "name" : "Schema Discriminator 1",
    "naaccr_item" : 3926,
    "table" : "occult_head_and_neck_lymph_nodes_10277",
    "used_for_staging" : true,
    "metadata" : [ "COC_REQUIRED", "NPCR_REQUIRED", "SSDI", "CCCR_REQUIRED", "SEER_REQUIRED" ]
  }, {
    "key" : "size_clin",
    "name" : "Tumor Size Clinical",
    "naaccr_item" : 752,
    "table" : "tumor_size_clinical_60979",
    "used_for_staging" : false
  }, {
    "key" : "size_path",
    "name" : "Tumor Size Pathological",
    "naaccr_item" : 754,
    "table" : "tumor_size_pathological_25597",
    "used_for_staging" : false
  }, {
    "key" : "size_summary",
    "name" : "Tumor Size Summary",
    "naaccr_item" : 756,
    "default" : "999",
    "table" : "tumor_size_summary_63115",
    "used_for_staging" : false
  }, {
    "key" : "nodes_pos",
    "name" : "Regional Nodes Positive",
    "naaccr_item" : 820,
    "default" : "99",
    "table" : "nodes_pos_fpa",
    "used_for_staging" : false
  }, {
    "key" : "nodes_exam",
    "name" : "Regional Nodes Examined",
    "naaccr_item" : 830,
    "default" : "99",
    "table" : "nodes_exam_76029",
    "used_for_staging" : false
  }, {
    "key" : "radiation_surg_seq",
    "name" : "RX Summ Surgery/Radiation Sequence",
    "naaccr_item" : 1380,
    "table" : "radiation_surg_seq",
    "used_for_staging" : false
  }, {
    "key" : "systemic_surg_seq",
    "name" : "RX Summ Systemic/Surgery Sequence",
    "naaccr_item" : 1639,
    "table" : "systemic_surg_seq",
    "used_for_staging" : false
  }, {
    "key" : "eod_primary_tumor",
    "name" : "EOD Primary Tumor",
    "naaccr_item" : 772,
    "default" : "800",
    "table" : "eod_primary_tumor_85962",
    "used_for_staging" : true
  }, {
    "key" : "eod_regional_nodes",
    "name" : "EOD Regional Nodes",
    "naaccr_item" : 774,
    "default" : "999",
    "table" : "eod_regional_nodes_77237",
    "used_for_staging" : true
  }, {
    "key" : "eod_mets",
    "name" : "EOD Mets",
    "naaccr_item" : 776,
    "default" : "00",
    "table" : "eod_mets_98654",
    "used_for_staging" : true
  }, {
    "key" : "ss2018",
    "name" : "SS2018",
    "naaccr_item" : 764,
    "table" : "ss2018_cervical_lymph_nodes_and_unknown_primary_tumor_8991",
    "used_for_staging" : false
  }, {
    "key" : "grade_clin",
    "name" : "Grade Clinical",
    "naaccr_item" : 3843,
    "default" : "9",
    "table" : "grade_clinical_standard_94331",
    "used_for_staging" : false,
    "metadata" : [ "COC_REQUIRED", "NPCR_REQUIRED", "SSDI", "CCCR_REQUIRED", "SEER_REQUIRED" ]
  }, {
    "key" : "grade_path",
    "name" : "Grade Pathological",
    "naaccr_item" : 3844,
    "default" : "9",
    "table" : "grade_pathological_standard_94268",
    "used_for_staging" : false,
    "metadata" : [ "COC_REQUIRED", "NPCR_REQUIRED", "SSDI", "CCCR_REQUIRED", "SEER_REQUIRED" ]
  }, {
    "key" : "grade_post_therapy",
    "name" : "Grade Post Therapy",
    "naaccr_item" : 3845,
    "table" : "grade_post_therapy_standard_88293",
    "used_for_staging" : false,
    "metadata" : [ "COC_REQUIRED", "NPCR_REQUIRED", "SSDI", "CCCR_REQUIRED", "SEER_REQUIRED" ]
  }, {
    "key" : "extranodal_ext_hn_clin",
    "name" : "Extranodal Exten H&N Clin",
    "naaccr_item" : 3831,
    "default" : "8",
    "table" : "extranodal_extension_head_and_neck_clinical_51375",
    "used_for_staging" : false,
    "metadata" : [ "COC_REQUIRED", "SSDI", "SEER_REQUIRED" ]
  }, {
    "key" : "extranodal_ext_hn_path",
    "name" : "Extranodal Exten H&N Path",
    "naaccr_item" : 3832,
    "default" : "X.8",
    "table" : "extranodal_extension_head_and_neck_pathological_93423",
    "used_for_staging" : false,
    "metadata" : [ "COC_REQUIRED", "SSDI", "CCCR_REQUIRED", "SEER_REQUIRED" ]
  }, {
    "key" : "ln_size_of_mets",
    "name" : "Lymph Nodes Size of Mets",
    "naaccr_item" : 3883,
    "default" : "XX.8",
    "table" : "lymph_nodes_size_of_metastasis_87329",
    "used_for_staging" : false,
    "metadata" : [ "COC_REQUIRED", "NPCR_REQUIRED", "SSDI", "CCCR_REQUIRED", "SEER_REQUIRED" ]
  }, {
    "key" : "ln_hn_1_2_3",
    "name" : "Lymph Nodes H&N Lev I-III",
    "naaccr_item" : 3876,
    "default" : "8",
    "table" : "lymph_nodes_head_and_neck_levels_i_iii_19222",
    "used_for_staging" : false,
    "metadata" : [ "COC_REQUIRED", "SSDI", "SEER_REQUIRED" ]
  }, {
    "key" : "ln_hn_4_5",
    "name" : "Lymph Nodes H&N Lev IV-V",
    "naaccr_item" : 3877,
    "default" : "8",
    "table" : "lymph_nodes_head_and_neck_levels_iv_v_55093",
    "used_for_staging" : false,
    "metadata" : [ "COC_REQUIRED", "SSDI", "SEER_REQUIRED" ]
  }, {
    "key" : "ln_hn_6_7",
    "name" : "Lymph Nodes H&N Lev VI-VII",
    "naaccr_item" : 3878,
    "default" : "8",
    "table" : "lymph_nodes_head_and_neck_levels_vi_vii_32325",
    "used_for_staging" : false,
    "metadata" : [ "COC_REQUIRED", "SSDI", "SEER_REQUIRED" ]
  }, {
    "key" : "ln_hn_other",
    "name" : "Lymph Nodes H&N Other",
    "naaccr_item" : 3879,
    "default" : "8",
    "table" : "lymph_nodes_head_and_neck_other_31141",
    "used_for_staging" : false,
    "metadata" : [ "COC_REQUIRED", "SSDI", "SEER_REQUIRED" ]
  } ],
  "outputs" : [ {
    "key" : "naaccr_schema_id",
    "name" : "Schema ID",
    "naaccr_item" : 3800,
    "default" : "00060"
  }, {
    "key" : "ajcc_id",
    "name" : "AJCC ID",
    "naaccr_item" : 995,
    "default" : "XX"
  }, {
    "key" : "derived_version",
    "name" : "Derived Version",
    "default" : "{{ctx_alg_version}}"
  }, {
    "key" : "eod_2018_t",
    "name" : "Derived EOD 2018 T",
    "naaccr_item" : 785,
    "default" : "88"
  }, {
    "key" : "eod_2018_n",
    "name" : "Derived EOD 2018 N",
    "naaccr_item" : 815,
    "default" : "88"
  }, {
    "key" : "eod_2018_m",
    "name" : "Derived EOD 2018 M",
    "naaccr_item" : 795,
    "default" : "88"
  }, {
    "key" : "eod_2018_stage_group",
    "name" : "Derived EOD 2018 Stage Group",
    "naaccr_item" : 818,
    "default" : "88"
  }, {
    "key" : "ss2018_derived",
    "name" : "Derived Summary Stage 2018",
    "naaccr_item" : 762,
    "default" : "9"
  } ],
  "mappings" : [ {
    "id" : "summary_stage_2018",
    "name" : "Summary Stage 2018",
    "initial_context" : [ {
      "key" : "ss2018_derived",
      "value" : "90"
    } ],
    "tables" : [ {
      "id" : "eod_primary_tumor_85962",
      "inputs" : [ "eod_primary_tumor" ],
      "outputs" : [ "eod_2018_t", "ss2018_t" ]
    }, {
      "id" : "eod_regional_nodes_77237",
      "inputs" : [ "eod_regional_nodes" ],
      "outputs" : [ "eod_2018_n", "ss2018_n" ]
    }, {
      "id" : "eod_mets_98654",
      "inputs" : [ "eod_mets" ],
      "outputs" : [ "eod_2018_m", "ss2018_m" ]
    }, {
      "id" : "summary_stage_rpa",
      "inputs" : [ "ss2018_m", "ss2018_n", "ss2018_t" ],
      "outputs" : [ "ss2018_derived" ]
    } ]
  }, {
    "id" : "ajcc_chapter_calculation",
    "name" : "AJCC Chapter Calculation",
    "tables" : [ {
      "id" : "ajcc_chapter_calculation_24559",
      "inputs" : [ "hist", "behavior" ],
      "outputs" : [ "ajcc_id" ]
    } ]
  }, {
    "id" : "eod_2018_stage_group",
    "name" : "EOD 2018 Stage Group",
    "inclusion_tables" : [ {
      "id" : "tnm8_inclusions_40722",
      "inputs" : [ "ajcc_id" ]
    } ],
    "initial_context" : [ {
      "key" : "eod_2018_stage_group",
      "value" : "90"
    } ],
    "tables" : [ {
      "id" : "parse_t_2177",
      "input_mapping" : [ {
        "from" : "eod_2018_t",
        "to" : "t"
      } ],
      "output_mapping" : [ {
        "from" : "root_t",
        "to" : "tmp_eod_t"
      } ],
      "inputs" : [ "eod_2018_t" ],
      "outputs" : [ "t_prefix", "tmp_eod_t" ]
    }, {
      "id" : "parse_n_67182",
      "input_mapping" : [ {
        "from" : "eod_2018_n",
        "to" : "n"
      } ],
      "output_mapping" : [ {
        "from" : "root_n",
        "to" : "tmp_eod_n"
      } ],
      "inputs" : [ "eod_2018_n" ],
      "outputs" : [ "n_prefix", "tmp_eod_n" ]
    }, {
      "id" : "parse_m_47057",
      "input_mapping" : [ {
        "from" : "eod_2018_m",
        "to" : "m"
      } ],
      "output_mapping" : [ {
        "from" : "root_m",
        "to" : "tmp_eod_m"
      } ],
      "inputs" : [ "eod_2018_m" ],
      "outputs" : [ "m_prefix", "tmp_eod_m" ]
    }, {
      "id" : "tnm_8_path_stage_group_36864",
      "input_mapping" : [ {
        "from" : "tmp_eod_n",
        "to" : "n"
      }, {
        "from" : "tmp_eod_m",
        "to" : "m"
      }, {
        "from" : "tmp_eod_t",
        "to" : "t"
      } ],
      "output_mapping" : [ {
        "from" : "stage",
        "to" : "eod_2018_stage_group"
      } ],
      "inputs" : [ "tmp_eod_n", "tmp_eod_m", "tmp_eod_t" ],
      "outputs" : [ "eod_2018_stage_group" ]
    } ]
  }, {
    "id" : "eod_tnm_cleanup",
    "name" : "EOD TNM Cleanup",
    "exclusion_tables" : [ {
      "id" : "tnm8_inclusions_40722",
      "inputs" : [ "ajcc_id" ]
    } ],
    "tables" : [ {
      "id" : "eod_tnm_component_cleanup_58170",
      "inputs" : [ "ajcc_id" ],
      "outputs" : [ "eod_2018_n", "eod_2018_m", "eod_2018_t", "eod_2018_stage_group" ]
    } ]
  } ],
  "involved_tables" : [ "radiation_surg_seq", "lymph_nodes_head_and_neck_levels_i_iii_19222", "occult_head_and_neck_lymph_nodes_10277", "extranodal_extension_head_and_neck_clinical_51375", "nodes_pos_fpa", "parse_t_2177", "parse_n_67182", "eod_regional_nodes_77237", "extranodal_extension_head_and_neck_pathological_93423", "histology", "nodes_exam_76029", "tnm8_inclusions_40722", "lymph_nodes_size_of_metastasis_87329", "tumor_size_summary_63115", "behavior", "tnm_8_path_stage_group_36864", "grade_post_therapy_standard_88293", "grade_clinical_standard_94331", "lymph_nodes_head_and_neck_other_31141", "lymph_nodes_head_and_neck_levels_vi_vii_32325", "eod_primary_tumor_85962", "tumor_size_pathological_25597", "tumor_size_clinical_60979", "systemic_surg_seq", "parse_m_47057", "primary_site", "eod_tnm_component_cleanup_58170", "eod_mets_98654", "grade_pathological_standard_94268", "year_dx_validation", "ss2018_cervical_lymph_nodes_and_unknown_primary_tumor_8991", "lymph_nodes_head_and_neck_levels_iv_v_55093", "summary_stage_rpa", "ajcc_chapter_calculation_24559", "schema_selection_cervical_lymph_nodes_occult_head_and_neck" ],
  "on_invalid_input" : "FAIL_WHEN_USED_FOR_STAGING",
  "last_modified" : "2018-03-12T16:42:07.468Z"
}