{
  "id" : "hemeretic",
  "algorithm" : "eod_public",
  "version" : "1.0",
  "name" : "HemeRetic",
  "title" : "Hematopoietic, Reticuloendothelial, Immunoproliferative, and Myeloproliferative Neoplasms",
  "notes" : "**Note 1:** The following sources were used in the development of this schema\n* SEER Extent of Disease 1988: Codes and Coding Instructions (3rd Edition, 1998) (https://seer.cancer.gov/archive/manuals/EOD10Dig.3rd.pdf)\n* SEER Summary Staging Manual-2000: Codes and Coding Instructions (https://seer.cancer.gov/tools/ssm/)\n* Collaborative Stage Data Collection System, version 02.05:  https://cancerstaging.org/cstage/Pages/default.aspx \n* Chapter 83 *Leukemia*, in the AJCC Cancer Staging Manual, Eighth Edition (2017) published by Springer International Publishing. Used with permission of the American College of Surgeons, Chicago, Illinois.\n\n**Note 2:** Summary Stage is the only applicable staging system for this site/histology/schema.\n\n**Note 3:** M-See list of specific histologies below, effective for cases diagnosed 2010 and forward. All primary sites (C000-C809) are included unless otherwise specified. \n\n**Note 4:** Schema includes the preferred terms based on the *2017 WHO Classification of Haematopoietic and Lymphoid Tissues*\n\n9591 Splenic B-cell lymphoma/leukemia, unclassifiable (except C441, C690, C695-C696)\n9724 Systemic EBV-positive T-cell lymphoma of childhood\n9727 Blastic plasmacytoid dendritic cell neoplasm\n9740 Mast cell sarcoma\n9741 Systemic mastocytosis with an associated hematological neoplasm\n9742 Mast cell leukemia\n9751 Langerhans cell histiocytosis, disseminated (except C700-C729, C751-C753)\n9755 Histiocytic sarcoma (except C700-C729, C751-C753)\n9756 Langerhans cell sarcoma (except C700-C729, C751-C753)\n9757 Interdigitating dendritic cell sarcoma (except C700-C729, C751-C753)\n9758 Follicular dendritic cell sarcoma (except C700-C729, C751-C753)\n9759 Fibroblastic reticular cell tumor (except C700-C729, C751-C753)\n9762 Heavy chain diseases\n9800 Leukemia, NOS\n9801 Acute undifferentiated leukemia\n9806 Mixed-phenotype acute leukemia with t(9;22)(q34.1;q11.2); *BCR-ABL1*\n9807 Mixed-phenotype acute leukemia with t(v;11q23.3); *KMT2A*-rearranged\n9808 Mixed -phenotype acute leukemia, B/myeloid, NOS\n9809 Mixed-phenotype acute leukemia, T/myeloid, NOS\n9811 B-lymphoblastic leukemia/lymphoma, NOS\n9812 B-lymphoblastic leukemia/lymphoma with t(9;22))q34.1;q11.2); *BCR-ABL1*\n9813 B-lymphoblastic leukemia/lymphoma with t(v;11q23.3); *KMT2A*-rearranged\n9814 B-lymphoblastic leukemia/lymphoma with t(12;21)(p13.2;q22.1); *ETV6-RUNX1*\n9815 B-lymphoblastic/lymphoma with hyperdiploidy\n9816 B-lymphoblastic/lymphoma with hypodiploidy (hypodiploid ALL)\n9817 B-lymphoblastic/lymphoma with t(5;14)(q31.1;q32.1); IGH/*IL3*\n9818 B-lymphoblastic/lymphoma with t(1;19)(q23;p13.3); *TCF3-PBX1*\n9820 Lymphoid leukemia, NOS\n9831 T-cell large granular lymphocytic leukemia\n9832 Prolymphocytic leukemia, NOS\n9833 B-cell prolymphocytic leukemia\n9834 T-cell prolymphocytic leukemia\n9837 T-lymphoblastic leukemia/lymphoma \n9840 Pure erythroid leukemia\n9860 Myeloid leukemia, NOS\n9861 Acute myeloid leukemia, NOS\n9863 Chronic myeloid leukemia\n9865 Acute myeloid leukemia with t(6;9)(p23;q34.1); *DEK-NUP214*\n9866 Acute promyelocytic leukemia with *PML-RARA*\n9867 Acute myelomonocytic leukemia\n9869 Acute myeloid leukemia with inv(3)(q21.3q26.2) or t(3;3)(q21.3;q26;2); *RBM15-MKL1*\n9870 Acute basophilic leukemia\n9871 Acute myeloid leukemia with inv(16)(p13.1q22) or t(16;16)(p13.1;q22); *CBFB-MYH11*\n9872 Acute myeloid leukemia, minimal differentiation\n9873 Acute myeloid leukemia without maturation\n9874 Acute myeloid leukemia with maturation\n9875 Chronic myeloid leukemia, *BCR-ABL1*-positive\n9876 Atypical chronic myeloid leukemia *BCR-ABL1*-negative\n9891 Acute monoblastic and monocytic leukemia\n9895 Acute myeloid leukemia with myelodysplasia-related changes\n9896 Acute myeloid leukemia with t(8;21)(q22;q22.1), *RUNX1-RUNX1T1*\n9897 Acute myeloid leukemia with t(9;11)(p21.3;q23.3); *KMT2A-MLLT3*\n9898 Myeloid leukemia associated with Down Syndrome\n9910 Acute megakaryoblastic leukemia\n9911 Acute myeloid leukemia (megakaryoblastic) with t(1;22)(p13.3;q13.1); *RBM15-MKL1*\n9920 Therapy-related myeloid neoplasms\n9930 Myeloid sarcoma  (except C441, C690, C695-C696)\n9931 Acute panmyelosis with myelofibrosis\n9940 Hairy cell leukemia\n9945 Chronic myelomonocytic leukemia, NOS\n9946 Juvenile myelomonocytic leukemia\n9948 Aggressive NK-cell leukemia\n9950 Polycythemia vera\n9961 Primary myelofibrosis\n9962 Essential thrombocythemia\n9963 Chronic neutrophilic leukemia\n9964 Chronic eosinophilic leukemia, NOS\n9965 Myeloid/lymphoid neoplasms with *PDGFRA* rearrangement\n9966 Myeloid/lymphoid neoplasm with *PDGFRB* rearrangement\n9967 Myeloid/lymphoid neoplasm with *FGFR1* rearrangement\n9971 Polymorphic PTLD\n9975 Myelodysplastic/myeloproliferative neoplasm, unclassifiable\n9980 Myelodysplastic syndrome with single lineage dysplasia\n9982 Myelodysplastic syndrome with ring sideroblasts and single lineage dysplasia\n9983 Myelodysplastic syndrome with excess blasts\n9985 Myelodysplastic syndrome with multilineage dysplasia\n9986 Myelodysplastic syndrome with isolated del(5q)\n9989 Myelodysplastic syndrome, unclassifiable\n9991 Refractory neutropenia\n9992 Refractory thrombocytopenia\n\n**The following histologies are borderline and are not reportable**\n9765 Non-IgM monoclonal gammopathy of undetermined significance\n9766 Lymphomatoid granulomatosis, grade 1 or 2\n9767 Angioimmunoblastic lymphadenopathy\n9768 T-gamma lymphoproliferative disease\n9769 Monoclonal immunoglobulin deposition diseases",
  "schema_selection_table" : "schema_selection_heme_retic",
  "schema_discriminators" : [ "discriminator_1" ],
  "inputs" : [ {
    "key" : "year_dx",
    "name" : "Year of Diagnosis",
    "naaccr_item" : 390,
    "table" : "year_dx_validation",
    "used_for_staging" : false
  }, {
    "key" : "site",
    "name" : "Primary Site",
    "naaccr_item" : 400,
    "table" : "primary_site",
    "used_for_staging" : true
  }, {
    "key" : "hist",
    "name" : "Histology",
    "naaccr_item" : 522,
    "table" : "histology",
    "used_for_staging" : true
  }, {
    "key" : "discriminator_1",
    "name" : "Schema Discriminator 1",
    "naaccr_item" : 3926,
    "table" : "schema_discriminator_1_63995",
    "used_for_staging" : true,
    "metadata" : [ "COC_REQUIRED", "NPCR_REQUIRED", "SSDI", "CCCR_REQUIRED", "SEER_REQUIRED" ]
  }, {
    "key" : "age_dx",
    "name" : "Age at Diagnosis",
    "naaccr_item" : 230,
    "table" : "age_at_diagnosis_validation_65093",
    "used_for_staging" : true
  }, {
    "key" : "size_clin",
    "name" : "Tumor Size Clinical",
    "naaccr_item" : 752,
    "table" : "tumor_size_clinical_60979",
    "used_for_staging" : false
  }, {
    "key" : "size_path",
    "name" : "Tumor Size Pathological",
    "naaccr_item" : 754,
    "table" : "tumor_size_pathological_25597",
    "used_for_staging" : false
  }, {
    "key" : "size_summary",
    "name" : "Tumor Size Summary",
    "naaccr_item" : 756,
    "default" : "999",
    "table" : "tumor_size_summary_63115",
    "used_for_staging" : false
  }, {
    "key" : "nodes_pos",
    "name" : "Regional Nodes Positive",
    "naaccr_item" : 820,
    "default" : "99",
    "table" : "nodes_pos_dna_91511",
    "used_for_staging" : false
  }, {
    "key" : "nodes_exam",
    "name" : "Regional Nodes Examined",
    "naaccr_item" : 830,
    "default" : "99",
    "table" : "nodes_exam_dna_95635",
    "used_for_staging" : false
  }, {
    "key" : "eod_primary_tumor",
    "name" : "EOD Primary Tumor",
    "naaccr_item" : 772,
    "default" : "999",
    "table" : "extension_bci",
    "used_for_staging" : true
  }, {
    "key" : "eod_regional_nodes",
    "name" : "EOD Regional Nodes",
    "naaccr_item" : 774,
    "default" : "888",
    "table" : "nodes_dna",
    "used_for_staging" : true
  }, {
    "key" : "eod_mets",
    "name" : "EOD Mets",
    "naaccr_item" : 776,
    "default" : "88",
    "table" : "mets_hna",
    "used_for_staging" : true
  }, {
    "key" : "ss2018",
    "name" : "SS2018",
    "naaccr_item" : 764,
    "table" : "ss2018_hemeretic_3793",
    "used_for_staging" : false
  }, {
    "key" : "grade_clin",
    "name" : "Grade Clinical",
    "naaccr_item" : 3843,
    "default" : "8",
    "table" : "grade_clinical_18316",
    "used_for_staging" : false,
    "metadata" : [ "COC_REQUIRED", "NPCR_REQUIRED", "SSDI", "CCCR_REQUIRED", "SEER_REQUIRED" ]
  }, {
    "key" : "grade_path",
    "name" : "Grade Pathological",
    "naaccr_item" : 3844,
    "default" : "8",
    "table" : "grade_pathological_73388",
    "used_for_staging" : false,
    "metadata" : [ "COC_REQUIRED", "NPCR_REQUIRED", "SSDI", "CCCR_REQUIRED", "SEER_REQUIRED" ]
  }, {
    "key" : "grade_post_therapy",
    "name" : "Grade Post Therapy",
    "naaccr_item" : 3845,
    "table" : "grade_post_therapy_72642",
    "used_for_staging" : false,
    "metadata" : [ "COC_REQUIRED", "NPCR_REQUIRED", "SSDI", "CCCR_REQUIRED", "SEER_REQUIRED" ]
  }, {
    "key" : "jak2",
    "name" : "JAK2",
    "naaccr_item" : 3862,
    "default" : "8",
    "table" : "jak2_80148",
    "used_for_staging" : false,
    "metadata" : [ "COC_REQUIRED", "SSDI", "SEER_REQUIRED" ]
  } ],
  "outputs" : [ {
    "key" : "naaccr_schema_id",
    "name" : "Schema ID",
    "naaccr_item" : 3800,
    "default" : "00830"
  }, {
    "key" : "ajcc_id",
    "name" : "AJCC ID",
    "naaccr_item" : 995,
    "default" : "XX"
  }, {
    "key" : "derived_version",
    "name" : "Derived Version",
    "default" : "{{ctx_alg_version}}"
  }, {
    "key" : "eod_2018_t",
    "name" : "Derived EOD 2018 T",
    "naaccr_item" : 785,
    "default" : "88"
  }, {
    "key" : "eod_2018_n",
    "name" : "Derived EOD 2018 N",
    "naaccr_item" : 815,
    "default" : "88"
  }, {
    "key" : "eod_2018_m",
    "name" : "Derived EOD 2018 M",
    "naaccr_item" : 795,
    "default" : "88"
  }, {
    "key" : "eod_2018_stage_group",
    "name" : "Derived EOD 2018 Stage Group",
    "naaccr_item" : 818,
    "default" : "88"
  }, {
    "key" : "ss2018_derived",
    "name" : "Derived Summary Stage 2018",
    "naaccr_item" : 762,
    "default" : "9"
  } ],
  "mappings" : [ {
    "id" : "summary_stage_2018",
    "name" : "Summary Stage 2018",
    "initial_context" : [ {
      "key" : "ss2018_derived",
      "value" : "90"
    } ],
    "tables" : [ {
      "id" : "extension_bci",
      "inputs" : [ "eod_primary_tumor" ],
      "outputs" : [ "eod_2018_t", "ss2018_t" ]
    }, {
      "id" : "nodes_dna",
      "inputs" : [ "eod_regional_nodes" ],
      "outputs" : [ "eod_2018_n", "ss2018_n" ]
    }, {
      "id" : "mets_hna",
      "inputs" : [ "eod_mets" ],
      "outputs" : [ "eod_2018_m", "ss2018_m" ]
    }, {
      "id" : "summary_stage_lymphoma_25139",
      "inputs" : [ "ss2018_m", "ss2018_n", "ss2018_t" ],
      "outputs" : [ "ss2018_derived" ]
    } ]
  }, {
    "id" : "ajcc_chapter_calculation",
    "name" : "AJCC Chapter Calculation",
    "tables" : [ {
      "id" : "ajcc_chapter_calculation_46197",
      "inputs" : [ "hist", "site", "age_dx" ],
      "outputs" : [ "ajcc_id" ]
    } ]
  } ],
  "involved_tables" : [ "grade_post_therapy_72642", "jak2_80148", "schema_selection_heme_retic", "ss2018_hemeretic_3793", "tumor_size_pathological_25597", "summary_stage_lymphoma_25139", "tumor_size_clinical_60979", "nodes_exam_dna_95635", "ajcc_chapter_calculation_46197", "primary_site", "histology", "schema_discriminator_1_63995", "year_dx_validation", "age_at_diagnosis_validation_65093", "mets_hna", "extension_bci", "tumor_size_summary_63115", "grade_clinical_18316", "grade_pathological_73388", "nodes_dna", "nodes_pos_dna_91511" ],
  "on_invalid_input" : "FAIL_WHEN_USED_FOR_STAGING",
  "last_modified" : "2018-03-12T16:41:51.096Z"
}