{
  "id" : "melanoma_head_neck",
  "algorithm" : "eod_public",
  "version" : "1.0",
  "name" : "Melanoma Head and Neck",
  "title" : "Malignant Melanoma of Head and Neck",
  "notes" : "C003-C005, C008-C009 Lip\nC019 Base of Tongue, NOS\nC020-C024, C028, C029 Other and Unspecified Parts of Tongue \nC030-C031, C039 Gum\nC040-C041, C048-C049 Floor of Mouth\nC050-C052, C058-C059 Palate\nC060-C062, C068-C069 Other and Unspecified Parts of Mouth\nC090-C091, C098-C099 Tonsil\nC100-C104, C108-C109 Oropharynx\nC110-C113, C118-C119 Nasopharynx\nC129 Pyriform sinus\nC130-C132, C138-C139 Hypopharynx\nC140, C142, C148 Other and Ill-Defined Sites in Lip, Oral Cavity and Pharynx\nC300 Nasal cavity \nC301 Middle ear\nC310-C313, C318-C319 Accessory Sinuses\nC320-C323, C328-C329 Larynx  \n\n**Note:** The following sources were used in the development of this schema\n* SEER Extent of Disease 1988: Codes and Coding Instructions (3rd Edition, 1998) (https://seer.cancer.gov/archive/manuals/EOD10Dig.3rd.pdf)\n* SEER Summary Staging Manual-2000: Codes and Coding Instructions (https://seer.cancer.gov/tools/ssm/)\n* Collaborative Stage Data Collection System, version 02.05:  https://cancerstaging.org/cstage/Pages/default.aspx \n* Chapter 14 *Mucosal Melanoma of the Head and Neck*, in the AJCC Cancer Staging Manual, Eighth Edition (2017) published by Springer International Publishing. Used with permission of the American College of Surgeons, Chicago, Illinois.",
  "schema_selection_table" : "schema_selection_melanoma_buccal_mucosa",
  "inputs" : [ {
    "key" : "year_dx",
    "name" : "Year of Diagnosis",
    "naaccr_item" : 390,
    "table" : "year_dx_validation",
    "used_for_staging" : false
  }, {
    "key" : "site",
    "name" : "Primary Site",
    "naaccr_item" : 400,
    "table" : "primary_site",
    "used_for_staging" : true
  }, {
    "key" : "hist",
    "name" : "Histology",
    "naaccr_item" : 522,
    "table" : "histology",
    "used_for_staging" : true
  }, {
    "key" : "behavior",
    "name" : "Behavior",
    "naaccr_item" : 523,
    "table" : "behavior",
    "used_for_staging" : true
  }, {
    "key" : "size_clin",
    "name" : "Tumor Size Clinical",
    "naaccr_item" : 752,
    "table" : "tumor_size_clinical_60979",
    "used_for_staging" : false
  }, {
    "key" : "size_path",
    "name" : "Tumor Size Pathological",
    "naaccr_item" : 754,
    "table" : "tumor_size_pathological_25597",
    "used_for_staging" : false
  }, {
    "key" : "size_summary",
    "name" : "Tumor Size Summary",
    "naaccr_item" : 756,
    "default" : "999",
    "table" : "tumor_size_summary_63115",
    "used_for_staging" : false
  }, {
    "key" : "nodes_pos",
    "name" : "Regional Nodes Positive",
    "naaccr_item" : 820,
    "default" : "99",
    "table" : "nodes_pos_fpa",
    "used_for_staging" : false
  }, {
    "key" : "nodes_exam",
    "name" : "Regional Nodes Examined",
    "naaccr_item" : 830,
    "default" : "99",
    "table" : "nodes_exam_76029",
    "used_for_staging" : false
  }, {
    "key" : "radiation_surg_seq",
    "name" : "RX Summ Surgery/Radiation Sequence",
    "naaccr_item" : 1380,
    "table" : "radiation_surg_seq",
    "used_for_staging" : false
  }, {
    "key" : "systemic_surg_seq",
    "name" : "RX Summ Systemic/Surgery Sequence",
    "naaccr_item" : 1639,
    "table" : "systemic_surg_seq",
    "used_for_staging" : false
  }, {
    "key" : "eod_primary_tumor",
    "name" : "EOD Primary Tumor",
    "naaccr_item" : 772,
    "default" : "999",
    "table" : "seer_primary_tumor_head_neck_melanoma_38698",
    "used_for_staging" : true
  }, {
    "key" : "eod_regional_nodes",
    "name" : "EOD Regional Nodes",
    "naaccr_item" : 774,
    "default" : "999",
    "table" : "seer_regional_nodes_91716",
    "used_for_staging" : true
  }, {
    "key" : "eod_mets",
    "name" : "EOD Mets",
    "naaccr_item" : 776,
    "default" : "00",
    "table" : "eod_mets_mucosal_head_and_neck_45697",
    "used_for_staging" : true
  }, {
    "key" : "ss2018",
    "name" : "SS2018",
    "naaccr_item" : 764,
    "table" : "ss2018_melanoma_head_and_neck_8720_8790_46168",
    "used_for_staging" : false
  }, {
    "key" : "grade_clin",
    "name" : "Grade Clinical",
    "naaccr_item" : 3843,
    "default" : "9",
    "table" : "grade_clinical_standard_94331",
    "used_for_staging" : false,
    "metadata" : [ "COC_REQUIRED", "NPCR_REQUIRED", "SSDI", "CCCR_REQUIRED", "SEER_REQUIRED" ]
  }, {
    "key" : "grade_path",
    "name" : "Grade Pathological",
    "naaccr_item" : 3844,
    "default" : "9",
    "table" : "grade_pathological_standard_94268",
    "used_for_staging" : false,
    "metadata" : [ "COC_REQUIRED", "NPCR_REQUIRED", "SSDI", "CCCR_REQUIRED", "SEER_REQUIRED" ]
  }, {
    "key" : "grade_post_therapy",
    "name" : "Grade Post Therapy",
    "naaccr_item" : 3845,
    "table" : "grade_post_therapy_standard_88293",
    "used_for_staging" : false,
    "metadata" : [ "COC_REQUIRED", "NPCR_REQUIRED", "SSDI", "CCCR_REQUIRED", "SEER_REQUIRED" ]
  }, {
    "key" : "extranodal_ext_hn_clin",
    "name" : "Extranodal Exten H&N Clin",
    "naaccr_item" : 3831,
    "default" : "8",
    "table" : "extranodal_extension_head_and_neck_clinical_51375",
    "used_for_staging" : false,
    "metadata" : [ "COC_REQUIRED", "SSDI", "SEER_REQUIRED" ]
  }, {
    "key" : "extranodal_ext_hn_path",
    "name" : "Extranodal Exten H&N Path",
    "naaccr_item" : 3832,
    "default" : "X.8",
    "table" : "extranodal_extension_head_and_neck_pathological_93423",
    "used_for_staging" : false,
    "metadata" : [ "COC_REQUIRED", "SSDI", "CCCR_REQUIRED", "SEER_REQUIRED" ]
  }, {
    "key" : "ln_size_of_mets",
    "name" : "Lymph Nodes Size of Mets",
    "naaccr_item" : 3883,
    "default" : "XX.8",
    "table" : "lymph_nodes_size_of_metastasis_87329",
    "used_for_staging" : false,
    "metadata" : [ "COC_REQUIRED", "NPCR_REQUIRED", "SSDI", "CCCR_REQUIRED", "SEER_REQUIRED" ]
  }, {
    "key" : "ln_hn_1_2_3",
    "name" : "Lymph Nodes H&N Lev I-III",
    "naaccr_item" : 3876,
    "default" : "8",
    "table" : "lymph_nodes_head_and_neck_levels_i_iii_19222",
    "used_for_staging" : false,
    "metadata" : [ "COC_REQUIRED", "SSDI", "SEER_REQUIRED" ]
  }, {
    "key" : "ln_hn_4_5",
    "name" : "Lymph Nodes H&N Lev IV-V",
    "naaccr_item" : 3877,
    "default" : "8",
    "table" : "lymph_nodes_head_and_neck_levels_iv_v_55093",
    "used_for_staging" : false,
    "metadata" : [ "COC_REQUIRED", "SSDI", "SEER_REQUIRED" ]
  }, {
    "key" : "ln_hn_6_7",
    "name" : "Lymph Nodes H&N Lev VI-VII",
    "naaccr_item" : 3878,
    "default" : "8",
    "table" : "lymph_nodes_head_and_neck_levels_vi_vii_32325",
    "used_for_staging" : false,
    "metadata" : [ "COC_REQUIRED", "SSDI", "SEER_REQUIRED" ]
  }, {
    "key" : "ln_hn_other",
    "name" : "Lymph Nodes H&N Other",
    "naaccr_item" : 3879,
    "default" : "8",
    "table" : "lymph_nodes_head_and_neck_other_31141",
    "used_for_staging" : false,
    "metadata" : [ "COC_REQUIRED", "SSDI", "SEER_REQUIRED" ]
  } ],
  "outputs" : [ {
    "key" : "naaccr_schema_id",
    "name" : "Schema ID",
    "naaccr_item" : 3800,
    "default" : "00140"
  }, {
    "key" : "ajcc_id",
    "name" : "AJCC ID",
    "naaccr_item" : 995,
    "default" : "XX"
  }, {
    "key" : "derived_version",
    "name" : "Derived Version",
    "default" : "{{ctx_alg_version}}"
  }, {
    "key" : "eod_2018_t",
    "name" : "Derived EOD 2018 T",
    "naaccr_item" : 785,
    "default" : "88"
  }, {
    "key" : "eod_2018_n",
    "name" : "Derived EOD 2018 N",
    "naaccr_item" : 815,
    "default" : "88"
  }, {
    "key" : "eod_2018_m",
    "name" : "Derived EOD 2018 M",
    "naaccr_item" : 795,
    "default" : "88"
  }, {
    "key" : "eod_2018_stage_group",
    "name" : "Derived EOD 2018 Stage Group",
    "naaccr_item" : 818,
    "default" : "88"
  }, {
    "key" : "ss2018_derived",
    "name" : "Derived Summary Stage 2018",
    "naaccr_item" : 762,
    "default" : "9"
  } ],
  "mappings" : [ {
    "id" : "summary_stage_2018",
    "name" : "Summary Stage 2018",
    "initial_context" : [ {
      "key" : "ss2018_derived",
      "value" : "90"
    } ],
    "tables" : [ {
      "id" : "seer_primary_tumor_head_neck_melanoma_38698",
      "inputs" : [ "eod_primary_tumor" ],
      "outputs" : [ "eod_2018_t", "ss2018_t" ]
    }, {
      "id" : "seer_regional_nodes_91716",
      "inputs" : [ "eod_regional_nodes" ],
      "outputs" : [ "eod_2018_n", "ss2018_n" ]
    }, {
      "id" : "eod_mets_mucosal_head_and_neck_45697",
      "inputs" : [ "eod_mets" ],
      "outputs" : [ "eod_2018_m", "ss2018_m" ]
    }, {
      "id" : "summary_stage_rpa",
      "inputs" : [ "ss2018_m", "ss2018_n", "ss2018_t" ],
      "outputs" : [ "ss2018_derived" ]
    } ]
  }, {
    "id" : "ajcc_chapter_calculation",
    "name" : "AJCC Chapter Calculation",
    "tables" : [ {
      "id" : "ajcc_chapter_calculation_24926",
      "inputs" : [ "site", "hist", "behavior" ],
      "outputs" : [ "ajcc_id" ]
    } ]
  }, {
    "id" : "eod_2018_stage_group",
    "name" : "EOD 2018 Stage Group",
    "inclusion_tables" : [ {
      "id" : "tnm8_inclusions_tpa",
      "inputs" : [ "ajcc_id" ]
    } ],
    "initial_context" : [ {
      "key" : "eod_2018_stage_group",
      "value" : "90"
    } ],
    "tables" : [ {
      "id" : "parse_t_2177",
      "input_mapping" : [ {
        "from" : "eod_2018_t",
        "to" : "t"
      } ],
      "output_mapping" : [ {
        "from" : "root_t",
        "to" : "tmp_eod_t"
      } ],
      "inputs" : [ "eod_2018_t" ],
      "outputs" : [ "t_prefix", "tmp_eod_t" ]
    }, {
      "id" : "parse_n_67182",
      "input_mapping" : [ {
        "from" : "eod_2018_n",
        "to" : "n"
      } ],
      "output_mapping" : [ {
        "from" : "root_n",
        "to" : "tmp_eod_n"
      } ],
      "inputs" : [ "eod_2018_n" ],
      "outputs" : [ "n_prefix", "tmp_eod_n" ]
    }, {
      "id" : "parse_m_47057",
      "input_mapping" : [ {
        "from" : "eod_2018_m",
        "to" : "m"
      } ],
      "output_mapping" : [ {
        "from" : "root_m",
        "to" : "tmp_eod_m"
      } ],
      "inputs" : [ "eod_2018_m" ],
      "outputs" : [ "m_prefix", "tmp_eod_m" ]
    }, {
      "id" : "tnm8_stage_for_sites_with_no_stage_groupings_unb",
      "input_mapping" : [ {
        "from" : "tmp_eod_n",
        "to" : "n"
      }, {
        "from" : "tmp_eod_m",
        "to" : "m"
      }, {
        "from" : "tmp_eod_t",
        "to" : "t"
      } ],
      "output_mapping" : [ {
        "from" : "stage",
        "to" : "eod_2018_stage_group"
      } ],
      "inputs" : [ "tmp_eod_n", "tmp_eod_m", "tmp_eod_t" ],
      "outputs" : [ "eod_2018_stage_group" ]
    } ]
  }, {
    "id" : "eod_tnm_cleanup",
    "name" : "EOD TNM Cleanup",
    "exclusion_tables" : [ {
      "id" : "tnm8_inclusions_tpa",
      "inputs" : [ "ajcc_id" ]
    } ],
    "tables" : [ {
      "id" : "eod_tnm_component_cleanup_58170",
      "inputs" : [ "ajcc_id" ],
      "outputs" : [ "eod_2018_n", "eod_2018_m", "eod_2018_t", "eod_2018_stage_group" ]
    } ]
  } ],
  "involved_tables" : [ "eod_mets_mucosal_head_and_neck_45697", "radiation_surg_seq", "lymph_nodes_head_and_neck_levels_i_iii_19222", "ss2018_melanoma_head_and_neck_8720_8790_46168", "extranodal_extension_head_and_neck_clinical_51375", "nodes_pos_fpa", "parse_t_2177", "parse_n_67182", "extranodal_extension_head_and_neck_pathological_93423", "histology", "nodes_exam_76029", "seer_regional_nodes_91716", "lymph_nodes_size_of_metastasis_87329", "tumor_size_summary_63115", "schema_selection_melanoma_buccal_mucosa", "behavior", "ajcc_chapter_calculation_24926", "grade_post_therapy_standard_88293", "grade_clinical_standard_94331", "lymph_nodes_head_and_neck_other_31141", "tnm8_inclusions_tpa", "lymph_nodes_head_and_neck_levels_vi_vii_32325", "tumor_size_pathological_25597", "tumor_size_clinical_60979", "systemic_surg_seq", "seer_primary_tumor_head_neck_melanoma_38698", "parse_m_47057", "primary_site", "eod_tnm_component_cleanup_58170", "grade_pathological_standard_94268", "year_dx_validation", "lymph_nodes_head_and_neck_levels_iv_v_55093", "summary_stage_rpa", "tnm8_stage_for_sites_with_no_stage_groupings_unb" ],
  "on_invalid_input" : "FAIL_WHEN_USED_FOR_STAGING",
  "last_modified" : "2018-03-12T16:42:05.260Z"
}