{
  "id" : "melanoma_choroid_ciliary_body",
  "algorithm" : "eod_public",
  "version" : "1.0",
  "name" : "Melanoma Choroid and Ciliary Body",
  "title" : "Malignant Melanoma of Choroid and Ciliary Body (excluding Iris)",
  "notes" : "C693 Choroid \nC694 Ciliary Body [excluding iris] \n\t\n**Note 1:** The following sources were used in the development of this schema\n* SEER Extent of Disease 1988: Codes and Coding Instructions (3rd Edition, 1998) (https://seer.cancer.gov/archive/manuals/EOD10Dig.3rd.pdf)\n* SEER Summary Staging Manual-2000: Codes and Coding Instructions (https://seer.cancer.gov/tools/ssm/)\n* Collaborative Stage Data Collection System, version 02.05:  https://cancerstaging.org/cstage/Pages/default.aspx \n* Chapter 67 *Uveal Melanoma*, in the AJCC Cancer Staging Manual, Eighth Edition (2017) published by Springer International Publishing. Used with permission of the American College of Surgeons, Chicago, Illinois.\n\n**Note 2:** *Schema Discriminator 1: Melanoma Ciliary Body/Melanoma Iris* is used to discriminate between Melanoma Ciliary Body and Melanoma Iris which are coded to ICD-O-3 code C694.",
  "schema_selection_table" : "schema_selection_melanoma_ciliary_body",
  "schema_discriminators" : [ "discriminator_1" ],
  "inputs" : [ {
    "key" : "year_dx",
    "name" : "Year of Diagnosis",
    "naaccr_item" : 390,
    "table" : "year_dx_validation",
    "used_for_staging" : false
  }, {
    "key" : "site",
    "name" : "Primary Site",
    "naaccr_item" : 400,
    "table" : "primary_site",
    "used_for_staging" : true
  }, {
    "key" : "hist",
    "name" : "Histology",
    "naaccr_item" : 522,
    "table" : "histology",
    "used_for_staging" : true
  }, {
    "key" : "behavior",
    "name" : "Behavior",
    "naaccr_item" : 523,
    "table" : "behavior",
    "used_for_staging" : true
  }, {
    "key" : "discriminator_1",
    "name" : "Schema Discriminator 1",
    "naaccr_item" : 3926,
    "table" : "melanoma_ciliary_body_melanoma_iris_79773",
    "used_for_staging" : true,
    "metadata" : [ "COC_REQUIRED", "NPCR_REQUIRED", "SSDI", "CCCR_REQUIRED", "SEER_REQUIRED" ]
  }, {
    "key" : "size_clin",
    "name" : "Tumor Size Clinical",
    "naaccr_item" : 752,
    "table" : "tumor_size_clinical_60979",
    "used_for_staging" : false
  }, {
    "key" : "size_path",
    "name" : "Tumor Size Pathological",
    "naaccr_item" : 754,
    "table" : "tumor_size_pathological_25597",
    "used_for_staging" : false
  }, {
    "key" : "size_summary",
    "name" : "Tumor Size Summary",
    "naaccr_item" : 756,
    "default" : "999",
    "table" : "tumor_size_summary_63115",
    "used_for_staging" : false
  }, {
    "key" : "nodes_pos",
    "name" : "Regional Nodes Positive",
    "naaccr_item" : 820,
    "default" : "99",
    "table" : "nodes_pos_fpa",
    "used_for_staging" : false
  }, {
    "key" : "nodes_exam",
    "name" : "Regional Nodes Examined",
    "naaccr_item" : 830,
    "default" : "99",
    "table" : "nodes_exam_76029",
    "used_for_staging" : false
  }, {
    "key" : "radiation_surg_seq",
    "name" : "RX Summ Surgery/Radiation Sequence",
    "naaccr_item" : 1380,
    "table" : "radiation_surg_seq",
    "used_for_staging" : false
  }, {
    "key" : "systemic_surg_seq",
    "name" : "RX Summ Systemic/Surgery Sequence",
    "naaccr_item" : 1639,
    "table" : "systemic_surg_seq",
    "used_for_staging" : false
  }, {
    "key" : "eod_primary_tumor",
    "name" : "EOD Primary Tumor",
    "naaccr_item" : 772,
    "default" : "999",
    "table" : "extension_bfq",
    "used_for_staging" : true
  }, {
    "key" : "eod_regional_nodes",
    "name" : "EOD Regional Nodes",
    "naaccr_item" : 774,
    "default" : "999",
    "table" : "eod_regional_nodes_76612",
    "used_for_staging" : true
  }, {
    "key" : "eod_mets",
    "name" : "EOD Mets",
    "naaccr_item" : 776,
    "default" : "00",
    "table" : "eod_mets_43451",
    "used_for_staging" : true
  }, {
    "key" : "ss2018",
    "name" : "SS2018",
    "naaccr_item" : 764,
    "table" : "ss2018_melanoma_choroid_ciliary_body_iris_21929",
    "used_for_staging" : false
  }, {
    "key" : "grade_clin",
    "name" : "Grade Clinical",
    "naaccr_item" : 3843,
    "default" : "9",
    "table" : "grade_clinical_54911",
    "used_for_staging" : false,
    "metadata" : [ "COC_REQUIRED", "NPCR_REQUIRED", "SSDI", "CCCR_REQUIRED", "SEER_REQUIRED" ]
  }, {
    "key" : "grade_path",
    "name" : "Grade Pathological",
    "naaccr_item" : 3844,
    "default" : "9",
    "table" : "grade_pathological_46618",
    "used_for_staging" : false,
    "metadata" : [ "COC_REQUIRED", "NPCR_REQUIRED", "SSDI", "CCCR_REQUIRED", "SEER_REQUIRED" ]
  }, {
    "key" : "grade_post_therapy",
    "name" : "Grade Post Therapy",
    "naaccr_item" : 3845,
    "table" : "grade_post_therapy_70091",
    "used_for_staging" : false,
    "metadata" : [ "COC_REQUIRED", "NPCR_REQUIRED", "SSDI", "CCCR_REQUIRED", "SEER_REQUIRED" ]
  }, {
    "key" : "measured_thickness",
    "name" : "Measured Thickness",
    "naaccr_item" : 3888,
    "default" : "XX.8",
    "table" : "measured_thickness_84907",
    "used_for_staging" : true,
    "metadata" : [ "COC_REQUIRED", "NPCR_REQUIRED", "SSDI", "SEER_REQUIRED" ]
  }, {
    "key" : "measured_basal_diameter",
    "name" : "Measured Basal Diameter",
    "naaccr_item" : 3887,
    "default" : "XX.8",
    "table" : "measured_basal_diameter_70699",
    "used_for_staging" : true,
    "metadata" : [ "COC_REQUIRED", "NPCR_REQUIRED", "SSDI", "SEER_REQUIRED" ]
  }, {
    "key" : "extravascular_matrix_patterns",
    "name" : "Extravascular Matrix Patterns",
    "naaccr_item" : 3834,
    "default" : "8",
    "table" : "extravascular_matrix_patterns_1397",
    "used_for_staging" : false,
    "metadata" : [ "COC_REQUIRED", "SSDI", "SEER_REQUIRED" ]
  }, {
    "key" : "mvd",
    "name" : "Microvascular Density (MVD)",
    "naaccr_item" : 3891,
    "default" : "X8",
    "table" : "microvascular_density_70589",
    "used_for_staging" : false,
    "metadata" : [ "COC_REQUIRED", "SSDI", "SEER_REQUIRED" ]
  }, {
    "key" : "mitotic_count_uveal_mel",
    "name" : "Mitotic Count Uveal Mel",
    "naaccr_item" : 3892,
    "default" : "XX.8",
    "table" : "mitotic_count_uveal_melanoma_26990",
    "used_for_staging" : false,
    "metadata" : [ "COC_REQUIRED", "SSDI", "SEER_REQUIRED" ]
  }, {
    "key" : "chrom_3_status",
    "name" : "Chromosome 3 Status",
    "naaccr_item" : 3821,
    "default" : "8",
    "table" : "chromosome_3_status_93464",
    "used_for_staging" : false,
    "metadata" : [ "COC_REQUIRED", "SSDI", "SEER_REQUIRED" ]
  }, {
    "key" : "chrom_8q_status",
    "name" : "Chromosome 8q Status",
    "naaccr_item" : 3822,
    "default" : "8",
    "table" : "chromosome_8q_status_83582",
    "used_for_staging" : false,
    "metadata" : [ "COC_REQUIRED", "SSDI", "SEER_REQUIRED" ]
  } ],
  "outputs" : [ {
    "key" : "naaccr_schema_id",
    "name" : "Schema ID",
    "naaccr_item" : 3800,
    "default" : "00672"
  }, {
    "key" : "ajcc_id",
    "name" : "AJCC ID",
    "naaccr_item" : 995,
    "default" : "XX"
  }, {
    "key" : "derived_version",
    "name" : "Derived Version",
    "default" : "{{ctx_alg_version}}"
  }, {
    "key" : "eod_2018_t",
    "name" : "Derived EOD 2018 T",
    "naaccr_item" : 785,
    "default" : "88"
  }, {
    "key" : "eod_2018_n",
    "name" : "Derived EOD 2018 N",
    "naaccr_item" : 815,
    "default" : "88"
  }, {
    "key" : "eod_2018_m",
    "name" : "Derived EOD 2018 M",
    "naaccr_item" : 795,
    "default" : "88"
  }, {
    "key" : "eod_2018_stage_group",
    "name" : "Derived EOD 2018 Stage Group",
    "naaccr_item" : 818,
    "default" : "88"
  }, {
    "key" : "ss2018_derived",
    "name" : "Derived Summary Stage 2018",
    "naaccr_item" : 762,
    "default" : "9"
  } ],
  "mappings" : [ {
    "id" : "summary_stage_2018",
    "name" : "Summary Stage 2018",
    "initial_context" : [ {
      "key" : "ss2018_derived",
      "value" : "90"
    } ],
    "tables" : [ {
      "id" : "measured_basal_diameter_with_measured_thickness_for_tumor_size_category_65198",
      "inputs" : [ "measured_basal_diameter", "measured_thickness" ],
      "outputs" : [ "tumor_size_category" ]
    }, {
      "id" : "extension_bfq",
      "inputs" : [ "tumor_size_category", "eod_primary_tumor" ],
      "outputs" : [ "eod_2018_t", "ss2018_t" ]
    }, {
      "id" : "eod_regional_nodes_76612",
      "inputs" : [ "eod_regional_nodes" ],
      "outputs" : [ "eod_2018_n", "ss2018_n" ]
    }, {
      "id" : "eod_mets_43451",
      "inputs" : [ "eod_mets" ],
      "outputs" : [ "eod_2018_m", "ss2018_m" ]
    }, {
      "id" : "summary_stage_rpa",
      "inputs" : [ "ss2018_m", "ss2018_n", "ss2018_t" ],
      "outputs" : [ "ss2018_derived" ]
    } ]
  }, {
    "id" : "ajcc_chapter_calculation",
    "name" : "AJCC Chapter Calculation",
    "tables" : [ {
      "id" : "ajcc_chapter_calculation_38053",
      "inputs" : [ "hist", "behavior" ],
      "outputs" : [ "ajcc_id" ]
    } ]
  }, {
    "id" : "eod_2018_stage_group",
    "name" : "EOD 2018 Stage Group",
    "inclusion_tables" : [ {
      "id" : "tnm8_inclusions_15426",
      "inputs" : [ "ajcc_id" ]
    } ],
    "initial_context" : [ {
      "key" : "eod_2018_stage_group",
      "value" : "90"
    } ],
    "tables" : [ {
      "id" : "parse_t_2177",
      "input_mapping" : [ {
        "from" : "eod_2018_t",
        "to" : "t"
      } ],
      "output_mapping" : [ {
        "from" : "root_t",
        "to" : "tmp_eod_t"
      } ],
      "inputs" : [ "eod_2018_t" ],
      "outputs" : [ "t_prefix", "tmp_eod_t" ]
    }, {
      "id" : "parse_n_67182",
      "input_mapping" : [ {
        "from" : "eod_2018_n",
        "to" : "n"
      } ],
      "output_mapping" : [ {
        "from" : "root_n",
        "to" : "tmp_eod_n"
      } ],
      "inputs" : [ "eod_2018_n" ],
      "outputs" : [ "n_prefix", "tmp_eod_n" ]
    }, {
      "id" : "parse_m_47057",
      "input_mapping" : [ {
        "from" : "eod_2018_m",
        "to" : "m"
      } ],
      "output_mapping" : [ {
        "from" : "root_m",
        "to" : "tmp_eod_m"
      } ],
      "inputs" : [ "eod_2018_m" ],
      "outputs" : [ "m_prefix", "tmp_eod_m" ]
    }, {
      "id" : "tnm_8_path_stage_group_for_eod_56790",
      "input_mapping" : [ {
        "from" : "tmp_eod_n",
        "to" : "n"
      }, {
        "from" : "tmp_eod_m",
        "to" : "m"
      }, {
        "from" : "tmp_eod_t",
        "to" : "t"
      } ],
      "output_mapping" : [ {
        "from" : "stage",
        "to" : "eod_2018_stage_group"
      } ],
      "inputs" : [ "tmp_eod_n", "tmp_eod_m", "tmp_eod_t" ],
      "outputs" : [ "eod_2018_stage_group" ]
    } ]
  }, {
    "id" : "eod_tnm_cleanup",
    "name" : "EOD TNM Cleanup",
    "exclusion_tables" : [ {
      "id" : "tnm8_inclusions_15426",
      "inputs" : [ "ajcc_id" ]
    } ],
    "tables" : [ {
      "id" : "eod_tnm_component_cleanup_58170",
      "inputs" : [ "ajcc_id" ],
      "outputs" : [ "eod_2018_n", "eod_2018_m", "eod_2018_t", "eod_2018_stage_group" ]
    } ]
  } ],
  "involved_tables" : [ "tumor_size_category_with_primary_tumor_for_t_63342", "radiation_surg_seq", "nodes_pos_fpa", "tnm8_inclusions_15426", "parse_t_2177", "parse_n_67182", "tnm_8_path_stage_group_for_eod_56790", "histology", "schema_selection_melanoma_ciliary_body", "nodes_exam_76029", "grade_pathological_46618", "tumor_size_summary_63115", "behavior", "extension_bfq", "extravascular_matrix_patterns_1397", "grade_post_therapy_70091", "chromosome_8q_status_83582", "measured_basal_diameter_70699", "melanoma_ciliary_body_melanoma_iris_79773", "tumor_size_pathological_25597", "tumor_size_clinical_60979", "microvascular_density_70589", "eod_regional_nodes_76612", "systemic_surg_seq", "eod_mets_43451", "parse_m_47057", "primary_site", "eod_tnm_component_cleanup_58170", "mitotic_count_uveal_melanoma_26990", "ss2018_melanoma_choroid_ciliary_body_iris_21929", "measured_thickness_84907", "year_dx_validation", "chromosome_3_status_93464", "measured_basal_diameter_with_measured_thickness_for_tumor_size_category_65198", "ajcc_chapter_calculation_38053", "summary_stage_rpa", "grade_clinical_54911" ],
  "on_invalid_input" : "FAIL_WHEN_USED_FOR_STAGING",
  "last_modified" : "2018-03-12T16:42:06.352Z"
}