{
  "id" : "pancreas",
  "algorithm" : "eod_public",
  "version" : "1.0",
  "name" : "Pancreas",
  "title" : "Pancreas (excluding Neuroendocrine Tumor)",
  "notes" : "C250 Head of pancreas\nC251 Body of pancreas\nC252 Tail of pancreas\nC253 Pancreatic duct\nC254 Islets of Langerhans\nC257 Other specified parts of pancreas\nC258 Overlapping lesion of pancreas\nC259 Pancreas, NOS\n\n**Note 1:** The following sources were used in the development of this schema\n* SEER Extent of Disease 1988: Codes and Coding Instructions (3rd Edition, 1998) (https://seer.cancer.gov/archive/manuals/EOD10Dig.3rd.pdf)\n* SEER Summary Staging Manual-2000: Codes and Coding Instructions (https://seer.cancer.gov/tools/ssm/)\n* Collaborative Stage Data Collection System, version 02.05:  https://cancerstaging.org/cstage/Pages/default.aspx \n* Chapter 28 *Exocrine Pancreas*, in the AJCC Cancer Staging Manual, Eighth Edition (2017) published by Springer International Publishing. Used with permission of the American College of Surgeons, Chicago, Illinois.\n\n**Note 2:** For tumors of the islet cells, determine which subsite of the pancreas is involved and use that primary site code. If the subsite cannot be determined, use the general code for Islets of Langerhans, C254.",
  "schema_selection_table" : "schema_selection_pancreas_body_tail",
  "inputs" : [ {
    "key" : "year_dx",
    "name" : "Year of Diagnosis",
    "naaccr_item" : 390,
    "table" : "year_dx_validation",
    "used_for_staging" : false
  }, {
    "key" : "site",
    "name" : "Primary Site",
    "naaccr_item" : 400,
    "table" : "primary_site",
    "used_for_staging" : true
  }, {
    "key" : "hist",
    "name" : "Histology",
    "naaccr_item" : 522,
    "table" : "histology",
    "used_for_staging" : true
  }, {
    "key" : "behavior",
    "name" : "Behavior",
    "naaccr_item" : 523,
    "table" : "behavior",
    "used_for_staging" : false
  }, {
    "key" : "size_clin",
    "name" : "Tumor Size Clinical",
    "naaccr_item" : 752,
    "table" : "tumor_size_clinical_60979",
    "used_for_staging" : false
  }, {
    "key" : "size_path",
    "name" : "Tumor Size Pathological",
    "naaccr_item" : 754,
    "table" : "tumor_size_pathological_25597",
    "used_for_staging" : false
  }, {
    "key" : "size_summary",
    "name" : "Tumor Size Summary",
    "naaccr_item" : 756,
    "default" : "999",
    "table" : "tumor_size_summary_63115",
    "used_for_staging" : true
  }, {
    "key" : "nodes_pos",
    "name" : "Regional Nodes Positive",
    "naaccr_item" : 820,
    "default" : "99",
    "table" : "nodes_pos_fpa",
    "used_for_staging" : true
  }, {
    "key" : "nodes_exam",
    "name" : "Regional Nodes Examined",
    "naaccr_item" : 830,
    "default" : "99",
    "table" : "nodes_exam_76029",
    "used_for_staging" : false
  }, {
    "key" : "radiation_surg_seq",
    "name" : "RX Summ Surgery/Radiation Sequence",
    "naaccr_item" : 1380,
    "table" : "radiation_surg_seq",
    "used_for_staging" : false
  }, {
    "key" : "systemic_surg_seq",
    "name" : "RX Summ Systemic/Surgery Sequence",
    "naaccr_item" : 1639,
    "table" : "systemic_surg_seq",
    "used_for_staging" : false
  }, {
    "key" : "eod_primary_tumor",
    "name" : "EOD Primary Tumor",
    "naaccr_item" : 772,
    "default" : "999",
    "table" : "seer_primary_tumor_95193",
    "used_for_staging" : true
  }, {
    "key" : "eod_regional_nodes",
    "name" : "EOD Regional Nodes",
    "naaccr_item" : 774,
    "default" : "999",
    "table" : "eod_regional_nodes_11936",
    "used_for_staging" : true
  }, {
    "key" : "eod_mets",
    "name" : "EOD Mets",
    "naaccr_item" : 776,
    "default" : "00",
    "table" : "seer_mets_66514",
    "used_for_staging" : true
  }, {
    "key" : "ss2018",
    "name" : "SS2018",
    "naaccr_item" : 764,
    "table" : "ss2018_pancreas_95507",
    "used_for_staging" : false
  }, {
    "key" : "grade_clin",
    "name" : "Grade Clinical",
    "naaccr_item" : 3843,
    "default" : "9",
    "table" : "grade_clinical_6485",
    "used_for_staging" : false,
    "metadata" : [ "COC_REQUIRED", "NPCR_REQUIRED", "SSDI", "CCCR_REQUIRED", "SEER_REQUIRED" ]
  }, {
    "key" : "grade_path",
    "name" : "Grade Pathological",
    "naaccr_item" : 3844,
    "default" : "9",
    "table" : "grade_pathological_84704",
    "used_for_staging" : false,
    "metadata" : [ "COC_REQUIRED", "NPCR_REQUIRED", "SSDI", "CCCR_REQUIRED", "SEER_REQUIRED" ]
  }, {
    "key" : "grade_post_therapy",
    "name" : "Grade Post Therapy",
    "naaccr_item" : 3845,
    "table" : "grade_post_therapy_45742",
    "used_for_staging" : false,
    "metadata" : [ "COC_REQUIRED", "NPCR_REQUIRED", "SSDI", "CCCR_REQUIRED", "SEER_REQUIRED" ]
  } ],
  "outputs" : [ {
    "key" : "naaccr_schema_id",
    "name" : "Schema ID",
    "naaccr_item" : 3800,
    "default" : "00280"
  }, {
    "key" : "ajcc_id",
    "name" : "AJCC ID",
    "naaccr_item" : 995,
    "default" : "XX"
  }, {
    "key" : "derived_version",
    "name" : "Derived Version",
    "default" : "{{ctx_alg_version}}"
  }, {
    "key" : "eod_2018_t",
    "name" : "Derived EOD 2018 T",
    "naaccr_item" : 785,
    "default" : "88"
  }, {
    "key" : "eod_2018_n",
    "name" : "Derived EOD 2018 N",
    "naaccr_item" : 815,
    "default" : "88"
  }, {
    "key" : "eod_2018_m",
    "name" : "Derived EOD 2018 M",
    "naaccr_item" : 795,
    "default" : "88"
  }, {
    "key" : "eod_2018_stage_group",
    "name" : "Derived EOD 2018 Stage Group",
    "naaccr_item" : 818,
    "default" : "88"
  }, {
    "key" : "ss2018_derived",
    "name" : "Derived Summary Stage 2018",
    "naaccr_item" : 762,
    "default" : "9"
  } ],
  "mappings" : [ {
    "id" : "summary_stage_2018",
    "name" : "Summary Stage 2018",
    "initial_context" : [ {
      "key" : "ss2018_derived",
      "value" : "90"
    } ],
    "tables" : [ {
      "id" : "seer_primary_tumor_95193",
      "inputs" : [ "size_summary", "eod_primary_tumor" ],
      "outputs" : [ "eod_2018_t", "ss2018_t" ]
    }, {
      "id" : "eod_regional_nodes_11936",
      "inputs" : [ "nodes_pos", "eod_regional_nodes" ],
      "outputs" : [ "eod_2018_n", "ss2018_n" ]
    }, {
      "id" : "seer_mets_66514",
      "inputs" : [ "eod_mets" ],
      "outputs" : [ "eod_2018_m", "ss2018_m" ]
    }, {
      "id" : "summary_stage_rpa",
      "inputs" : [ "ss2018_m", "ss2018_n", "ss2018_t" ],
      "outputs" : [ "ss2018_derived" ]
    } ]
  }, {
    "id" : "ajcc_chapter_calculation",
    "name" : "AJCC Chapter Calculation",
    "tables" : [ {
      "id" : "ajcc_chapter_calculation_23065",
      "inputs" : [ "site", "hist" ],
      "outputs" : [ "ajcc_id" ]
    } ]
  }, {
    "id" : "eod_2018_stage_group",
    "name" : "EOD 2018 Stage Group",
    "inclusion_tables" : [ {
      "id" : "tnm8_inclusions_tae",
      "inputs" : [ "ajcc_id" ]
    } ],
    "initial_context" : [ {
      "key" : "eod_2018_stage_group",
      "value" : "90"
    } ],
    "tables" : [ {
      "id" : "parse_t_2177",
      "input_mapping" : [ {
        "from" : "eod_2018_t",
        "to" : "t"
      } ],
      "output_mapping" : [ {
        "from" : "root_t",
        "to" : "tmp_eod_t"
      } ],
      "inputs" : [ "eod_2018_t" ],
      "outputs" : [ "t_prefix", "tmp_eod_t" ]
    }, {
      "id" : "parse_n_67182",
      "input_mapping" : [ {
        "from" : "eod_2018_n",
        "to" : "n"
      } ],
      "output_mapping" : [ {
        "from" : "root_n",
        "to" : "tmp_eod_n"
      } ],
      "inputs" : [ "eod_2018_n" ],
      "outputs" : [ "n_prefix", "tmp_eod_n" ]
    }, {
      "id" : "parse_m_47057",
      "input_mapping" : [ {
        "from" : "eod_2018_m",
        "to" : "m"
      } ],
      "output_mapping" : [ {
        "from" : "root_m",
        "to" : "tmp_eod_m"
      } ],
      "inputs" : [ "eod_2018_m" ],
      "outputs" : [ "m_prefix", "tmp_eod_m" ]
    }, {
      "id" : "tnm8_path_stage_ups",
      "input_mapping" : [ {
        "from" : "tmp_eod_n",
        "to" : "n"
      }, {
        "from" : "tmp_eod_m",
        "to" : "m"
      }, {
        "from" : "tmp_eod_t",
        "to" : "t"
      } ],
      "output_mapping" : [ {
        "from" : "stage",
        "to" : "eod_2018_stage_group"
      } ],
      "inputs" : [ "tmp_eod_n", "tmp_eod_m", "tmp_eod_t" ],
      "outputs" : [ "eod_2018_stage_group" ]
    } ]
  }, {
    "id" : "eod_tnm_cleanup",
    "name" : "EOD TNM Cleanup",
    "exclusion_tables" : [ {
      "id" : "tnm8_inclusions_tae",
      "inputs" : [ "ajcc_id" ]
    } ],
    "tables" : [ {
      "id" : "eod_tnm_component_cleanup_58170",
      "inputs" : [ "ajcc_id" ],
      "outputs" : [ "eod_2018_n", "eod_2018_m", "eod_2018_t", "eod_2018_stage_group" ]
    } ]
  } ],
  "involved_tables" : [ "ss2018_pancreas_95507", "radiation_surg_seq", "grade_clinical_6485", "nodes_pos_fpa", "parse_t_2177", "parse_n_67182", "tnm8_path_stage_ups", "histology", "nodes_exam_76029", "seer_mets_66514", "rn_positive_with_regional_nodes_for_n_85525", "tumor_size_summary_63115", "schema_selection_pancreas_body_tail", "behavior", "tumor_size_pathological_25597", "systemic_surg_seq", "tumor_size_clinical_60979", "parse_m_47057", "seer_primary_tumor_95193", "primary_site", "ajcc_chapter_calculation_23065", "eod_tnm_component_cleanup_58170", "grade_pathological_84704", "grade_post_therapy_45742", "year_dx_validation", "eod_regional_nodes_11936", "summary_stage_rpa", "tnm8_inclusions_tae", "tumor_size_with_primary_tumor_for_ajcc_t_15190" ],
  "on_invalid_input" : "FAIL_WHEN_USED_FOR_STAGING",
  "last_modified" : "2018-03-12T16:41:47.254Z"
}