{
  "id" : "soft_tissue_other",
  "algorithm" : "eod_public",
  "version" : "1.0",
  "name" : "Soft Tissue Other",
  "title" : "Soft Tissue Other",
  "notes" : "C470 Peripheral nerves and autonomic nervous system of head, face and neck\nC471 Peripheral nerves and autonomic nervous system of upper limb and shoulder\nC472 Peripheral nerves and autonomic nervous system of lower limb and hip\nC473 Peripheral nerves and autonomic nervous system of thorax\nC474 Peripheral nerves and autonomic nervous system of abdomen\nC475 Peripheral nerves and autonomic nervous system of pelvis\nC476 Peripheral nerves and autonomic nervous system of trunk, NOS\nC478 Overlapping lesion of peripheral nerves and autonomic nervous system\nC479 Autonomic nervous system, NOS\nC480 Retroperitoneum\nC481 Specified parts of peritoneum (including omentum and mesentery)\nC482 Peritoneum, NOS\nC488 Overlapping lesion of retroperitoneum and peritoneum\nC490 Connective, subcutaneous and other soft tissues of head, face, and neck\nC491 Connective, subcutaneous and other soft tissues of upper limb and shoulder\nC492 Connective, subcutaneous and other soft tissues of lower limb and hip\nC493 Connective, subcutaneous and other soft tissues of thorax\nC494 Connective, subcutaneous and other soft tissues of abdomen\nC495 Connective, subcutaneous and other soft tissues of pelvis\nC496 Connective, subcutaneous and other soft tissues of trunk\nC498 Overlapping lesion of connective, subcutaneous and other soft tissues\nC499 Connective, subcutaneous and other soft tissues, NOS\n\n**Sarcomas Arising in These Areas**\nC00-C14 Lip, oral cavity, and pharynx\nC15-C26 Digestive organs\nC30-C33 Respiratory system\nC34-C37 Intrathoracic organs\nC38 Heart, Mediastinum and Pleura\nC39 Other and Ill-Defined Sites within Respiratory System and Intrathoracic Organs\nC42 Hematopoietic and Reticuloendoethelial Systems\nC44 Skin \nC50 Breast\nC51-C53, C56-C58 Female genital organs\nC60-C63 Male genital organs\nC64-C68 Urinary tract\nC690-C695, C699 Eye\nC70-C72 Brain and central nervous system\nC73-C75 Thyroid and other endocrine glands\nC76 Other and Ill-defined sites\nC77 Lymph Nodes\nC809 Unknown primary site\n\n**Note 1:** The following sources were used in the development of this schema\n* SEER Extent of Disease 1988: Codes and Coding Instructions (3rd Edition, 1998) (https://seer.cancer.gov/archive/manuals/EOD10Dig.3rd.pdf)\n* SEER Summary Staging Manual-2000: Codes and Coding Instructions (https://seer.cancer.gov/tools/ssm/)\n* Collaborative Stage Data Collection System, version 02.05:  https://cancerstaging.org/cstage/Pages/default.aspx \n* Chapter 45 *Soft Tissue Sarcoma – Unusual Histologies and Sites*, in the AJCC Cancer Staging Manual, Eighth Edition (2017) published by Springer International Publishing. Used with permission of the American College of Surgeons, Chicago, Illinois.\n\n**Note 2:** TNM is not defined for this schema.",
  "schema_selection_table" : "schema_selection_peritoneum",
  "schema_discriminators" : [ "discriminator_1", "sex" ],
  "inputs" : [ {
    "key" : "year_dx",
    "name" : "Year of Diagnosis",
    "naaccr_item" : 390,
    "table" : "year_dx_validation",
    "used_for_staging" : false
  }, {
    "key" : "site",
    "name" : "Primary Site",
    "naaccr_item" : 400,
    "table" : "primary_site",
    "used_for_staging" : true
  }, {
    "key" : "hist",
    "name" : "Histology",
    "naaccr_item" : 522,
    "table" : "histology",
    "used_for_staging" : true
  }, {
    "key" : "discriminator_1",
    "name" : "Schema Discriminator 1",
    "naaccr_item" : 3926,
    "table" : "occult_head_and_neck_lymph_nodes_10277",
    "used_for_staging" : true,
    "metadata" : [ "COC_REQUIRED", "NPCR_REQUIRED", "SSDI", "CCCR_REQUIRED", "SEER_REQUIRED" ]
  }, {
    "key" : "sex",
    "name" : "Sex",
    "naaccr_item" : 220,
    "table" : "sex_19563",
    "used_for_staging" : true
  }, {
    "key" : "size_clin",
    "name" : "Tumor Size Clinical",
    "naaccr_item" : 752,
    "table" : "tumor_size_clinical_60979",
    "used_for_staging" : false
  }, {
    "key" : "size_path",
    "name" : "Tumor Size Pathological",
    "naaccr_item" : 754,
    "table" : "tumor_size_pathological_25597",
    "used_for_staging" : false
  }, {
    "key" : "size_summary",
    "name" : "Tumor Size Summary",
    "naaccr_item" : 756,
    "default" : "999",
    "table" : "tumor_size_summary_63115",
    "used_for_staging" : false
  }, {
    "key" : "nodes_pos",
    "name" : "Regional Nodes Positive",
    "naaccr_item" : 820,
    "default" : "99",
    "table" : "nodes_pos_fpa",
    "used_for_staging" : false
  }, {
    "key" : "nodes_exam",
    "name" : "Regional Nodes Examined",
    "naaccr_item" : 830,
    "default" : "99",
    "table" : "nodes_exam_76029",
    "used_for_staging" : false
  }, {
    "key" : "eod_primary_tumor",
    "name" : "EOD Primary Tumor",
    "naaccr_item" : 772,
    "default" : "999",
    "table" : "extension_bbr",
    "used_for_staging" : true
  }, {
    "key" : "eod_regional_nodes",
    "name" : "EOD Regional Nodes",
    "naaccr_item" : 774,
    "default" : "999",
    "table" : "nodes_dbi",
    "used_for_staging" : true
  }, {
    "key" : "eod_mets",
    "name" : "EOD Mets",
    "naaccr_item" : 776,
    "default" : "00",
    "table" : "eod_mets_20229",
    "used_for_staging" : true
  }, {
    "key" : "ss2018",
    "name" : "SS2018",
    "naaccr_item" : 764,
    "table" : "ss2018_soft_tissue_31311",
    "used_for_staging" : false
  }, {
    "key" : "grade_clin",
    "name" : "Grade Clinical",
    "naaccr_item" : 3843,
    "default" : "9",
    "table" : "grade_clinical_41135",
    "used_for_staging" : false,
    "metadata" : [ "COC_REQUIRED", "NPCR_REQUIRED", "SSDI", "CCCR_REQUIRED", "SEER_REQUIRED" ]
  }, {
    "key" : "grade_path",
    "name" : "Grade Pathological",
    "naaccr_item" : 3844,
    "default" : "9",
    "table" : "grade_pathological_40399",
    "used_for_staging" : false,
    "metadata" : [ "COC_REQUIRED", "NPCR_REQUIRED", "SSDI", "CCCR_REQUIRED", "SEER_REQUIRED" ]
  }, {
    "key" : "grade_post_therapy",
    "name" : "Grade Post Therapy",
    "naaccr_item" : 3845,
    "table" : "grade_post_therapy_88136",
    "used_for_staging" : false,
    "metadata" : [ "COC_REQUIRED", "NPCR_REQUIRED", "SSDI", "CCCR_REQUIRED", "SEER_REQUIRED" ]
  }, {
    "key" : "bone_invasion",
    "name" : "Bone Invasion",
    "naaccr_item" : 3815,
    "default" : "8",
    "table" : "bone_invasion_96628",
    "used_for_staging" : false,
    "metadata" : [ "COC_REQUIRED", "SSDI", "SEER_REQUIRED" ]
  } ],
  "outputs" : [ {
    "key" : "naaccr_schema_id",
    "name" : "Schema ID",
    "naaccr_item" : 3800,
    "default" : "00450"
  }, {
    "key" : "ajcc_id",
    "name" : "AJCC ID",
    "naaccr_item" : 995,
    "default" : "XX"
  }, {
    "key" : "derived_version",
    "name" : "Derived Version",
    "default" : "{{ctx_alg_version}}"
  }, {
    "key" : "eod_2018_t",
    "name" : "Derived EOD 2018 T",
    "naaccr_item" : 785,
    "default" : "88"
  }, {
    "key" : "eod_2018_n",
    "name" : "Derived EOD 2018 N",
    "naaccr_item" : 815,
    "default" : "88"
  }, {
    "key" : "eod_2018_m",
    "name" : "Derived EOD 2018 M",
    "naaccr_item" : 795,
    "default" : "88"
  }, {
    "key" : "eod_2018_stage_group",
    "name" : "Derived EOD 2018 Stage Group",
    "naaccr_item" : 818,
    "default" : "88"
  }, {
    "key" : "ss2018_derived",
    "name" : "Derived Summary Stage 2018",
    "naaccr_item" : 762,
    "default" : "9"
  } ],
  "mappings" : [ {
    "id" : "summary_stage_2018",
    "name" : "Summary Stage 2018",
    "initial_context" : [ {
      "key" : "ss2018_derived",
      "value" : "90"
    } ],
    "tables" : [ {
      "id" : "extension_bbr",
      "inputs" : [ "eod_primary_tumor" ],
      "outputs" : [ "eod_2018_t", "ss2018_t" ]
    }, {
      "id" : "nodes_dbi",
      "inputs" : [ "eod_regional_nodes" ],
      "outputs" : [ "eod_2018_n", "ss2018_n" ]
    }, {
      "id" : "eod_mets_20229",
      "inputs" : [ "eod_mets" ],
      "outputs" : [ "eod_2018_m", "ss2018_m" ]
    }, {
      "id" : "summary_stage_rpa",
      "inputs" : [ "ss2018_m", "ss2018_n", "ss2018_t" ],
      "outputs" : [ "ss2018_derived" ]
    } ]
  }, {
    "id" : "ajcc_chapter_calculation",
    "name" : "AJCC Chapter Calculation",
    "tables" : [ {
      "id" : "ajcc_chapter_calculation_14693",
      "inputs" : [ "site", "hist" ],
      "outputs" : [ "ajcc_id" ]
    } ]
  } ],
  "involved_tables" : [ "extension_bbr", "occult_head_and_neck_lymph_nodes_10277", "schema_selection_peritoneum", "grade_pathological_40399", "nodes_dbi", "nodes_pos_fpa", "tumor_size_pathological_25597", "tumor_size_clinical_60979", "grade_clinical_41135", "primary_site", "histology", "nodes_exam_76029", "bone_invasion_96628", "eod_mets_20229", "year_dx_validation", "sex_19563", "summary_stage_rpa", "ajcc_chapter_calculation_14693", "tumor_size_summary_63115", "ss2018_soft_tissue_31311", "grade_post_therapy_88136" ],
  "on_invalid_input" : "FAIL_WHEN_USED_FOR_STAGING",
  "last_modified" : "2018-03-12T16:41:34.366Z"
}