{
  "id" : "testis",
  "algorithm" : "eod_public",
  "version" : "1.0",
  "name" : "Testis",
  "title" : "Testis",
  "notes" : "C620 Undescended testis\nC621 Descended testis\nC629 Testis, NOS\n\n**Note 1:** The following sources were used in the development of this schema\n* SEER Extent of Disease 1988: Codes and Coding Instructions (3rd Edition, 1998) (https://seer.cancer.gov/archive/manuals/EOD10Dig.3rd.pdf)\n* SEER Summary Staging Manual-2000: Codes and Coding Instructions (https://seer.cancer.gov/tools/ssm/)\n* Collaborative Stage Data Collection System, version 02.05:  https://cancerstaging.org/cstage/Pages/default.aspx \n* Chapter 59 *Testis*, in the AJCC Cancer Staging Manual, Eighth Edition (2017) published by Springer International Publishing. Used with permission of the American College of Surgeons, Chicago, Illinois.\n\n**Note 2:** In addition to coding EOD Primary Tumor, EOD Regional Nodes and EOD Mets, the following data items are also needed to assign a stage group for Testis.\n* S Category Clinical\n* S Category Pathological",
  "schema_selection_table" : "schema_selection_testis",
  "inputs" : [ {
    "key" : "year_dx",
    "name" : "Year of Diagnosis",
    "naaccr_item" : 390,
    "table" : "year_dx_validation",
    "used_for_staging" : false
  }, {
    "key" : "site",
    "name" : "Primary Site",
    "naaccr_item" : 400,
    "table" : "primary_site",
    "used_for_staging" : true
  }, {
    "key" : "hist",
    "name" : "Histology",
    "naaccr_item" : 522,
    "table" : "histology",
    "used_for_staging" : true
  }, {
    "key" : "behavior",
    "name" : "Behavior",
    "naaccr_item" : 523,
    "table" : "behavior",
    "used_for_staging" : false
  }, {
    "key" : "size_clin",
    "name" : "Tumor Size Clinical",
    "naaccr_item" : 752,
    "table" : "tumor_size_clinical_60979",
    "used_for_staging" : false
  }, {
    "key" : "size_path",
    "name" : "Tumor Size Pathological",
    "naaccr_item" : 754,
    "table" : "tumor_size_pathological_25597",
    "used_for_staging" : false
  }, {
    "key" : "size_summary",
    "name" : "Tumor Size Summary",
    "naaccr_item" : 756,
    "default" : "999",
    "table" : "tumor_size_summary_63115",
    "used_for_staging" : false
  }, {
    "key" : "nodes_pos",
    "name" : "Regional Nodes Positive",
    "naaccr_item" : 820,
    "default" : "99",
    "table" : "nodes_pos_fpa",
    "used_for_staging" : true
  }, {
    "key" : "nodes_exam",
    "name" : "Regional Nodes Examined",
    "naaccr_item" : 830,
    "default" : "99",
    "table" : "nodes_exam_76029",
    "used_for_staging" : false
  }, {
    "key" : "radiation_surg_seq",
    "name" : "RX Summ Surgery/Radiation Sequence",
    "naaccr_item" : 1380,
    "table" : "radiation_surg_seq",
    "used_for_staging" : false
  }, {
    "key" : "systemic_surg_seq",
    "name" : "RX Summ Systemic/Surgery Sequence",
    "naaccr_item" : 1639,
    "table" : "systemic_surg_seq",
    "used_for_staging" : false
  }, {
    "key" : "eod_primary_tumor",
    "name" : "EOD Primary Tumor",
    "naaccr_item" : 772,
    "default" : "999",
    "table" : "extension_bdh",
    "used_for_staging" : true
  }, {
    "key" : "eod_regional_nodes",
    "name" : "EOD Regional Nodes",
    "naaccr_item" : 774,
    "default" : "999",
    "table" : "nodes_ddf",
    "used_for_staging" : true
  }, {
    "key" : "eod_mets",
    "name" : "EOD Mets",
    "naaccr_item" : 776,
    "default" : "00",
    "table" : "mets_hbb",
    "used_for_staging" : true
  }, {
    "key" : "ss2018",
    "name" : "SS2018",
    "naaccr_item" : 764,
    "table" : "ss2018_testis_82848",
    "used_for_staging" : false
  }, {
    "key" : "grade_clin",
    "name" : "Grade Clinical",
    "naaccr_item" : 3843,
    "default" : "9",
    "table" : "grade_clinical_standard_94331",
    "used_for_staging" : false,
    "metadata" : [ "COC_REQUIRED", "NPCR_REQUIRED", "SSDI", "CCCR_REQUIRED", "SEER_REQUIRED" ]
  }, {
    "key" : "grade_path",
    "name" : "Grade Pathological",
    "naaccr_item" : 3844,
    "default" : "9",
    "table" : "grade_pathological_standard_94268",
    "used_for_staging" : false,
    "metadata" : [ "COC_REQUIRED", "NPCR_REQUIRED", "SSDI", "CCCR_REQUIRED", "SEER_REQUIRED" ]
  }, {
    "key" : "grade_post_therapy",
    "name" : "Grade Post Therapy",
    "naaccr_item" : 3845,
    "table" : "grade_post_therapy_standard_88293",
    "used_for_staging" : false,
    "metadata" : [ "COC_REQUIRED", "NPCR_REQUIRED", "SSDI", "CCCR_REQUIRED", "SEER_REQUIRED" ]
  }, {
    "key" : "s_category_clin",
    "name" : "S Category Clinical",
    "naaccr_item" : 3923,
    "default" : "9",
    "table" : "s_category_clinical_19191",
    "used_for_staging" : true,
    "metadata" : [ "COC_REQUIRED", "SSDI", "CCCR_REQUIRED", "SEER_REQUIRED" ]
  }, {
    "key" : "s_category_path",
    "name" : "S Category Pathological",
    "naaccr_item" : 3924,
    "default" : "9",
    "table" : "s_category_pathologic_34448",
    "used_for_staging" : true,
    "metadata" : [ "COC_REQUIRED", "SSDI", "CCCR_REQUIRED", "SEER_REQUIRED" ]
  }, {
    "key" : "afp_pre_orch_lab_value",
    "name" : "AFP Pre-Orchiectomy Lab Value",
    "naaccr_item" : 3807,
    "default" : "XXXXX.8",
    "table" : "afp_pre_orchiectomy_lab_value_94162",
    "used_for_staging" : false,
    "metadata" : [ "COC_REQUIRED", "SSDI", "SEER_REQUIRED" ]
  }, {
    "key" : "afp_pre_orch_range",
    "name" : "AFP Pre-Orchiectomy Range",
    "naaccr_item" : 3808,
    "default" : "8",
    "table" : "afp_pre_orchiectomy_range_11386",
    "used_for_staging" : false,
    "metadata" : [ "NPCR_REQUIRED", "COC_REQUIRED", "SSDI", "SEER_REQUIRED" ]
  }, {
    "key" : "hcg_pre_orch_lab_value",
    "name" : "hCG Pre-Orchiectomy Lab Value",
    "naaccr_item" : 3848,
    "default" : "XXXXX.8",
    "table" : "hcg_pre_orchiectomy_lab_value_55584",
    "used_for_staging" : false,
    "metadata" : [ "COC_REQUIRED", "SSDI", "SEER_REQUIRED" ]
  }, {
    "key" : "hcg_pre_orch_range",
    "name" : "hCG Pre-Orchiectomy Range",
    "naaccr_item" : 3849,
    "default" : "8",
    "table" : "hcg_pre_orchiectomy_range_67679",
    "used_for_staging" : false,
    "metadata" : [ "NPCR_REQUIRED", "COC_REQUIRED", "SSDI", "SEER_REQUIRED" ]
  }, {
    "key" : "ldh_pre_orch_range",
    "name" : "LDH Pre-Orchiectomy Range",
    "naaccr_item" : 3868,
    "default" : "8",
    "table" : "ldh_pre_orchiectomy_range_42762",
    "used_for_staging" : false,
    "metadata" : [ "NPCR_REQUIRED", "COC_REQUIRED", "SSDI", "SEER_REQUIRED" ]
  }, {
    "key" : "afp_post_orch_lab_value",
    "name" : "AFP Post-Orchiectomy Lab Value",
    "naaccr_item" : 3805,
    "default" : "XXXXX.8",
    "table" : "afp_post_orchiectomy_lab_value_90733",
    "used_for_staging" : false,
    "metadata" : [ "COC_REQUIRED", "SSDI", "SEER_REQUIRED" ]
  }, {
    "key" : "afp_post_orch_range",
    "name" : "AFP Post-Orchiectomy Range",
    "naaccr_item" : 3806,
    "default" : "8",
    "table" : "afp_post_orchiectomy_range_84758",
    "used_for_staging" : false,
    "metadata" : [ "NPCR_REQUIRED", "COC_REQUIRED", "SSDI", "SEER_REQUIRED" ]
  }, {
    "key" : "hcg_post_orch_lab_value",
    "name" : "hCG Post-Orchiectomy Lab Value",
    "naaccr_item" : 3846,
    "default" : "XXXXX.8",
    "table" : "hcg_post_orchiectomy_lab_value_13834",
    "used_for_staging" : false,
    "metadata" : [ "COC_REQUIRED", "SSDI", "SEER_REQUIRED" ]
  }, {
    "key" : "hcg_post_orch_range",
    "name" : "hCG Post-Orchiectomy Range",
    "naaccr_item" : 3847,
    "default" : "8",
    "table" : "hcg_post_orchiectomy_range_92334",
    "used_for_staging" : false,
    "metadata" : [ "NPCR_REQUIRED", "COC_REQUIRED", "SSDI", "SEER_REQUIRED" ]
  }, {
    "key" : "ldh_post_orch_range",
    "name" : "LDH Post-Orchiectomy Range",
    "naaccr_item" : 3867,
    "default" : "8",
    "table" : "ldh_post_orchiectomy_range_38574",
    "used_for_staging" : false,
    "metadata" : [ "NPCR_REQUIRED", "COC_REQUIRED", "SSDI", "SEER_REQUIRED" ]
  } ],
  "outputs" : [ {
    "key" : "naaccr_schema_id",
    "name" : "Schema ID",
    "naaccr_item" : 3800,
    "default" : "00590"
  }, {
    "key" : "ajcc_id",
    "name" : "AJCC ID",
    "naaccr_item" : 995,
    "default" : "XX"
  }, {
    "key" : "derived_version",
    "name" : "Derived Version",
    "default" : "{{ctx_alg_version}}"
  }, {
    "key" : "eod_2018_t",
    "name" : "Derived EOD 2018 T",
    "naaccr_item" : 785,
    "default" : "88"
  }, {
    "key" : "eod_2018_n",
    "name" : "Derived EOD 2018 N",
    "naaccr_item" : 815,
    "default" : "88"
  }, {
    "key" : "eod_2018_m",
    "name" : "Derived EOD 2018 M",
    "naaccr_item" : 795,
    "default" : "88"
  }, {
    "key" : "eod_2018_stage_group",
    "name" : "Derived EOD 2018 Stage Group",
    "naaccr_item" : 818,
    "default" : "88"
  }, {
    "key" : "ss2018_derived",
    "name" : "Derived Summary Stage 2018",
    "naaccr_item" : 762,
    "default" : "9"
  } ],
  "mappings" : [ {
    "id" : "summary_stage_2018",
    "name" : "Summary Stage 2018",
    "initial_context" : [ {
      "key" : "ss2018_derived",
      "value" : "90"
    } ],
    "tables" : [ {
      "id" : "extension_bdh",
      "inputs" : [ "eod_primary_tumor" ],
      "outputs" : [ "eod_2018_t", "ss2018_t" ]
    }, {
      "id" : "nodes_ddf",
      "inputs" : [ "nodes_pos", "eod_regional_nodes" ],
      "outputs" : [ "eod_2018_n", "ss2018_n" ]
    }, {
      "id" : "mets_hbb",
      "inputs" : [ "eod_mets" ],
      "outputs" : [ "eod_2018_m", "ss2018_m" ]
    }, {
      "id" : "summary_stage_rpa",
      "inputs" : [ "ss2018_m", "ss2018_n", "ss2018_t" ],
      "outputs" : [ "ss2018_derived" ]
    } ]
  }, {
    "id" : "ajcc_chapter_calculation",
    "name" : "AJCC Chapter Calculation",
    "tables" : [ {
      "id" : "ajcc_chapter_calculation_23295",
      "inputs" : [ "hist" ],
      "outputs" : [ "ajcc_id" ]
    } ]
  }, {
    "id" : "eod_2018_stage_group",
    "name" : "EOD 2018 Stage Group",
    "inclusion_tables" : [ {
      "id" : "tnm8_inclusions_tpj",
      "inputs" : [ "ajcc_id" ]
    } ],
    "initial_context" : [ {
      "key" : "eod_2018_stage_group",
      "value" : "90"
    } ],
    "tables" : [ {
      "id" : "parse_t_2177",
      "input_mapping" : [ {
        "from" : "eod_2018_t",
        "to" : "t"
      } ],
      "output_mapping" : [ {
        "from" : "root_t",
        "to" : "tmp_eod_t"
      } ],
      "inputs" : [ "eod_2018_t" ],
      "outputs" : [ "t_prefix", "tmp_eod_t" ]
    }, {
      "id" : "parse_n_67182",
      "input_mapping" : [ {
        "from" : "eod_2018_n",
        "to" : "n"
      } ],
      "output_mapping" : [ {
        "from" : "root_n",
        "to" : "tmp_eod_n"
      } ],
      "inputs" : [ "eod_2018_n" ],
      "outputs" : [ "n_prefix", "tmp_eod_n" ]
    }, {
      "id" : "parse_m_47057",
      "input_mapping" : [ {
        "from" : "eod_2018_m",
        "to" : "m"
      } ],
      "output_mapping" : [ {
        "from" : "root_m",
        "to" : "tmp_eod_m"
      } ],
      "inputs" : [ "eod_2018_m" ],
      "outputs" : [ "m_prefix", "tmp_eod_m" ]
    }, {
      "id" : "combined_s_category_34866",
      "inputs" : [ "s_category_path", "s_category_clin" ],
      "outputs" : [ "s_category_combined" ]
    }, {
      "id" : "tnm8_path_stage_uqd",
      "input_mapping" : [ {
        "from" : "tmp_eod_n",
        "to" : "n"
      }, {
        "from" : "tmp_eod_m",
        "to" : "m"
      }, {
        "from" : "tmp_eod_t",
        "to" : "t"
      }, {
        "from" : "s_category_combined",
        "to" : "s_category"
      } ],
      "output_mapping" : [ {
        "from" : "stage",
        "to" : "eod_2018_stage_group"
      } ],
      "inputs" : [ "s_category_combined", "tmp_eod_n", "tmp_eod_m", "tmp_eod_t" ],
      "outputs" : [ "eod_2018_stage_group" ]
    } ]
  }, {
    "id" : "eod_tnm_cleanup",
    "name" : "EOD TNM Cleanup",
    "exclusion_tables" : [ {
      "id" : "tnm8_inclusions_tpj",
      "inputs" : [ "ajcc_id" ]
    } ],
    "tables" : [ {
      "id" : "eod_tnm_component_cleanup_58170",
      "inputs" : [ "ajcc_id" ],
      "outputs" : [ "eod_2018_n", "eod_2018_m", "eod_2018_t", "eod_2018_stage_group" ]
    } ]
  } ],
  "involved_tables" : [ "radiation_surg_seq", "nodes_pos_fpa", "parse_t_2177", "nodes_ddf", "ajcc_chapter_calculation_23295", "parse_n_67182", "tnm8_inclusions_tpj", "histology", "ldh_pre_orchiectomy_range_42762", "nodes_exam_76029", "extension_bdh", "hcg_post_orchiectomy_range_92334", "schema_selection_testis", "rn_positive_with_regional_nodes_for_n_84896", "tumor_size_summary_63115", "behavior", "s_category_pathologic_34448", "grade_post_therapy_standard_88293", "grade_clinical_standard_94331", "tnm8_path_stage_uqd", "ldh_post_orchiectomy_range_38574", "combined_s_category_34866", "mets_hbb", "hcg_pre_orchiectomy_lab_value_55584", "afp_pre_orchiectomy_lab_value_94162", "tumor_size_pathological_25597", "tumor_size_clinical_60979", "systemic_surg_seq", "afp_pre_orchiectomy_range_11386", "parse_m_47057", "s_category_clinical_19191", "primary_site", "eod_tnm_component_cleanup_58170", "hcg_post_orchiectomy_lab_value_13834", "hcg_pre_orchiectomy_range_67679", "afp_post_orchiectomy_range_84758", "grade_pathological_standard_94268", "afp_post_orchiectomy_lab_value_90733", "year_dx_validation", "summary_stage_rpa", "ss2018_testis_82848" ],
  "on_invalid_input" : "FAIL_WHEN_USED_FOR_STAGING",
  "last_modified" : "2018-03-12T16:42:04.849Z"
}